record_id,date,book_id,book_title,category,lag_1_borrowed,lag_2_borrowed,rolling_3_avg_borrowed,month_index,exam_period,holiday_indicator,semester_encoded,available_copies,reservation_count,renewal_count,publication_year,cat_Business Management,cat_Chemistry,cat_Civil,cat_Computer Science,cat_Data Science,cat_Electronics,cat_English Literature,cat_Mathematics,cat_Mechanical,cat_Physics,target_next_month_demand
241,2022-03-01,BK0001,Introduction to Computer Science,Computer Science,9.0,1.0,6.333333333333333,2,0,0,1,67,0,1,2016,False,False,False,True,False,False,False,False,False,False,13.0
361,2022-04-01,BK0001,Introduction to Computer Science,Computer Science,9.0,9.0,10.333333333333334,3,1,0,1,67,0,2,2016,False,False,False,True,False,False,False,False,False,False,19.0
481,2022-05-01,BK0001,Introduction to Computer Science,Computer Science,13.0,9.0,13.666666666666666,4,1,0,1,67,0,2,2016,False,False,False,True,False,False,False,False,False,False,1.0
601,2022-06-01,BK0001,Introduction to Computer Science,Computer Science,19.0,13.0,11.0,5,0,1,1,67,0,0,2016,False,False,False,True,False,False,False,False,False,False,9.0
721,2022-07-01,BK0001,Introduction to Computer Science,Computer Science,1.0,19.0,9.666666666666666,6,0,0,0,67,0,2,2016,False,False,False,True,False,False,False,False,False,False,10.0
841,2022-08-01,BK0001,Introduction to Computer Science,Computer Science,9.0,1.0,6.666666666666667,7,0,0,0,67,1,1,2016,False,False,False,True,False,False,False,False,False,False,8.0
961,2022-09-01,BK0001,Introduction to Computer Science,Computer Science,10.0,9.0,9.0,8,0,0,0,67,0,1,2016,False,False,False,True,False,False,False,False,False,False,22.0
1081,2022-10-01,BK0001,Introduction to Computer Science,Computer Science,8.0,10.0,13.333333333333334,9,1,0,0,67,0,1,2016,False,False,False,True,False,False,False,False,False,False,24.0
1201,2022-11-01,BK0001,Introduction to Computer Science,Computer Science,22.0,8.0,18.0,10,1,0,0,67,1,7,2016,False,False,False,True,False,False,False,False,False,False,4.0
1321,2022-12-01,BK0001,Introduction to Computer Science,Computer Science,24.0,22.0,16.666666666666668,11,0,1,0,67,0,0,2016,False,False,False,True,False,False,False,False,False,False,15.0
1441,2023-01-01,BK0001,Introduction to Computer Science,Computer Science,4.0,24.0,14.333333333333334,12,0,0,1,67,0,2,2016,False,False,False,True,False,False,False,False,False,False,16.0
1561,2023-02-01,BK0001,Introduction to Computer Science,Computer Science,15.0,4.0,11.666666666666666,13,0,0,1,67,0,1,2016,False,False,False,True,False,False,False,False,False,False,11.0
1681,2023-03-01,BK0001,Introduction to Computer Science,Computer Science,16.0,15.0,14.0,14,0,0,1,67,0,1,2016,False,False,False,True,False,False,False,False,False,False,12.0
1801,2023-04-01,BK0001,Introduction to Computer Science,Computer Science,11.0,16.0,13.0,15,1,0,1,67,1,2,2016,False,False,False,True,False,False,False,False,False,False,20.0
1921,2023-05-01,BK0001,Introduction to Computer Science,Computer Science,12.0,11.0,14.333333333333334,16,1,0,1,67,0,2,2016,False,False,False,True,False,False,False,False,False,False,5.0
2041,2023-06-01,BK0001,Introduction to Computer Science,Computer Science,20.0,12.0,12.333333333333334,17,0,1,1,67,0,3,2016,False,False,False,True,False,False,False,False,False,False,8.0
2161,2023-07-01,BK0001,Introduction to Computer Science,Computer Science,5.0,20.0,11.0,18,0,0,0,67,1,1,2016,False,False,False,True,False,False,False,False,False,False,13.0
2281,2023-08-01,BK0001,Introduction to Computer Science,Computer Science,8.0,5.0,8.666666666666666,19,0,0,0,67,0,2,2016,False,False,False,True,False,False,False,False,False,False,12.0
2401,2023-09-01,BK0001,Introduction to Computer Science,Computer Science,13.0,8.0,11.0,20,0,0,0,67,0,1,2016,False,False,False,True,False,False,False,False,False,False,18.0
2521,2023-10-01,BK0001,Introduction to Computer Science,Computer Science,12.0,13.0,14.333333333333334,21,1,0,0,67,0,2,2016,False,False,False,True,False,False,False,False,False,False,27.0
2641,2023-11-01,BK0001,Introduction to Computer Science,Computer Science,18.0,12.0,19.0,22,1,0,0,67,1,3,2016,False,False,False,True,False,False,False,False,False,False,6.0
2761,2023-12-01,BK0001,Introduction to Computer Science,Computer Science,27.0,18.0,17.0,23,0,1,0,67,0,1,2016,False,False,False,True,False,False,False,False,False,False,15.0
2881,2024-01-01,BK0001,Introduction to Computer Science,Computer Science,6.0,27.0,16.0,24,0,0,1,67,0,0,2016,False,False,False,True,False,False,False,False,False,False,14.0
3001,2024-02-01,BK0001,Introduction to Computer Science,Computer Science,15.0,6.0,11.666666666666666,25,0,0,1,67,0,1,2016,False,False,False,True,False,False,False,False,False,False,10.0
3121,2024-03-01,BK0001,Introduction to Computer Science,Computer Science,14.0,15.0,13.0,26,0,0,1,67,0,1,2016,False,False,False,True,False,False,False,False,False,False,28.0
3241,2024-04-01,BK0001,Introduction to Computer Science,Computer Science,10.0,14.0,17.333333333333332,27,1,0,1,67,0,3,2016,False,False,False,True,False,False,False,False,False,False,15.0
3361,2024-05-01,BK0001,Introduction to Computer Science,Computer Science,28.0,10.0,17.666666666666668,28,1,0,1,67,0,0,2016,False,False,False,True,False,False,False,False,False,False,8.0
242,2022-03-01,BK0002,Fundamentals of Computer Science,Computer Science,15.0,20.0,18.0,2,0,0,1,58,0,5,2016,False,False,False,True,False,False,False,False,False,False,37.0
362,2022-04-01,BK0002,Fundamentals of Computer Science,Computer Science,19.0,15.0,23.666666666666668,3,1,0,1,58,0,7,2016,False,False,False,True,False,False,False,False,False,False,30.0
482,2022-05-01,BK0002,Fundamentals of Computer Science,Computer Science,37.0,19.0,28.666666666666668,4,1,0,1,58,0,4,2016,False,False,False,True,False,False,False,False,False,False,5.0
602,2022-06-01,BK0002,Fundamentals of Computer Science,Computer Science,30.0,37.0,24.0,5,0,1,1,58,1,0,2016,False,False,False,True,False,False,False,False,False,False,20.0
722,2022-07-01,BK0002,Fundamentals of Computer Science,Computer Science,5.0,30.0,18.333333333333332,6,0,0,0,58,0,4,2016,False,False,False,True,False,False,False,False,False,False,15.0
842,2022-08-01,BK0002,Fundamentals of Computer Science,Computer Science,20.0,5.0,13.333333333333334,7,0,0,0,58,0,1,2016,False,False,False,True,False,False,False,False,False,False,18.0
962,2022-09-01,BK0002,Fundamentals of Computer Science,Computer Science,15.0,20.0,17.666666666666668,8,0,0,0,58,0,3,2016,False,False,False,True,False,False,False,False,False,False,35.0
1082,2022-10-01,BK0002,Fundamentals of Computer Science,Computer Science,18.0,15.0,22.666666666666668,9,1,0,0,58,0,5,2016,False,False,False,True,False,False,False,False,False,False,39.0
1202,2022-11-01,BK0002,Fundamentals of Computer Science,Computer Science,35.0,18.0,30.666666666666668,10,1,0,0,58,0,4,2016,False,False,False,True,False,False,False,False,False,False,14.0
1322,2022-12-01,BK0002,Fundamentals of Computer Science,Computer Science,39.0,35.0,29.333333333333332,11,0,1,0,58,0,2,2016,False,False,False,True,False,False,False,False,False,False,18.0
1442,2023-01-01,BK0002,Fundamentals of Computer Science,Computer Science,14.0,39.0,23.666666666666668,12,0,0,1,58,0,2,2016,False,False,False,True,False,False,False,False,False,False,25.0
1562,2023-02-01,BK0002,Fundamentals of Computer Science,Computer Science,18.0,14.0,19.0,13,0,0,1,58,0,4,2016,False,False,False,True,False,False,False,False,False,False,19.0
1682,2023-03-01,BK0002,Fundamentals of Computer Science,Computer Science,25.0,18.0,20.666666666666668,14,0,0,1,58,0,4,2016,False,False,False,True,False,False,False,False,False,False,43.0
1802,2023-04-01,BK0002,Fundamentals of Computer Science,Computer Science,19.0,25.0,29.0,15,1,0,1,58,0,6,2016,False,False,False,True,False,False,False,False,False,False,36.0
1922,2023-05-01,BK0002,Fundamentals of Computer Science,Computer Science,43.0,19.0,32.666666666666664,16,1,0,1,58,0,5,2016,False,False,False,True,False,False,False,False,False,False,11.0
2042,2023-06-01,BK0002,Fundamentals of Computer Science,Computer Science,36.0,43.0,30.0,17,0,1,1,58,0,0,2016,False,False,False,True,False,False,False,False,False,False,24.0
2162,2023-07-01,BK0002,Fundamentals of Computer Science,Computer Science,11.0,36.0,23.666666666666668,18,0,0,0,58,0,3,2016,False,False,False,True,False,False,False,False,False,False,26.0
2282,2023-08-01,BK0002,Fundamentals of Computer Science,Computer Science,24.0,11.0,20.333333333333332,19,0,0,0,58,0,9,2016,False,False,False,True,False,False,False,False,False,False,27.0
2402,2023-09-01,BK0002,Fundamentals of Computer Science,Computer Science,26.0,24.0,25.666666666666668,20,0,0,0,58,0,1,2016,False,False,False,True,False,False,False,False,False,False,45.0
2522,2023-10-01,BK0002,Fundamentals of Computer Science,Computer Science,27.0,26.0,32.666666666666664,21,1,0,0,58,0,5,2016,False,False,False,True,False,False,False,False,False,False,38.0
2642,2023-11-01,BK0002,Fundamentals of Computer Science,Computer Science,45.0,27.0,36.666666666666664,22,1,0,0,58,0,4,2016,False,False,False,True,False,False,False,False,False,False,10.0
2762,2023-12-01,BK0002,Fundamentals of Computer Science,Computer Science,38.0,45.0,31.0,23,0,1,0,58,0,0,2016,False,False,False,True,False,False,False,False,False,False,27.0
2882,2024-01-01,BK0002,Fundamentals of Computer Science,Computer Science,10.0,38.0,25.0,24,0,0,1,58,0,8,2016,False,False,False,True,False,False,False,False,False,False,28.0
3002,2024-02-01,BK0002,Fundamentals of Computer Science,Computer Science,27.0,10.0,21.666666666666668,25,0,0,1,58,0,7,2016,False,False,False,True,False,False,False,False,False,False,21.0
3122,2024-03-01,BK0002,Fundamentals of Computer Science,Computer Science,28.0,27.0,25.333333333333332,26,0,0,1,58,0,5,2016,False,False,False,True,False,False,False,False,False,False,63.0
3242,2024-04-01,BK0002,Fundamentals of Computer Science,Computer Science,21.0,28.0,37.333333333333336,27,1,0,1,58,3,9,2016,False,False,False,True,False,False,False,False,False,False,46.0
3362,2024-05-01,BK0002,Fundamentals of Computer Science,Computer Science,63.0,21.0,43.333333333333336,28,1,0,1,58,1,7,2016,False,False,False,True,False,False,False,False,False,False,10.0
243,2022-03-01,BK0003,Computer Science: A Practical Approach,Computer Science,1.0,2.0,2.3333333333333335,2,0,0,1,69,0,0,2006,False,False,False,True,False,False,False,False,False,False,3.0
363,2022-04-01,BK0003,Computer Science: A Practical Approach,Computer Science,4.0,1.0,2.6666666666666665,3,1,0,1,69,2,0,2006,False,False,False,True,False,False,False,False,False,False,2.0
483,2022-05-01,BK0003,Computer Science: A Practical Approach,Computer Science,3.0,4.0,3.0,4,1,0,1,69,0,0,2006,False,False,False,True,False,False,False,False,False,False,0.0
603,2022-06-01,BK0003,Computer Science: A Practical Approach,Computer Science,2.0,3.0,1.6666666666666667,5,0,1,1,69,0,0,2006,False,False,False,True,False,False,False,False,False,False,2.0
723,2022-07-01,BK0003,Computer Science: A Practical Approach,Computer Science,0.0,2.0,1.3333333333333333,6,0,0,0,69,0,2,2006,False,False,False,True,False,False,False,False,False,False,1.0
843,2022-08-01,BK0003,Computer Science: A Practical Approach,Computer Science,2.0,0.0,1.0,7,0,0,0,69,0,0,2006,False,False,False,True,False,False,False,False,False,False,1.0
963,2022-09-01,BK0003,Computer Science: A Practical Approach,Computer Science,1.0,2.0,1.3333333333333333,8,0,0,0,69,0,0,2006,False,False,False,True,False,False,False,False,False,False,5.0
1083,2022-10-01,BK0003,Computer Science: A Practical Approach,Computer Science,1.0,1.0,2.3333333333333335,9,1,0,0,69,0,0,2006,False,False,False,True,False,False,False,False,False,False,3.0
1203,2022-11-01,BK0003,Computer Science: A Practical Approach,Computer Science,5.0,1.0,3.0,10,1,0,0,69,0,0,2006,False,False,False,True,False,False,False,False,False,False,0.0
1323,2022-12-01,BK0003,Computer Science: A Practical Approach,Computer Science,3.0,5.0,2.6666666666666665,11,0,1,0,69,0,0,2006,False,False,False,True,False,False,False,False,False,False,3.0
1443,2023-01-01,BK0003,Computer Science: A Practical Approach,Computer Science,0.0,3.0,2.0,12,0,0,1,69,1,0,2006,False,False,False,True,False,False,False,False,False,False,1.0
1563,2023-02-01,BK0003,Computer Science: A Practical Approach,Computer Science,3.0,0.0,1.3333333333333333,13,0,0,1,69,0,0,2006,False,False,False,True,False,False,False,False,False,False,4.0
1683,2023-03-01,BK0003,Computer Science: A Practical Approach,Computer Science,1.0,3.0,2.6666666666666665,14,0,0,1,69,0,0,2006,False,False,False,True,False,False,False,False,False,False,9.0
1803,2023-04-01,BK0003,Computer Science: A Practical Approach,Computer Science,4.0,1.0,4.666666666666667,15,1,0,1,69,0,3,2006,False,False,False,True,False,False,False,False,False,False,4.0
1923,2023-05-01,BK0003,Computer Science: A Practical Approach,Computer Science,9.0,4.0,5.666666666666667,16,1,0,1,69,0,0,2006,False,False,False,True,False,False,False,False,False,False,0.0
2043,2023-06-01,BK0003,Computer Science: A Practical Approach,Computer Science,4.0,9.0,4.333333333333333,17,0,1,1,69,0,0,2006,False,False,False,True,False,False,False,False,False,False,2.0
2163,2023-07-01,BK0003,Computer Science: A Practical Approach,Computer Science,0.0,4.0,2.0,18,0,0,0,69,1,0,2006,False,False,False,True,False,False,False,False,False,False,3.0
2283,2023-08-01,BK0003,Computer Science: A Practical Approach,Computer Science,2.0,0.0,1.6666666666666667,19,0,0,0,69,1,0,2006,False,False,False,True,False,False,False,False,False,False,2.0
2403,2023-09-01,BK0003,Computer Science: A Practical Approach,Computer Science,3.0,2.0,2.3333333333333335,20,0,0,0,69,2,1,2006,False,False,False,True,False,False,False,False,False,False,5.0
2523,2023-10-01,BK0003,Computer Science: A Practical Approach,Computer Science,2.0,3.0,3.3333333333333335,21,1,0,0,69,2,1,2006,False,False,False,True,False,False,False,False,False,False,5.0
2643,2023-11-01,BK0003,Computer Science: A Practical Approach,Computer Science,5.0,2.0,4.0,22,1,0,0,69,1,2,2006,False,False,False,True,False,False,False,False,False,False,1.0
2763,2023-12-01,BK0003,Computer Science: A Practical Approach,Computer Science,5.0,5.0,3.6666666666666665,23,0,1,0,69,0,0,2006,False,False,False,True,False,False,False,False,False,False,2.0
2883,2024-01-01,BK0003,Computer Science: A Practical Approach,Computer Science,1.0,5.0,2.6666666666666665,24,0,0,1,69,0,1,2006,False,False,False,True,False,False,False,False,False,False,1.0
3003,2024-02-01,BK0003,Computer Science: A Practical Approach,Computer Science,2.0,1.0,1.3333333333333333,25,0,0,1,69,1,0,2006,False,False,False,True,False,False,False,False,False,False,2.0
3123,2024-03-01,BK0003,Computer Science: A Practical Approach,Computer Science,1.0,2.0,1.6666666666666667,26,0,0,1,69,2,0,2006,False,False,False,True,False,False,False,False,False,False,3.0
3243,2024-04-01,BK0003,Computer Science: A Practical Approach,Computer Science,2.0,1.0,2.0,27,1,0,1,69,0,1,2006,False,False,False,True,False,False,False,False,False,False,2.0
3363,2024-05-01,BK0003,Computer Science: A Practical Approach,Computer Science,3.0,2.0,2.3333333333333335,28,1,0,1,69,1,0,2006,False,False,False,True,False,False,False,False,False,False,1.0
244,2022-03-01,BK0004,Advanced Computer Science,Computer Science,22.0,24.0,19.666666666666668,2,0,0,1,28,1,2,2022,False,False,False,True,False,False,False,False,False,False,35.0
364,2022-04-01,BK0004,Advanced Computer Science,Computer Science,13.0,22.0,23.333333333333332,3,1,0,1,28,4,6,2022,False,False,False,True,False,False,False,False,False,False,47.0
484,2022-05-01,BK0004,Advanced Computer Science,Computer Science,35.0,13.0,31.666666666666668,4,1,0,1,28,14,2,2022,False,False,False,True,False,False,False,False,False,False,8.0
604,2022-06-01,BK0004,Advanced Computer Science,Computer Science,47.0,35.0,30.0,5,0,1,1,28,0,2,2022,False,False,False,True,False,False,False,False,False,False,22.0
724,2022-07-01,BK0004,Advanced Computer Science,Computer Science,8.0,47.0,25.666666666666668,6,0,0,0,28,0,1,2022,False,False,False,True,False,False,False,False,False,False,19.0
844,2022-08-01,BK0004,Advanced Computer Science,Computer Science,22.0,8.0,16.333333333333332,7,0,0,0,28,0,3,2022,False,False,False,True,False,False,False,False,False,False,16.0
964,2022-09-01,BK0004,Advanced Computer Science,Computer Science,19.0,22.0,19.0,8,0,0,0,28,0,3,2022,False,False,False,True,False,False,False,False,False,False,41.0
1084,2022-10-01,BK0004,Advanced Computer Science,Computer Science,16.0,19.0,25.333333333333332,9,1,0,0,28,9,12,2022,False,False,False,True,False,False,False,False,False,False,40.0
1204,2022-11-01,BK0004,Advanced Computer Science,Computer Science,41.0,16.0,32.333333333333336,10,1,0,0,28,3,8,2022,False,False,False,True,False,False,False,False,False,False,10.0
1324,2022-12-01,BK0004,Advanced Computer Science,Computer Science,40.0,41.0,30.333333333333332,11,0,1,0,28,1,0,2022,False,False,False,True,False,False,False,False,False,False,22.0
1444,2023-01-01,BK0004,Advanced Computer Science,Computer Science,10.0,40.0,24.0,12,0,0,1,28,2,2,2022,False,False,False,True,False,False,False,False,False,False,15.0
1564,2023-02-01,BK0004,Advanced Computer Science,Computer Science,22.0,10.0,15.666666666666666,13,0,0,1,28,0,4,2022,False,False,False,True,False,False,False,False,False,False,14.0
1684,2023-03-01,BK0004,Advanced Computer Science,Computer Science,15.0,22.0,17.0,14,0,0,1,28,0,2,2022,False,False,False,True,False,False,False,False,False,False,39.0
1804,2023-04-01,BK0004,Advanced Computer Science,Computer Science,14.0,15.0,22.666666666666668,15,1,0,1,28,11,3,2022,False,False,False,True,False,False,False,False,False,False,35.0
1924,2023-05-01,BK0004,Advanced Computer Science,Computer Science,39.0,14.0,29.333333333333332,16,1,0,1,28,4,5,2022,False,False,False,True,False,False,False,False,False,False,4.0
2044,2023-06-01,BK0004,Advanced Computer Science,Computer Science,35.0,39.0,26.0,17,0,1,1,28,0,0,2022,False,False,False,True,False,False,False,False,False,False,28.0
2164,2023-07-01,BK0004,Advanced Computer Science,Computer Science,4.0,35.0,22.333333333333332,18,0,0,0,28,1,5,2022,False,False,False,True,False,False,False,False,False,False,38.0
2284,2023-08-01,BK0004,Advanced Computer Science,Computer Science,28.0,4.0,23.333333333333332,19,0,0,0,28,6,4,2022,False,False,False,True,False,False,False,False,False,False,26.0
2404,2023-09-01,BK0004,Advanced Computer Science,Computer Science,38.0,28.0,30.666666666666668,20,0,0,0,28,1,2,2022,False,False,False,True,False,False,False,False,False,False,44.0
2524,2023-10-01,BK0004,Advanced Computer Science,Computer Science,26.0,38.0,36.0,21,1,0,0,28,10,6,2022,False,False,False,True,False,False,False,False,False,False,36.0
2644,2023-11-01,BK0004,Advanced Computer Science,Computer Science,44.0,26.0,35.333333333333336,22,1,0,0,28,5,7,2022,False,False,False,True,False,False,False,False,False,False,9.0
2764,2023-12-01,BK0004,Advanced Computer Science,Computer Science,36.0,44.0,29.666666666666668,23,0,1,0,28,0,2,2022,False,False,False,True,False,False,False,False,False,False,21.0
2884,2024-01-01,BK0004,Advanced Computer Science,Computer Science,9.0,36.0,22.0,24,0,0,1,28,0,4,2022,False,False,False,True,False,False,False,False,False,False,20.0
3004,2024-02-01,BK0004,Advanced Computer Science,Computer Science,21.0,9.0,16.666666666666668,25,0,0,1,28,0,6,2022,False,False,False,True,False,False,False,False,False,False,24.0
3124,2024-03-01,BK0004,Advanced Computer Science,Computer Science,20.0,21.0,21.666666666666668,26,0,0,1,28,1,4,2022,False,False,False,True,False,False,False,False,False,False,51.0
3244,2024-04-01,BK0004,Advanced Computer Science,Computer Science,24.0,20.0,31.666666666666668,27,1,0,1,28,12,12,2022,False,False,False,True,False,False,False,False,False,False,47.0
3364,2024-05-01,BK0004,Advanced Computer Science,Computer Science,51.0,24.0,40.666666666666664,28,1,0,1,28,3,9,2022,False,False,False,True,False,False,False,False,False,False,11.0
245,2022-03-01,BK0005,Principles of Computer Science,Computer Science,12.0,10.0,11.0,2,0,0,1,31,2,3,2008,False,False,False,True,False,False,False,False,False,False,25.0
365,2022-04-01,BK0005,Principles of Computer Science,Computer Science,11.0,12.0,16.0,3,1,0,1,31,0,2,2008,False,False,False,True,False,False,False,False,False,False,21.0
485,2022-05-01,BK0005,Principles of Computer Science,Computer Science,25.0,11.0,19.0,4,1,0,1,31,0,4,2008,False,False,False,True,False,False,False,False,False,False,7.0
605,2022-06-01,BK0005,Principles of Computer Science,Computer Science,21.0,25.0,17.666666666666668,5,0,1,1,31,0,0,2008,False,False,False,True,False,False,False,False,False,False,6.0
725,2022-07-01,BK0005,Principles of Computer Science,Computer Science,7.0,21.0,11.333333333333334,6,0,0,0,31,2,1,2008,False,False,False,True,False,False,False,False,False,False,7.0
845,2022-08-01,BK0005,Principles of Computer Science,Computer Science,6.0,7.0,6.666666666666667,7,0,0,0,31,0,2,2008,False,False,False,True,False,False,False,False,False,False,5.0
965,2022-09-01,BK0005,Principles of Computer Science,Computer Science,7.0,6.0,6.0,8,0,0,0,31,0,1,2008,False,False,False,True,False,False,False,False,False,False,20.0
1085,2022-10-01,BK0005,Principles of Computer Science,Computer Science,5.0,7.0,10.666666666666666,9,1,0,0,31,1,2,2008,False,False,False,True,False,False,False,False,False,False,16.0
1205,2022-11-01,BK0005,Principles of Computer Science,Computer Science,20.0,5.0,13.666666666666666,10,1,0,0,31,1,5,2008,False,False,False,True,False,False,False,False,False,False,3.0
1325,2022-12-01,BK0005,Principles of Computer Science,Computer Science,16.0,20.0,13.0,11,0,1,0,31,0,0,2008,False,False,False,True,False,False,False,False,False,False,9.0
1445,2023-01-01,BK0005,Principles of Computer Science,Computer Science,3.0,16.0,9.333333333333334,12,0,0,1,31,0,1,2008,False,False,False,True,False,False,False,False,False,False,9.0
1565,2023-02-01,BK0005,Principles of Computer Science,Computer Science,9.0,3.0,7.0,13,0,0,1,31,1,1,2008,False,False,False,True,False,False,False,False,False,False,4.0
1685,2023-03-01,BK0005,Principles of Computer Science,Computer Science,9.0,9.0,7.333333333333333,14,0,0,1,31,0,0,2008,False,False,False,True,False,False,False,False,False,False,13.0
1805,2023-04-01,BK0005,Principles of Computer Science,Computer Science,4.0,9.0,8.666666666666666,15,1,0,1,31,1,5,2008,False,False,False,True,False,False,False,False,False,False,13.0
1925,2023-05-01,BK0005,Principles of Computer Science,Computer Science,13.0,4.0,10.0,16,1,0,1,31,0,1,2008,False,False,False,True,False,False,False,False,False,False,1.0
2045,2023-06-01,BK0005,Principles of Computer Science,Computer Science,13.0,13.0,9.0,17,0,1,1,31,0,0,2008,False,False,False,True,False,False,False,False,False,False,8.0
2165,2023-07-01,BK0005,Principles of Computer Science,Computer Science,1.0,13.0,7.333333333333333,18,0,0,0,31,0,1,2008,False,False,False,True,False,False,False,False,False,False,10.0
2285,2023-08-01,BK0005,Principles of Computer Science,Computer Science,8.0,1.0,6.333333333333333,19,0,0,0,31,0,0,2008,False,False,False,True,False,False,False,False,False,False,9.0
2405,2023-09-01,BK0005,Principles of Computer Science,Computer Science,10.0,8.0,9.0,20,0,0,0,31,0,3,2008,False,False,False,True,False,False,False,False,False,False,9.0
2525,2023-10-01,BK0005,Principles of Computer Science,Computer Science,9.0,10.0,9.333333333333334,21,1,0,0,31,1,0,2008,False,False,False,True,False,False,False,False,False,False,9.0
2645,2023-11-01,BK0005,Principles of Computer Science,Computer Science,9.0,9.0,9.0,22,1,0,0,31,0,2,2008,False,False,False,True,False,False,False,False,False,False,3.0
2765,2023-12-01,BK0005,Principles of Computer Science,Computer Science,9.0,9.0,7.0,23,0,1,0,31,1,0,2008,False,False,False,True,False,False,False,False,False,False,8.0
2885,2024-01-01,BK0005,Principles of Computer Science,Computer Science,3.0,9.0,6.666666666666667,24,0,0,1,31,1,1,2008,False,False,False,True,False,False,False,False,False,False,3.0
3005,2024-02-01,BK0005,Principles of Computer Science,Computer Science,8.0,3.0,4.666666666666667,25,0,0,1,31,0,0,2008,False,False,False,True,False,False,False,False,False,False,4.0
3125,2024-03-01,BK0005,Principles of Computer Science,Computer Science,3.0,8.0,5.0,26,0,0,1,31,0,0,2008,False,False,False,True,False,False,False,False,False,False,6.0
3245,2024-04-01,BK0005,Principles of Computer Science,Computer Science,4.0,3.0,4.333333333333333,27,1,0,1,31,1,2,2008,False,False,False,True,False,False,False,False,False,False,10.0
3365,2024-05-01,BK0005,Principles of Computer Science,Computer Science,6.0,4.0,6.666666666666667,28,1,0,1,31,0,0,2008,False,False,False,True,False,False,False,False,False,False,2.0
246,2022-03-01,BK0006,Computer Science for Engineers,Computer Science,17.0,18.0,14.333333333333334,2,0,0,1,40,0,1,2012,False,False,False,True,False,False,False,False,False,False,27.0
366,2022-04-01,BK0006,Computer Science for Engineers,Computer Science,8.0,17.0,17.333333333333332,3,1,0,1,40,0,3,2012,False,False,False,True,False,False,False,False,False,False,12.0
486,2022-05-01,BK0006,Computer Science for Engineers,Computer Science,27.0,8.0,15.666666666666666,4,1,0,1,40,0,3,2012,False,False,False,True,False,False,False,False,False,False,7.0
606,2022-06-01,BK0006,Computer Science for Engineers,Computer Science,12.0,27.0,15.333333333333334,5,0,1,1,40,0,0,2012,False,False,False,True,False,False,False,False,False,False,10.0
726,2022-07-01,BK0006,Computer Science for Engineers,Computer Science,7.0,12.0,9.666666666666666,6,0,0,0,40,0,2,2012,False,False,False,True,False,False,False,False,False,False,11.0
846,2022-08-01,BK0006,Computer Science for Engineers,Computer Science,10.0,7.0,9.333333333333334,7,0,0,0,40,0,2,2012,False,False,False,True,False,False,False,False,False,False,18.0
966,2022-09-01,BK0006,Computer Science for Engineers,Computer Science,11.0,10.0,13.0,8,0,0,0,40,3,4,2012,False,False,False,True,False,False,False,False,False,False,28.0
1086,2022-10-01,BK0006,Computer Science for Engineers,Computer Science,18.0,11.0,19.0,9,1,0,0,40,0,3,2012,False,False,False,True,False,False,False,False,False,False,17.0
1206,2022-11-01,BK0006,Computer Science for Engineers,Computer Science,28.0,18.0,21.0,10,1,0,0,40,0,2,2012,False,False,False,True,False,False,False,False,False,False,3.0
1326,2022-12-01,BK0006,Computer Science for Engineers,Computer Science,17.0,28.0,16.0,11,0,1,0,40,0,1,2012,False,False,False,True,False,False,False,False,False,False,6.0
1446,2023-01-01,BK0006,Computer Science for Engineers,Computer Science,3.0,17.0,8.666666666666666,12,0,0,1,40,0,0,2012,False,False,False,True,False,False,False,False,False,False,11.0
1566,2023-02-01,BK0006,Computer Science for Engineers,Computer Science,6.0,3.0,6.666666666666667,13,0,0,1,40,0,2,2012,False,False,False,True,False,False,False,False,False,False,8.0
1686,2023-03-01,BK0006,Computer Science for Engineers,Computer Science,11.0,6.0,8.333333333333334,14,0,0,1,40,0,1,2012,False,False,False,True,False,False,False,False,False,False,19.0
1806,2023-04-01,BK0006,Computer Science for Engineers,Computer Science,8.0,11.0,12.666666666666666,15,1,0,1,40,1,2,2012,False,False,False,True,False,False,False,False,False,False,18.0
1926,2023-05-01,BK0006,Computer Science for Engineers,Computer Science,19.0,8.0,15.0,16,1,0,1,40,1,5,2012,False,False,False,True,False,False,False,False,False,False,3.0
2046,2023-06-01,BK0006,Computer Science for Engineers,Computer Science,18.0,19.0,13.333333333333334,17,0,1,1,40,0,0,2012,False,False,False,True,False,False,False,False,False,False,7.0
2166,2023-07-01,BK0006,Computer Science for Engineers,Computer Science,3.0,18.0,9.333333333333334,18,0,0,0,40,0,1,2012,False,False,False,True,False,False,False,False,False,False,11.0
2286,2023-08-01,BK0006,Computer Science for Engineers,Computer Science,7.0,3.0,7.0,19,0,0,0,40,0,2,2012,False,False,False,True,False,False,False,False,False,False,0.0
2406,2023-09-01,BK0006,Computer Science for Engineers,Computer Science,11.0,7.0,6.0,20,0,0,0,40,1,0,2012,False,False,False,True,False,False,False,False,False,False,7.0
2526,2023-10-01,BK0006,Computer Science for Engineers,Computer Science,0.0,11.0,6.0,21,1,0,0,40,0,1,2012,False,False,False,True,False,False,False,False,False,False,15.0
2646,2023-11-01,BK0006,Computer Science for Engineers,Computer Science,7.0,0.0,7.333333333333333,22,1,0,0,40,0,1,2012,False,False,False,True,False,False,False,False,False,False,3.0
2766,2023-12-01,BK0006,Computer Science for Engineers,Computer Science,15.0,7.0,8.333333333333334,23,0,1,0,40,1,0,2012,False,False,False,True,False,False,False,False,False,False,4.0
2886,2024-01-01,BK0006,Computer Science for Engineers,Computer Science,3.0,15.0,7.333333333333333,24,0,0,1,40,0,1,2012,False,False,False,True,False,False,False,False,False,False,3.0
3006,2024-02-01,BK0006,Computer Science for Engineers,Computer Science,4.0,3.0,3.3333333333333335,25,0,0,1,40,0,1,2012,False,False,False,True,False,False,False,False,False,False,7.0
3126,2024-03-01,BK0006,Computer Science for Engineers,Computer Science,3.0,4.0,4.666666666666667,26,0,0,1,40,0,0,2012,False,False,False,True,False,False,False,False,False,False,12.0
3246,2024-04-01,BK0006,Computer Science for Engineers,Computer Science,7.0,3.0,7.333333333333333,27,1,0,1,40,0,0,2012,False,False,False,True,False,False,False,False,False,False,12.0
3366,2024-05-01,BK0006,Computer Science for Engineers,Computer Science,12.0,7.0,10.333333333333334,28,1,0,1,40,0,1,2012,False,False,False,True,False,False,False,False,False,False,0.0
247,2022-03-01,BK0007,Modern Computer Science,Computer Science,15.0,17.0,17.333333333333332,2,0,0,1,59,0,5,2010,False,False,False,True,False,False,False,False,False,False,42.0
367,2022-04-01,BK0007,Modern Computer Science,Computer Science,20.0,15.0,25.666666666666668,3,1,0,1,59,0,5,2010,False,False,False,True,False,False,False,False,False,False,30.0
487,2022-05-01,BK0007,Modern Computer Science,Computer Science,42.0,20.0,30.666666666666668,4,1,0,1,59,0,7,2010,False,False,False,True,False,False,False,False,False,False,5.0
607,2022-06-01,BK0007,Modern Computer Science,Computer Science,30.0,42.0,25.666666666666668,5,0,1,1,59,1,0,2010,False,False,False,True,False,False,False,False,False,False,20.0
727,2022-07-01,BK0007,Modern Computer Science,Computer Science,5.0,30.0,18.333333333333332,6,0,0,0,59,1,4,2010,False,False,False,True,False,False,False,False,False,False,25.0
847,2022-08-01,BK0007,Modern Computer Science,Computer Science,20.0,5.0,16.666666666666668,7,0,0,0,59,0,0,2010,False,False,False,True,False,False,False,False,False,False,19.0
967,2022-09-01,BK0007,Modern Computer Science,Computer Science,25.0,20.0,21.333333333333332,8,0,0,0,59,0,6,2010,False,False,False,True,False,False,False,False,False,False,29.0
1087,2022-10-01,BK0007,Modern Computer Science,Computer Science,19.0,25.0,24.333333333333332,9,1,0,0,59,0,5,2010,False,False,False,True,False,False,False,False,False,False,43.0
1207,2022-11-01,BK0007,Modern Computer Science,Computer Science,29.0,19.0,30.333333333333332,10,1,0,0,59,0,3,2010,False,False,False,True,False,False,False,False,False,False,2.0
1327,2022-12-01,BK0007,Modern Computer Science,Computer Science,43.0,29.0,24.666666666666668,11,0,1,0,59,0,0,2010,False,False,False,True,False,False,False,False,False,False,26.0
1447,2023-01-01,BK0007,Modern Computer Science,Computer Science,2.0,43.0,23.666666666666668,12,0,0,1,59,0,5,2010,False,False,False,True,False,False,False,False,False,False,28.0
1567,2023-02-01,BK0007,Modern Computer Science,Computer Science,26.0,2.0,18.666666666666668,13,0,0,1,59,0,5,2010,False,False,False,True,False,False,False,False,False,False,27.0
1687,2023-03-01,BK0007,Modern Computer Science,Computer Science,28.0,26.0,27.0,14,0,0,1,59,0,6,2010,False,False,False,True,False,False,False,False,False,False,47.0
1807,2023-04-01,BK0007,Modern Computer Science,Computer Science,27.0,28.0,34.0,15,1,0,1,59,1,3,2010,False,False,False,True,False,False,False,False,False,False,34.0
1927,2023-05-01,BK0007,Modern Computer Science,Computer Science,47.0,27.0,36.0,16,1,0,1,59,0,6,2010,False,False,False,True,False,False,False,False,False,False,10.0
2047,2023-06-01,BK0007,Modern Computer Science,Computer Science,34.0,47.0,30.333333333333332,17,0,1,1,59,0,1,2010,False,False,False,True,False,False,False,False,False,False,30.0
2167,2023-07-01,BK0007,Modern Computer Science,Computer Science,10.0,34.0,24.666666666666668,18,0,0,0,59,1,3,2010,False,False,False,True,False,False,False,False,False,False,24.0
2287,2023-08-01,BK0007,Modern Computer Science,Computer Science,30.0,10.0,21.333333333333332,19,0,0,0,59,0,2,2010,False,False,False,True,False,False,False,False,False,False,21.0
2407,2023-09-01,BK0007,Modern Computer Science,Computer Science,24.0,30.0,25.0,20,0,0,0,59,1,4,2010,False,False,False,True,False,False,False,False,False,False,50.0
2527,2023-10-01,BK0007,Modern Computer Science,Computer Science,21.0,24.0,31.666666666666668,21,1,0,0,59,0,9,2010,False,False,False,True,False,False,False,False,False,False,45.0
2647,2023-11-01,BK0007,Modern Computer Science,Computer Science,50.0,21.0,38.666666666666664,22,1,0,0,59,1,6,2010,False,False,False,True,False,False,False,False,False,False,10.0
2767,2023-12-01,BK0007,Modern Computer Science,Computer Science,45.0,50.0,35.0,23,0,1,0,59,0,1,2010,False,False,False,True,False,False,False,False,False,False,24.0
2887,2024-01-01,BK0007,Modern Computer Science,Computer Science,10.0,45.0,26.333333333333332,24,0,0,1,59,1,2,2010,False,False,False,True,False,False,False,False,False,False,24.0
3007,2024-02-01,BK0007,Modern Computer Science,Computer Science,24.0,10.0,19.333333333333332,25,0,0,1,59,0,5,2010,False,False,False,True,False,False,False,False,False,False,31.0
3127,2024-03-01,BK0007,Modern Computer Science,Computer Science,24.0,24.0,26.333333333333332,26,0,0,1,59,1,3,2010,False,False,False,True,False,False,False,False,False,False,57.0
3247,2024-04-01,BK0007,Modern Computer Science,Computer Science,31.0,24.0,37.333333333333336,27,1,0,1,59,0,11,2010,False,False,False,True,False,False,False,False,False,False,54.0
3367,2024-05-01,BK0007,Modern Computer Science,Computer Science,57.0,31.0,47.333333333333336,28,1,0,1,59,0,5,2010,False,False,False,True,False,False,False,False,False,False,14.0
248,2022-03-01,BK0008,Applied Computer Science,Computer Science,23.0,14.0,20.666666666666668,2,0,0,1,15,6,3,2007,False,False,False,True,False,False,False,False,False,False,37.0
368,2022-04-01,BK0008,Applied Computer Science,Computer Science,25.0,23.0,28.333333333333332,3,1,0,1,15,12,9,2007,False,False,False,True,False,False,False,False,False,False,47.0
488,2022-05-01,BK0008,Applied Computer Science,Computer Science,37.0,25.0,36.333333333333336,4,1,0,1,15,20,8,2007,False,False,False,True,False,False,False,False,False,False,11.0
608,2022-06-01,BK0008,Applied Computer Science,Computer Science,47.0,37.0,31.666666666666668,5,0,1,1,15,1,2,2007,False,False,False,True,False,False,False,False,False,False,27.0
728,2022-07-01,BK0008,Applied Computer Science,Computer Science,11.0,47.0,28.333333333333332,6,0,0,0,15,6,5,2007,False,False,False,True,False,False,False,False,False,False,29.0
848,2022-08-01,BK0008,Applied Computer Science,Computer Science,27.0,11.0,22.333333333333332,7,0,0,0,15,6,5,2007,False,False,False,True,False,False,False,False,False,False,35.0
968,2022-09-01,BK0008,Applied Computer Science,Computer Science,29.0,27.0,30.333333333333332,8,0,0,0,15,9,4,2007,False,False,False,True,False,False,False,False,False,False,51.0
1088,2022-10-01,BK0008,Applied Computer Science,Computer Science,35.0,29.0,38.333333333333336,9,1,0,0,15,17,9,2007,False,False,False,True,False,False,False,False,False,False,53.0
1208,2022-11-01,BK0008,Applied Computer Science,Computer Science,51.0,35.0,46.333333333333336,10,1,0,0,15,14,8,2007,False,False,False,True,False,False,False,False,False,False,14.0
1328,2022-12-01,BK0008,Applied Computer Science,Computer Science,53.0,51.0,39.333333333333336,11,0,1,0,15,0,0,2007,False,False,False,True,False,False,False,False,False,False,21.0
1448,2023-01-01,BK0008,Applied Computer Science,Computer Science,14.0,53.0,29.333333333333332,12,0,0,1,15,2,2,2007,False,False,False,True,False,False,False,False,False,False,27.0
1568,2023-02-01,BK0008,Applied Computer Science,Computer Science,21.0,14.0,20.666666666666668,13,0,0,1,15,3,2,2007,False,False,False,True,False,False,False,False,False,False,19.0
1688,2023-03-01,BK0008,Applied Computer Science,Computer Science,27.0,21.0,22.333333333333332,14,0,0,1,15,4,2,2007,False,False,False,True,False,False,False,False,False,False,48.0
1808,2023-04-01,BK0008,Applied Computer Science,Computer Science,19.0,27.0,31.333333333333332,15,1,0,1,15,21,3,2007,False,False,False,True,False,False,False,False,False,False,28.0
1928,2023-05-01,BK0008,Applied Computer Science,Computer Science,48.0,19.0,31.666666666666668,16,1,0,1,15,10,2,2007,False,False,False,True,False,False,False,False,False,False,6.0
2048,2023-06-01,BK0008,Applied Computer Science,Computer Science,28.0,48.0,27.333333333333332,17,0,1,1,15,0,2,2007,False,False,False,True,False,False,False,False,False,False,20.0
2168,2023-07-01,BK0008,Applied Computer Science,Computer Science,6.0,28.0,18.0,18,0,0,0,15,1,4,2007,False,False,False,True,False,False,False,False,False,False,27.0
2288,2023-08-01,BK0008,Applied Computer Science,Computer Science,20.0,6.0,17.666666666666668,19,0,0,0,15,2,10,2007,False,False,False,True,False,False,False,False,False,False,23.0
2408,2023-09-01,BK0008,Applied Computer Science,Computer Science,27.0,20.0,23.333333333333332,20,0,0,0,15,2,6,2007,False,False,False,True,False,False,False,False,False,False,57.0
2528,2023-10-01,BK0008,Applied Computer Science,Computer Science,23.0,27.0,35.666666666666664,21,1,0,0,15,26,7,2007,False,False,False,True,False,False,False,False,False,False,52.0
2648,2023-11-01,BK0008,Applied Computer Science,Computer Science,57.0,23.0,44.0,22,1,0,0,15,24,9,2007,False,False,False,True,False,False,False,False,False,False,13.0
2768,2023-12-01,BK0008,Applied Computer Science,Computer Science,52.0,57.0,40.666666666666664,23,0,1,0,15,0,3,2007,False,False,False,True,False,False,False,False,False,False,23.0
2888,2024-01-01,BK0008,Applied Computer Science,Computer Science,13.0,52.0,29.333333333333332,24,0,0,1,15,6,4,2007,False,False,False,True,False,False,False,False,False,False,36.0
3008,2024-02-01,BK0008,Applied Computer Science,Computer Science,23.0,13.0,24.0,25,0,0,1,15,17,2,2007,False,False,False,True,False,False,False,False,False,False,21.0
3128,2024-03-01,BK0008,Applied Computer Science,Computer Science,36.0,23.0,26.666666666666668,26,0,0,1,15,2,2,2007,False,False,False,True,False,False,False,False,False,False,45.0
3248,2024-04-01,BK0008,Applied Computer Science,Computer Science,21.0,36.0,34.0,27,1,0,1,15,19,8,2007,False,False,False,True,False,False,False,False,False,False,46.0
3368,2024-05-01,BK0008,Applied Computer Science,Computer Science,45.0,21.0,37.333333333333336,28,1,0,1,15,21,6,2007,False,False,False,True,False,False,False,False,False,False,7.0
249,2022-03-01,BK0009,Computer Science Concepts and Applications,Computer Science,6.0,4.0,3.6666666666666665,2,0,0,1,19,0,0,2021,False,False,False,True,False,False,False,False,False,False,6.0
369,2022-04-01,BK0009,Computer Science Concepts and Applications,Computer Science,1.0,6.0,4.333333333333333,3,1,0,1,19,0,1,2021,False,False,False,True,False,False,False,False,False,False,6.0
489,2022-05-01,BK0009,Computer Science Concepts and Applications,Computer Science,6.0,1.0,4.333333333333333,4,1,0,1,19,0,3,2021,False,False,False,True,False,False,False,False,False,False,0.0
609,2022-06-01,BK0009,Computer Science Concepts and Applications,Computer Science,6.0,6.0,4.0,5,0,1,1,19,0,0,2021,False,False,False,True,False,False,False,False,False,False,2.0
729,2022-07-01,BK0009,Computer Science Concepts and Applications,Computer Science,0.0,6.0,2.6666666666666665,6,0,0,0,19,0,0,2021,False,False,False,True,False,False,False,False,False,False,5.0
849,2022-08-01,BK0009,Computer Science Concepts and Applications,Computer Science,2.0,0.0,2.3333333333333335,7,0,0,0,19,0,0,2021,False,False,False,True,False,False,False,False,False,False,4.0
969,2022-09-01,BK0009,Computer Science Concepts and Applications,Computer Science,5.0,2.0,3.6666666666666665,8,0,0,0,19,0,1,2021,False,False,False,True,False,False,False,False,False,False,5.0
1089,2022-10-01,BK0009,Computer Science Concepts and Applications,Computer Science,4.0,5.0,4.666666666666667,9,1,0,0,19,1,1,2021,False,False,False,True,False,False,False,False,False,False,12.0
1209,2022-11-01,BK0009,Computer Science Concepts and Applications,Computer Science,5.0,4.0,7.0,10,1,0,0,19,0,1,2021,False,False,False,True,False,False,False,False,False,False,2.0
1329,2022-12-01,BK0009,Computer Science Concepts and Applications,Computer Science,12.0,5.0,6.333333333333333,11,0,1,0,19,0,0,2021,False,False,False,True,False,False,False,False,False,False,10.0
1449,2023-01-01,BK0009,Computer Science Concepts and Applications,Computer Science,2.0,12.0,8.0,12,0,0,1,19,0,0,2021,False,False,False,True,False,False,False,False,False,False,4.0
1569,2023-02-01,BK0009,Computer Science Concepts and Applications,Computer Science,10.0,2.0,5.333333333333333,13,0,0,1,19,1,0,2021,False,False,False,True,False,False,False,False,False,False,4.0
1689,2023-03-01,BK0009,Computer Science Concepts and Applications,Computer Science,4.0,10.0,6.0,14,0,0,1,19,0,1,2021,False,False,False,True,False,False,False,False,False,False,9.0
1809,2023-04-01,BK0009,Computer Science Concepts and Applications,Computer Science,4.0,4.0,5.666666666666667,15,1,0,1,19,0,2,2021,False,False,False,True,False,False,False,False,False,False,12.0
1929,2023-05-01,BK0009,Computer Science Concepts and Applications,Computer Science,9.0,4.0,8.333333333333334,16,1,0,1,19,0,0,2021,False,False,False,True,False,False,False,False,False,False,1.0
2049,2023-06-01,BK0009,Computer Science Concepts and Applications,Computer Science,12.0,9.0,7.333333333333333,17,0,1,1,19,1,0,2021,False,False,False,True,False,False,False,False,False,False,4.0
2169,2023-07-01,BK0009,Computer Science Concepts and Applications,Computer Science,1.0,12.0,5.666666666666667,18,0,0,0,19,1,0,2021,False,False,False,True,False,False,False,False,False,False,8.0
2289,2023-08-01,BK0009,Computer Science Concepts and Applications,Computer Science,4.0,1.0,4.333333333333333,19,0,0,0,19,0,0,2021,False,False,False,True,False,False,False,False,False,False,4.0
2409,2023-09-01,BK0009,Computer Science Concepts and Applications,Computer Science,8.0,4.0,5.333333333333333,20,0,0,0,19,0,0,2021,False,False,False,True,False,False,False,False,False,False,11.0
2529,2023-10-01,BK0009,Computer Science Concepts and Applications,Computer Science,4.0,8.0,7.666666666666667,21,1,0,0,19,0,1,2021,False,False,False,True,False,False,False,False,False,False,10.0
2649,2023-11-01,BK0009,Computer Science Concepts and Applications,Computer Science,11.0,4.0,8.333333333333334,22,1,0,0,19,1,1,2021,False,False,False,True,False,False,False,False,False,False,1.0
2769,2023-12-01,BK0009,Computer Science Concepts and Applications,Computer Science,10.0,11.0,7.333333333333333,23,0,1,0,19,0,0,2021,False,False,False,True,False,False,False,False,False,False,2.0
2889,2024-01-01,BK0009,Computer Science Concepts and Applications,Computer Science,1.0,10.0,4.333333333333333,24,0,0,1,19,1,0,2021,False,False,False,True,False,False,False,False,False,False,4.0
3009,2024-02-01,BK0009,Computer Science Concepts and Applications,Computer Science,2.0,1.0,2.3333333333333335,25,0,0,1,19,0,0,2021,False,False,False,True,False,False,False,False,False,False,9.0
3129,2024-03-01,BK0009,Computer Science Concepts and Applications,Computer Science,4.0,2.0,5.0,26,0,0,1,19,0,2,2021,False,False,False,True,False,False,False,False,False,False,7.0
3249,2024-04-01,BK0009,Computer Science Concepts and Applications,Computer Science,9.0,4.0,6.666666666666667,27,1,0,1,19,1,2,2021,False,False,False,True,False,False,False,False,False,False,14.0
3369,2024-05-01,BK0009,Computer Science Concepts and Applications,Computer Science,7.0,9.0,10.0,28,1,0,1,19,0,1,2021,False,False,False,True,False,False,False,False,False,False,1.0
250,2022-03-01,BK0010,Essentials of Computer Science,Computer Science,9.0,8.0,7.0,2,0,0,1,37,0,1,2017,False,False,False,True,False,False,False,False,False,False,10.0
370,2022-04-01,BK0010,Essentials of Computer Science,Computer Science,4.0,9.0,7.666666666666667,3,1,0,1,37,0,1,2017,False,False,False,True,False,False,False,False,False,False,12.0
490,2022-05-01,BK0010,Essentials of Computer Science,Computer Science,10.0,4.0,8.666666666666666,4,1,0,1,37,0,1,2017,False,False,False,True,False,False,False,False,False,False,0.0
610,2022-06-01,BK0010,Essentials of Computer Science,Computer Science,12.0,10.0,7.333333333333333,5,0,1,1,37,0,0,2017,False,False,False,True,False,False,False,False,False,False,9.0
730,2022-07-01,BK0010,Essentials of Computer Science,Computer Science,0.0,12.0,7.0,6,0,0,0,37,0,1,2017,False,False,False,True,False,False,False,False,False,False,7.0
850,2022-08-01,BK0010,Essentials of Computer Science,Computer Science,9.0,0.0,5.333333333333333,7,0,0,0,37,0,1,2017,False,False,False,True,False,False,False,False,False,False,4.0
970,2022-09-01,BK0010,Essentials of Computer Science,Computer Science,7.0,9.0,6.666666666666667,8,0,0,0,37,0,0,2017,False,False,False,True,False,False,False,False,False,False,10.0
1090,2022-10-01,BK0010,Essentials of Computer Science,Computer Science,4.0,7.0,7.0,9,1,0,0,37,1,1,2017,False,False,False,True,False,False,False,False,False,False,8.0
1210,2022-11-01,BK0010,Essentials of Computer Science,Computer Science,10.0,4.0,7.333333333333333,10,1,0,0,37,0,1,2017,False,False,False,True,False,False,False,False,False,False,4.0
1330,2022-12-01,BK0010,Essentials of Computer Science,Computer Science,8.0,10.0,7.333333333333333,11,0,1,0,37,0,3,2017,False,False,False,True,False,False,False,False,False,False,4.0
1450,2023-01-01,BK0010,Essentials of Computer Science,Computer Science,4.0,8.0,5.333333333333333,12,0,0,1,37,0,1,2017,False,False,False,True,False,False,False,False,False,False,5.0
1570,2023-02-01,BK0010,Essentials of Computer Science,Computer Science,4.0,4.0,4.333333333333333,13,0,0,1,37,0,1,2017,False,False,False,True,False,False,False,False,False,False,6.0
1690,2023-03-01,BK0010,Essentials of Computer Science,Computer Science,5.0,4.0,5.0,14,0,0,1,37,1,0,2017,False,False,False,True,False,False,False,False,False,False,10.0
1810,2023-04-01,BK0010,Essentials of Computer Science,Computer Science,6.0,5.0,7.0,15,1,0,1,37,0,2,2017,False,False,False,True,False,False,False,False,False,False,13.0
1930,2023-05-01,BK0010,Essentials of Computer Science,Computer Science,10.0,6.0,9.666666666666666,16,1,0,1,37,0,1,2017,False,False,False,True,False,False,False,False,False,False,1.0
2050,2023-06-01,BK0010,Essentials of Computer Science,Computer Science,13.0,10.0,8.0,17,0,1,1,37,0,1,2017,False,False,False,True,False,False,False,False,False,False,7.0
2170,2023-07-01,BK0010,Essentials of Computer Science,Computer Science,1.0,13.0,7.0,18,0,0,0,37,0,1,2017,False,False,False,True,False,False,False,False,False,False,9.0
2290,2023-08-01,BK0010,Essentials of Computer Science,Computer Science,7.0,1.0,5.666666666666667,19,0,0,0,37,0,2,2017,False,False,False,True,False,False,False,False,False,False,8.0
2410,2023-09-01,BK0010,Essentials of Computer Science,Computer Science,9.0,7.0,8.0,20,0,0,0,37,1,0,2017,False,False,False,True,False,False,False,False,False,False,17.0
2530,2023-10-01,BK0010,Essentials of Computer Science,Computer Science,8.0,9.0,11.333333333333334,21,1,0,0,37,1,2,2017,False,False,False,True,False,False,False,False,False,False,7.0
2650,2023-11-01,BK0010,Essentials of Computer Science,Computer Science,17.0,8.0,10.666666666666666,22,1,0,0,37,1,2,2017,False,False,False,True,False,False,False,False,False,False,1.0
2770,2023-12-01,BK0010,Essentials of Computer Science,Computer Science,7.0,17.0,8.333333333333334,23,0,1,0,37,0,0,2017,False,False,False,True,False,False,False,False,False,False,4.0
2890,2024-01-01,BK0010,Essentials of Computer Science,Computer Science,1.0,7.0,4.0,24,0,0,1,37,0,0,2017,False,False,False,True,False,False,False,False,False,False,9.0
3010,2024-02-01,BK0010,Essentials of Computer Science,Computer Science,4.0,1.0,4.666666666666667,25,0,0,1,37,1,1,2017,False,False,False,True,False,False,False,False,False,False,5.0
3130,2024-03-01,BK0010,Essentials of Computer Science,Computer Science,9.0,4.0,6.0,26,0,0,1,37,0,1,2017,False,False,False,True,False,False,False,False,False,False,9.0
3250,2024-04-01,BK0010,Essentials of Computer Science,Computer Science,5.0,9.0,7.666666666666667,27,1,0,1,37,1,1,2017,False,False,False,True,False,False,False,False,False,False,9.0
3370,2024-05-01,BK0010,Essentials of Computer Science,Computer Science,9.0,5.0,7.666666666666667,28,1,0,1,37,0,1,2017,False,False,False,True,False,False,False,False,False,False,3.0
251,2022-03-01,BK0011,Computer Science: Theory and Practice,Computer Science,14.0,35.0,26.0,2,0,0,1,69,0,1,2020,False,False,False,True,False,False,False,False,False,False,44.0
371,2022-04-01,BK0011,Computer Science: Theory and Practice,Computer Science,29.0,14.0,29.0,3,1,0,1,69,0,7,2020,False,False,False,True,False,False,False,False,False,False,37.0
491,2022-05-01,BK0011,Computer Science: Theory and Practice,Computer Science,44.0,29.0,36.666666666666664,4,1,0,1,69,0,1,2020,False,False,False,True,False,False,False,False,False,False,9.0
611,2022-06-01,BK0011,Computer Science: Theory and Practice,Computer Science,37.0,44.0,30.0,5,0,1,1,69,1,1,2020,False,False,False,True,False,False,False,False,False,False,18.0
731,2022-07-01,BK0011,Computer Science: Theory and Practice,Computer Science,9.0,37.0,21.333333333333332,6,0,0,0,69,1,1,2020,False,False,False,True,False,False,False,False,False,False,28.0
851,2022-08-01,BK0011,Computer Science: Theory and Practice,Computer Science,18.0,9.0,18.333333333333332,7,0,0,0,69,0,5,2020,False,False,False,True,False,False,False,False,False,False,23.0
971,2022-09-01,BK0011,Computer Science: Theory and Practice,Computer Science,28.0,18.0,23.0,8,0,0,0,69,0,4,2020,False,False,False,True,False,False,False,False,False,False,29.0
1091,2022-10-01,BK0011,Computer Science: Theory and Practice,Computer Science,23.0,28.0,26.666666666666668,9,1,0,0,69,2,4,2020,False,False,False,True,False,False,False,False,False,False,33.0
1211,2022-11-01,BK0011,Computer Science: Theory and Practice,Computer Science,29.0,23.0,28.333333333333332,10,1,0,0,69,1,9,2020,False,False,False,True,False,False,False,False,False,False,7.0
1331,2022-12-01,BK0011,Computer Science: Theory and Practice,Computer Science,33.0,29.0,23.0,11,0,1,0,69,1,2,2020,False,False,False,True,False,False,False,False,False,False,26.0
1451,2023-01-01,BK0011,Computer Science: Theory and Practice,Computer Science,7.0,33.0,22.0,12,0,0,1,69,1,2,2020,False,False,False,True,False,False,False,False,False,False,14.0
1571,2023-02-01,BK0011,Computer Science: Theory and Practice,Computer Science,26.0,7.0,15.666666666666666,13,0,0,1,69,0,0,2020,False,False,False,True,False,False,False,False,False,False,12.0
1691,2023-03-01,BK0011,Computer Science: Theory and Practice,Computer Science,14.0,26.0,17.333333333333332,14,0,0,1,69,3,0,2020,False,False,False,True,False,False,False,False,False,False,24.0
1811,2023-04-01,BK0011,Computer Science: Theory and Practice,Computer Science,12.0,14.0,16.666666666666668,15,1,0,1,69,1,6,2020,False,False,False,True,False,False,False,False,False,False,28.0
1931,2023-05-01,BK0011,Computer Science: Theory and Practice,Computer Science,24.0,12.0,21.333333333333332,16,1,0,1,69,0,2,2020,False,False,False,True,False,False,False,False,False,False,5.0
2051,2023-06-01,BK0011,Computer Science: Theory and Practice,Computer Science,28.0,24.0,19.0,17,0,1,1,69,0,1,2020,False,False,False,True,False,False,False,False,False,False,18.0
2171,2023-07-01,BK0011,Computer Science: Theory and Practice,Computer Science,5.0,28.0,17.0,18,0,0,0,69,0,2,2020,False,False,False,True,False,False,False,False,False,False,13.0
2291,2023-08-01,BK0011,Computer Science: Theory and Practice,Computer Science,18.0,5.0,12.0,19,0,0,0,69,0,0,2020,False,False,False,True,False,False,False,False,False,False,12.0
2411,2023-09-01,BK0011,Computer Science: Theory and Practice,Computer Science,13.0,18.0,14.333333333333334,20,0,0,0,69,0,4,2020,False,False,False,True,False,False,False,False,False,False,18.0
2531,2023-10-01,BK0011,Computer Science: Theory and Practice,Computer Science,12.0,13.0,14.333333333333334,21,1,0,0,69,0,4,2020,False,False,False,True,False,False,False,False,False,False,26.0
2651,2023-11-01,BK0011,Computer Science: Theory and Practice,Computer Science,18.0,12.0,18.666666666666668,22,1,0,0,69,1,7,2020,False,False,False,True,False,False,False,False,False,False,0.0
2771,2023-12-01,BK0011,Computer Science: Theory and Practice,Computer Science,26.0,18.0,14.666666666666666,23,0,1,0,69,1,0,2020,False,False,False,True,False,False,False,False,False,False,10.0
2891,2024-01-01,BK0011,Computer Science: Theory and Practice,Computer Science,0.0,26.0,12.0,24,0,0,1,69,0,1,2020,False,False,False,True,False,False,False,False,False,False,11.0
3011,2024-02-01,BK0011,Computer Science: Theory and Practice,Computer Science,10.0,0.0,7.0,25,0,0,1,69,0,1,2020,False,False,False,True,False,False,False,False,False,False,5.0
3131,2024-03-01,BK0011,Computer Science: Theory and Practice,Computer Science,11.0,10.0,8.666666666666666,26,0,0,1,69,1,1,2020,False,False,False,True,False,False,False,False,False,False,15.0
3251,2024-04-01,BK0011,Computer Science: Theory and Practice,Computer Science,5.0,11.0,10.333333333333334,27,1,0,1,69,0,4,2020,False,False,False,True,False,False,False,False,False,False,13.0
3371,2024-05-01,BK0011,Computer Science: Theory and Practice,Computer Science,15.0,5.0,11.0,28,1,0,1,69,0,3,2020,False,False,False,True,False,False,False,False,False,False,3.0
252,2022-03-01,BK0012,Understanding Computer Science,Computer Science,19.0,37.0,33.0,2,0,0,1,63,0,7,2001,False,False,False,True,False,False,False,False,False,False,56.0
372,2022-04-01,BK0012,Understanding Computer Science,Computer Science,43.0,19.0,39.333333333333336,3,1,0,1,63,0,5,2001,False,False,False,True,False,False,False,False,False,False,70.0
492,2022-05-01,BK0012,Understanding Computer Science,Computer Science,56.0,43.0,56.333333333333336,4,1,0,1,63,4,13,2001,False,False,False,True,False,False,False,False,False,False,15.0
612,2022-06-01,BK0012,Understanding Computer Science,Computer Science,70.0,56.0,47.0,5,0,1,1,63,0,3,2001,False,False,False,True,False,False,False,False,False,False,22.0
732,2022-07-01,BK0012,Understanding Computer Science,Computer Science,15.0,70.0,35.666666666666664,6,0,0,0,63,0,4,2001,False,False,False,True,False,False,False,False,False,False,25.0
852,2022-08-01,BK0012,Understanding Computer Science,Computer Science,22.0,15.0,20.666666666666668,7,0,0,0,63,1,5,2001,False,False,False,True,False,False,False,False,False,False,33.0
972,2022-09-01,BK0012,Understanding Computer Science,Computer Science,25.0,22.0,26.666666666666668,8,0,0,0,63,1,7,2001,False,False,False,True,False,False,False,False,False,False,53.0
1092,2022-10-01,BK0012,Understanding Computer Science,Computer Science,33.0,25.0,37.0,9,1,0,0,63,0,10,2001,False,False,False,True,False,False,False,False,False,False,54.0
1212,2022-11-01,BK0012,Understanding Computer Science,Computer Science,53.0,33.0,46.666666666666664,10,1,0,0,63,1,5,2001,False,False,False,True,False,False,False,False,False,False,15.0
1332,2022-12-01,BK0012,Understanding Computer Science,Computer Science,54.0,53.0,40.666666666666664,11,0,1,0,63,0,2,2001,False,False,False,True,False,False,False,False,False,False,19.0
1452,2023-01-01,BK0012,Understanding Computer Science,Computer Science,15.0,54.0,29.333333333333332,12,0,0,1,63,0,3,2001,False,False,False,True,False,False,False,False,False,False,34.0
1572,2023-02-01,BK0012,Understanding Computer Science,Computer Science,19.0,15.0,22.666666666666668,13,0,0,1,63,0,5,2001,False,False,False,True,False,False,False,False,False,False,38.0
1692,2023-03-01,BK0012,Understanding Computer Science,Computer Science,34.0,19.0,30.333333333333332,14,0,0,1,63,1,3,2001,False,False,False,True,False,False,False,False,False,False,54.0
1812,2023-04-01,BK0012,Understanding Computer Science,Computer Science,38.0,34.0,42.0,15,1,0,1,63,0,8,2001,False,False,False,True,False,False,False,False,False,False,54.0
1932,2023-05-01,BK0012,Understanding Computer Science,Computer Science,54.0,38.0,48.666666666666664,16,1,0,1,63,0,6,2001,False,False,False,True,False,False,False,False,False,False,11.0
2052,2023-06-01,BK0012,Understanding Computer Science,Computer Science,54.0,54.0,39.666666666666664,17,0,1,1,63,1,1,2001,False,False,False,True,False,False,False,False,False,False,28.0
2172,2023-07-01,BK0012,Understanding Computer Science,Computer Science,11.0,54.0,31.0,18,0,0,0,63,1,5,2001,False,False,False,True,False,False,False,False,False,False,25.0
2292,2023-08-01,BK0012,Understanding Computer Science,Computer Science,28.0,11.0,21.333333333333332,19,0,0,0,63,1,5,2001,False,False,False,True,False,False,False,False,False,False,27.0
2412,2023-09-01,BK0012,Understanding Computer Science,Computer Science,25.0,28.0,26.666666666666668,20,0,0,0,63,1,5,2001,False,False,False,True,False,False,False,False,False,False,45.0
2532,2023-10-01,BK0012,Understanding Computer Science,Computer Science,27.0,25.0,32.333333333333336,21,1,0,0,63,1,5,2001,False,False,False,True,False,False,False,False,False,False,43.0
2652,2023-11-01,BK0012,Understanding Computer Science,Computer Science,45.0,27.0,38.333333333333336,22,1,0,0,63,0,7,2001,False,False,False,True,False,False,False,False,False,False,6.0
2772,2023-12-01,BK0012,Understanding Computer Science,Computer Science,43.0,45.0,31.333333333333332,23,0,1,0,63,0,1,2001,False,False,False,True,False,False,False,False,False,False,23.0
2892,2024-01-01,BK0012,Understanding Computer Science,Computer Science,6.0,43.0,24.0,24,0,0,1,63,0,3,2001,False,False,False,True,False,False,False,False,False,False,16.0
3012,2024-02-01,BK0012,Understanding Computer Science,Computer Science,23.0,6.0,15.0,25,0,0,1,63,0,1,2001,False,False,False,True,False,False,False,False,False,False,17.0
3132,2024-03-01,BK0012,Understanding Computer Science,Computer Science,16.0,23.0,18.666666666666668,26,0,0,1,63,2,3,2001,False,False,False,True,False,False,False,False,False,False,46.0
3252,2024-04-01,BK0012,Understanding Computer Science,Computer Science,17.0,16.0,26.333333333333332,27,1,0,1,63,0,4,2001,False,False,False,True,False,False,False,False,False,False,43.0
3372,2024-05-01,BK0012,Understanding Computer Science,Computer Science,46.0,17.0,35.333333333333336,28,1,0,1,63,0,2,2001,False,False,False,True,False,False,False,False,False,False,4.0
253,2022-03-01,BK0013,Introduction to Data Science,Data Science,13.0,14.0,11.0,2,0,0,1,42,0,0,2016,False,False,False,False,True,False,False,False,False,False,31.0
373,2022-04-01,BK0013,Introduction to Data Science,Data Science,6.0,13.0,16.666666666666668,3,1,0,1,42,0,4,2016,False,False,False,False,True,False,False,False,False,False,34.0
493,2022-05-01,BK0013,Introduction to Data Science,Data Science,31.0,6.0,23.666666666666668,4,1,0,1,42,0,2,2016,False,False,False,False,True,False,False,False,False,False,6.0
613,2022-06-01,BK0013,Introduction to Data Science,Data Science,34.0,31.0,23.666666666666668,5,0,1,1,42,0,0,2016,False,False,False,False,True,False,False,False,False,False,14.0
733,2022-07-01,BK0013,Introduction to Data Science,Data Science,6.0,34.0,18.0,6,0,0,0,42,1,2,2016,False,False,False,False,True,False,False,False,False,False,11.0
853,2022-08-01,BK0013,Introduction to Data Science,Data Science,14.0,6.0,10.333333333333334,7,0,0,0,42,0,1,2016,False,False,False,False,True,False,False,False,False,False,10.0
973,2022-09-01,BK0013,Introduction to Data Science,Data Science,11.0,14.0,11.666666666666666,8,0,0,0,42,0,0,2016,False,False,False,False,True,False,False,False,False,False,27.0
1093,2022-10-01,BK0013,Introduction to Data Science,Data Science,10.0,11.0,16.0,9,1,0,0,42,0,4,2016,False,False,False,False,True,False,False,False,False,False,20.0
1213,2022-11-01,BK0013,Introduction to Data Science,Data Science,27.0,10.0,19.0,10,1,0,0,42,1,2,2016,False,False,False,False,True,False,False,False,False,False,2.0
1333,2022-12-01,BK0013,Introduction to Data Science,Data Science,20.0,27.0,16.333333333333332,11,0,1,0,42,1,0,2016,False,False,False,False,True,False,False,False,False,False,16.0
1453,2023-01-01,BK0013,Introduction to Data Science,Data Science,2.0,20.0,12.666666666666666,12,0,0,1,42,0,5,2016,False,False,False,False,True,False,False,False,False,False,13.0
1573,2023-02-01,BK0013,Introduction to Data Science,Data Science,16.0,2.0,10.333333333333334,13,0,0,1,42,0,2,2016,False,False,False,False,True,False,False,False,False,False,13.0
1693,2023-03-01,BK0013,Introduction to Data Science,Data Science,13.0,16.0,14.0,14,0,0,1,42,0,5,2016,False,False,False,False,True,False,False,False,False,False,30.0
1813,2023-04-01,BK0013,Introduction to Data Science,Data Science,13.0,13.0,18.666666666666668,15,1,0,1,42,1,5,2016,False,False,False,False,True,False,False,False,False,False,23.0
1933,2023-05-01,BK0013,Introduction to Data Science,Data Science,30.0,13.0,22.0,16,1,0,1,42,0,6,2016,False,False,False,False,True,False,False,False,False,False,4.0
2053,2023-06-01,BK0013,Introduction to Data Science,Data Science,23.0,30.0,19.0,17,0,1,1,42,1,2,2016,False,False,False,False,True,False,False,False,False,False,15.0
2173,2023-07-01,BK0013,Introduction to Data Science,Data Science,4.0,23.0,14.0,18,0,0,0,42,0,2,2016,False,False,False,False,True,False,False,False,False,False,20.0
2293,2023-08-01,BK0013,Introduction to Data Science,Data Science,15.0,4.0,13.0,19,0,0,0,42,1,2,2016,False,False,False,False,True,False,False,False,False,False,11.0
2413,2023-09-01,BK0013,Introduction to Data Science,Data Science,20.0,15.0,15.333333333333334,20,0,0,0,42,0,1,2016,False,False,False,False,True,False,False,False,False,False,30.0
2533,2023-10-01,BK0013,Introduction to Data Science,Data Science,11.0,20.0,20.333333333333332,21,1,0,0,42,0,4,2016,False,False,False,False,True,False,False,False,False,False,25.0
2653,2023-11-01,BK0013,Introduction to Data Science,Data Science,30.0,11.0,22.0,22,1,0,0,42,0,4,2016,False,False,False,False,True,False,False,False,False,False,5.0
2773,2023-12-01,BK0013,Introduction to Data Science,Data Science,25.0,30.0,20.0,23,0,1,0,42,0,0,2016,False,False,False,False,True,False,False,False,False,False,11.0
2893,2024-01-01,BK0013,Introduction to Data Science,Data Science,5.0,25.0,13.666666666666666,24,0,0,1,42,0,2,2016,False,False,False,False,True,False,False,False,False,False,18.0
3013,2024-02-01,BK0013,Introduction to Data Science,Data Science,11.0,5.0,11.333333333333334,25,0,0,1,42,0,4,2016,False,False,False,False,True,False,False,False,False,False,19.0
3133,2024-03-01,BK0013,Introduction to Data Science,Data Science,18.0,11.0,16.0,26,0,0,1,42,0,2,2016,False,False,False,False,True,False,False,False,False,False,20.0
3253,2024-04-01,BK0013,Introduction to Data Science,Data Science,19.0,18.0,19.0,27,1,0,1,42,0,3,2016,False,False,False,False,True,False,False,False,False,False,23.0
3373,2024-05-01,BK0013,Introduction to Data Science,Data Science,20.0,19.0,20.666666666666668,28,1,0,1,42,1,7,2016,False,False,False,False,True,False,False,False,False,False,4.0
254,2022-03-01,BK0014,Fundamentals of Data Science,Data Science,21.0,25.0,24.0,2,0,0,1,69,0,3,2005,False,False,False,False,True,False,False,False,False,False,39.0
374,2022-04-01,BK0014,Fundamentals of Data Science,Data Science,26.0,21.0,28.666666666666668,3,1,0,1,69,0,8,2005,False,False,False,False,True,False,False,False,False,False,37.0
494,2022-05-01,BK0014,Fundamentals of Data Science,Data Science,39.0,26.0,34.0,4,1,0,1,69,1,8,2005,False,False,False,False,True,False,False,False,False,False,3.0
614,2022-06-01,BK0014,Fundamentals of Data Science,Data Science,37.0,39.0,26.333333333333332,5,0,1,1,69,0,0,2005,False,False,False,False,True,False,False,False,False,False,23.0
734,2022-07-01,BK0014,Fundamentals of Data Science,Data Science,3.0,37.0,21.0,6,0,0,0,69,0,5,2005,False,False,False,False,True,False,False,False,False,False,21.0
854,2022-08-01,BK0014,Fundamentals of Data Science,Data Science,23.0,3.0,15.666666666666666,7,0,0,0,69,0,2,2005,False,False,False,False,True,False,False,False,False,False,14.0
974,2022-09-01,BK0014,Fundamentals of Data Science,Data Science,21.0,23.0,19.333333333333332,8,0,0,0,69,0,2,2005,False,False,False,False,True,False,False,False,False,False,35.0
1094,2022-10-01,BK0014,Fundamentals of Data Science,Data Science,14.0,21.0,23.333333333333332,9,1,0,0,69,1,9,2005,False,False,False,False,True,False,False,False,False,False,38.0
1214,2022-11-01,BK0014,Fundamentals of Data Science,Data Science,35.0,14.0,29.0,10,1,0,0,69,0,6,2005,False,False,False,False,True,False,False,False,False,False,7.0
1334,2022-12-01,BK0014,Fundamentals of Data Science,Data Science,38.0,35.0,26.666666666666668,11,0,1,0,69,0,1,2005,False,False,False,False,True,False,False,False,False,False,14.0
1454,2023-01-01,BK0014,Fundamentals of Data Science,Data Science,7.0,38.0,19.666666666666668,12,0,0,1,69,0,1,2005,False,False,False,False,True,False,False,False,False,False,28.0
1574,2023-02-01,BK0014,Fundamentals of Data Science,Data Science,14.0,7.0,16.333333333333332,13,0,0,1,69,0,2,2005,False,False,False,False,True,False,False,False,False,False,25.0
1694,2023-03-01,BK0014,Fundamentals of Data Science,Data Science,28.0,14.0,22.333333333333332,14,0,0,1,69,0,3,2005,False,False,False,False,True,False,False,False,False,False,40.0
1814,2023-04-01,BK0014,Fundamentals of Data Science,Data Science,25.0,28.0,31.0,15,1,0,1,69,0,6,2005,False,False,False,False,True,False,False,False,False,False,34.0
1934,2023-05-01,BK0014,Fundamentals of Data Science,Data Science,40.0,25.0,33.0,16,1,0,1,69,0,1,2005,False,False,False,False,True,False,False,False,False,False,7.0
2054,2023-06-01,BK0014,Fundamentals of Data Science,Data Science,34.0,40.0,27.0,17,0,1,1,69,0,0,2005,False,False,False,False,True,False,False,False,False,False,21.0
2174,2023-07-01,BK0014,Fundamentals of Data Science,Data Science,7.0,34.0,20.666666666666668,18,0,0,0,69,0,2,2005,False,False,False,False,True,False,False,False,False,False,17.0
2294,2023-08-01,BK0014,Fundamentals of Data Science,Data Science,21.0,7.0,15.0,19,0,0,0,69,0,2,2005,False,False,False,False,True,False,False,False,False,False,19.0
2414,2023-09-01,BK0014,Fundamentals of Data Science,Data Science,17.0,21.0,19.0,20,0,0,0,69,0,6,2005,False,False,False,False,True,False,False,False,False,False,34.0
2534,2023-10-01,BK0014,Fundamentals of Data Science,Data Science,19.0,17.0,23.333333333333332,21,1,0,0,69,1,10,2005,False,False,False,False,True,False,False,False,False,False,40.0
2654,2023-11-01,BK0014,Fundamentals of Data Science,Data Science,34.0,19.0,31.0,22,1,0,0,69,0,9,2005,False,False,False,False,True,False,False,False,False,False,4.0
2774,2023-12-01,BK0014,Fundamentals of Data Science,Data Science,40.0,34.0,26.0,23,0,1,0,69,0,2,2005,False,False,False,False,True,False,False,False,False,False,27.0
2894,2024-01-01,BK0014,Fundamentals of Data Science,Data Science,4.0,40.0,23.666666666666668,24,0,0,1,69,1,6,2005,False,False,False,False,True,False,False,False,False,False,22.0
3014,2024-02-01,BK0014,Fundamentals of Data Science,Data Science,27.0,4.0,17.666666666666668,25,0,0,1,69,0,1,2005,False,False,False,False,True,False,False,False,False,False,23.0
3134,2024-03-01,BK0014,Fundamentals of Data Science,Data Science,22.0,27.0,24.0,26,0,0,1,69,1,3,2005,False,False,False,False,True,False,False,False,False,False,35.0
3254,2024-04-01,BK0014,Fundamentals of Data Science,Data Science,23.0,22.0,26.666666666666668,27,1,0,1,69,1,4,2005,False,False,False,False,True,False,False,False,False,False,30.0
3374,2024-05-01,BK0014,Fundamentals of Data Science,Data Science,35.0,23.0,29.333333333333332,28,1,0,1,69,0,1,2005,False,False,False,False,True,False,False,False,False,False,7.0
255,2022-03-01,BK0015,Data Science: A Practical Approach,Data Science,11.0,9.0,12.0,2,0,0,1,23,1,3,2021,False,False,False,False,True,False,False,False,False,False,29.0
375,2022-04-01,BK0015,Data Science: A Practical Approach,Data Science,16.0,11.0,18.666666666666668,3,1,0,1,23,4,7,2021,False,False,False,False,True,False,False,False,False,False,37.0
495,2022-05-01,BK0015,Data Science: A Practical Approach,Data Science,29.0,16.0,27.333333333333332,4,1,0,1,23,4,4,2021,False,False,False,False,True,False,False,False,False,False,7.0
615,2022-06-01,BK0015,Data Science: A Practical Approach,Data Science,37.0,29.0,24.333333333333332,5,0,1,1,23,3,2,2021,False,False,False,False,True,False,False,False,False,False,10.0
735,2022-07-01,BK0015,Data Science: A Practical Approach,Data Science,7.0,37.0,18.0,6,0,0,0,23,1,3,2021,False,False,False,False,True,False,False,False,False,False,9.0
855,2022-08-01,BK0015,Data Science: A Practical Approach,Data Science,10.0,7.0,8.666666666666666,7,0,0,0,23,0,1,2021,False,False,False,False,True,False,False,False,False,False,22.0
975,2022-09-01,BK0015,Data Science: A Practical Approach,Data Science,9.0,10.0,13.666666666666666,8,0,0,0,23,0,4,2021,False,False,False,False,True,False,False,False,False,False,32.0
1095,2022-10-01,BK0015,Data Science: A Practical Approach,Data Science,22.0,9.0,21.0,9,1,0,0,23,8,3,2021,False,False,False,False,True,False,False,False,False,False,33.0
1215,2022-11-01,BK0015,Data Science: A Practical Approach,Data Science,32.0,22.0,29.0,10,1,0,0,23,8,6,2021,False,False,False,False,True,False,False,False,False,False,7.0
1335,2022-12-01,BK0015,Data Science: A Practical Approach,Data Science,33.0,32.0,24.0,11,0,1,0,23,1,0,2021,False,False,False,False,True,False,False,False,False,False,12.0
1455,2023-01-01,BK0015,Data Science: A Practical Approach,Data Science,7.0,33.0,17.333333333333332,12,0,0,1,23,1,1,2021,False,False,False,False,True,False,False,False,False,False,14.0
1575,2023-02-01,BK0015,Data Science: A Practical Approach,Data Science,12.0,7.0,11.0,13,0,0,1,23,1,2,2021,False,False,False,False,True,False,False,False,False,False,15.0
1695,2023-03-01,BK0015,Data Science: A Practical Approach,Data Science,14.0,12.0,13.666666666666666,14,0,0,1,23,1,3,2021,False,False,False,False,True,False,False,False,False,False,30.0
1815,2023-04-01,BK0015,Data Science: A Practical Approach,Data Science,15.0,14.0,19.666666666666668,15,1,0,1,23,3,2,2021,False,False,False,False,True,False,False,False,False,False,34.0
1935,2023-05-01,BK0015,Data Science: A Practical Approach,Data Science,30.0,15.0,26.333333333333332,16,1,0,1,23,6,6,2021,False,False,False,False,True,False,False,False,False,False,10.0
2055,2023-06-01,BK0015,Data Science: A Practical Approach,Data Science,34.0,30.0,24.666666666666668,17,0,1,1,23,1,1,2021,False,False,False,False,True,False,False,False,False,False,24.0
2175,2023-07-01,BK0015,Data Science: A Practical Approach,Data Science,10.0,34.0,22.666666666666668,18,0,0,0,23,0,5,2021,False,False,False,False,True,False,False,False,False,False,28.0
2295,2023-08-01,BK0015,Data Science: A Practical Approach,Data Science,24.0,10.0,20.666666666666668,19,0,0,0,23,6,4,2021,False,False,False,False,True,False,False,False,False,False,20.0
2415,2023-09-01,BK0015,Data Science: A Practical Approach,Data Science,28.0,24.0,24.0,20,0,0,0,23,0,5,2021,False,False,False,False,True,False,False,False,False,False,34.0
2535,2023-10-01,BK0015,Data Science: A Practical Approach,Data Science,20.0,28.0,27.333333333333332,21,1,0,0,23,10,4,2021,False,False,False,False,True,False,False,False,False,False,46.0
2655,2023-11-01,BK0015,Data Science: A Practical Approach,Data Science,34.0,20.0,33.333333333333336,22,1,0,0,23,9,9,2021,False,False,False,False,True,False,False,False,False,False,14.0
2775,2023-12-01,BK0015,Data Science: A Practical Approach,Data Science,46.0,34.0,31.333333333333332,23,0,1,0,23,0,5,2021,False,False,False,False,True,False,False,False,False,False,28.0
2895,2024-01-01,BK0015,Data Science: A Practical Approach,Data Science,14.0,46.0,29.333333333333332,24,0,0,1,23,3,2,2021,False,False,False,False,True,False,False,False,False,False,26.0
3015,2024-02-01,BK0015,Data Science: A Practical Approach,Data Science,28.0,14.0,22.666666666666668,25,0,0,1,23,2,3,2021,False,False,False,False,True,False,False,False,False,False,23.0
3135,2024-03-01,BK0015,Data Science: A Practical Approach,Data Science,26.0,28.0,25.666666666666668,26,0,0,1,23,0,4,2021,False,False,False,False,True,False,False,False,False,False,43.0
3255,2024-04-01,BK0015,Data Science: A Practical Approach,Data Science,23.0,26.0,30.666666666666668,27,1,0,1,23,11,6,2021,False,False,False,False,True,False,False,False,False,False,36.0
3375,2024-05-01,BK0015,Data Science: A Practical Approach,Data Science,43.0,23.0,34.0,28,1,0,1,23,10,8,2021,False,False,False,False,True,False,False,False,False,False,4.0
256,2022-03-01,BK0016,Advanced Data Science,Data Science,22.0,24.0,21.0,2,0,0,1,66,1,2,2003,False,False,False,False,True,False,False,False,False,False,44.0
376,2022-04-01,BK0016,Advanced Data Science,Data Science,17.0,22.0,27.666666666666668,3,1,0,1,66,0,5,2003,False,False,False,False,True,False,False,False,False,False,25.0
496,2022-05-01,BK0016,Advanced Data Science,Data Science,44.0,17.0,28.666666666666668,4,1,0,1,66,0,3,2003,False,False,False,False,True,False,False,False,False,False,7.0
616,2022-06-01,BK0016,Advanced Data Science,Data Science,25.0,44.0,25.333333333333332,5,0,1,1,66,0,1,2003,False,False,False,False,True,False,False,False,False,False,20.0
736,2022-07-01,BK0016,Advanced Data Science,Data Science,7.0,25.0,17.333333333333332,6,0,0,0,66,0,7,2003,False,False,False,False,True,False,False,False,False,False,16.0
856,2022-08-01,BK0016,Advanced Data Science,Data Science,20.0,7.0,14.333333333333334,7,0,0,0,66,0,3,2003,False,False,False,False,True,False,False,False,False,False,18.0
976,2022-09-01,BK0016,Advanced Data Science,Data Science,16.0,20.0,18.0,8,0,0,0,66,0,4,2003,False,False,False,False,True,False,False,False,False,False,45.0
1096,2022-10-01,BK0016,Advanced Data Science,Data Science,18.0,16.0,26.333333333333332,9,1,0,0,66,0,3,2003,False,False,False,False,True,False,False,False,False,False,39.0
1216,2022-11-01,BK0016,Advanced Data Science,Data Science,45.0,18.0,34.0,10,1,0,0,66,1,3,2003,False,False,False,False,True,False,False,False,False,False,3.0
1336,2022-12-01,BK0016,Advanced Data Science,Data Science,39.0,45.0,29.0,11,0,1,0,66,0,1,2003,False,False,False,False,True,False,False,False,False,False,19.0
1456,2023-01-01,BK0016,Advanced Data Science,Data Science,3.0,39.0,20.333333333333332,12,0,0,1,66,0,4,2003,False,False,False,False,True,False,False,False,False,False,19.0
1576,2023-02-01,BK0016,Advanced Data Science,Data Science,19.0,3.0,13.666666666666666,13,0,0,1,66,0,1,2003,False,False,False,False,True,False,False,False,False,False,22.0
1696,2023-03-01,BK0016,Advanced Data Science,Data Science,19.0,19.0,20.0,14,0,0,1,66,0,4,2003,False,False,False,False,True,False,False,False,False,False,32.0
1816,2023-04-01,BK0016,Advanced Data Science,Data Science,22.0,19.0,24.333333333333332,15,1,0,1,66,0,5,2003,False,False,False,False,True,False,False,False,False,False,26.0
1936,2023-05-01,BK0016,Advanced Data Science,Data Science,32.0,22.0,26.666666666666668,16,1,0,1,66,0,3,2003,False,False,False,False,True,False,False,False,False,False,7.0
2056,2023-06-01,BK0016,Advanced Data Science,Data Science,26.0,32.0,21.666666666666668,17,0,1,1,66,0,0,2003,False,False,False,False,True,False,False,False,False,False,11.0
2176,2023-07-01,BK0016,Advanced Data Science,Data Science,7.0,26.0,14.666666666666666,18,0,0,0,66,0,3,2003,False,False,False,False,True,False,False,False,False,False,12.0
2296,2023-08-01,BK0016,Advanced Data Science,Data Science,11.0,7.0,10.0,19,0,0,0,66,0,4,2003,False,False,False,False,True,False,False,False,False,False,17.0
2416,2023-09-01,BK0016,Advanced Data Science,Data Science,12.0,11.0,13.333333333333334,20,0,0,0,66,1,2,2003,False,False,False,False,True,False,False,False,False,False,22.0
2536,2023-10-01,BK0016,Advanced Data Science,Data Science,17.0,12.0,17.0,21,1,0,0,66,1,3,2003,False,False,False,False,True,False,False,False,False,False,22.0
2656,2023-11-01,BK0016,Advanced Data Science,Data Science,22.0,17.0,20.333333333333332,22,1,0,0,66,0,1,2003,False,False,False,False,True,False,False,False,False,False,3.0
2776,2023-12-01,BK0016,Advanced Data Science,Data Science,22.0,22.0,15.666666666666666,23,0,1,0,66,0,0,2003,False,False,False,False,True,False,False,False,False,False,9.0
2896,2024-01-01,BK0016,Advanced Data Science,Data Science,3.0,22.0,11.333333333333334,24,0,0,1,66,0,0,2003,False,False,False,False,True,False,False,False,False,False,13.0
3016,2024-02-01,BK0016,Advanced Data Science,Data Science,9.0,3.0,8.333333333333334,25,0,0,1,66,0,2,2003,False,False,False,False,True,False,False,False,False,False,11.0
3136,2024-03-01,BK0016,Advanced Data Science,Data Science,13.0,9.0,11.0,26,0,0,1,66,0,2,2003,False,False,False,False,True,False,False,False,False,False,17.0
3256,2024-04-01,BK0016,Advanced Data Science,Data Science,11.0,13.0,13.666666666666666,27,1,0,1,66,0,2,2003,False,False,False,False,True,False,False,False,False,False,20.0
3376,2024-05-01,BK0016,Advanced Data Science,Data Science,17.0,11.0,16.0,28,1,0,1,66,0,1,2003,False,False,False,False,True,False,False,False,False,False,10.0
257,2022-03-01,BK0017,Principles of Data Science,Data Science,6.0,5.0,6.0,2,0,0,1,16,0,1,1996,False,False,False,False,True,False,False,False,False,False,11.0
377,2022-04-01,BK0017,Principles of Data Science,Data Science,7.0,6.0,8.0,3,1,0,1,16,1,1,1996,False,False,False,False,True,False,False,False,False,False,19.0
497,2022-05-01,BK0017,Principles of Data Science,Data Science,11.0,7.0,12.333333333333334,4,1,0,1,16,4,5,1996,False,False,False,False,True,False,False,False,False,False,4.0
617,2022-06-01,BK0017,Principles of Data Science,Data Science,19.0,11.0,11.333333333333334,5,0,1,1,16,1,0,1996,False,False,False,False,True,False,False,False,False,False,8.0
737,2022-07-01,BK0017,Principles of Data Science,Data Science,4.0,19.0,10.333333333333334,6,0,0,0,16,0,1,1996,False,False,False,False,True,False,False,False,False,False,9.0
857,2022-08-01,BK0017,Principles of Data Science,Data Science,8.0,4.0,7.0,7,0,0,0,16,1,1,1996,False,False,False,False,True,False,False,False,False,False,5.0
977,2022-09-01,BK0017,Principles of Data Science,Data Science,9.0,8.0,7.333333333333333,8,0,0,0,16,0,0,1996,False,False,False,False,True,False,False,False,False,False,19.0
1097,2022-10-01,BK0017,Principles of Data Science,Data Science,5.0,9.0,11.0,9,1,0,0,16,2,1,1996,False,False,False,False,True,False,False,False,False,False,10.0
1217,2022-11-01,BK0017,Principles of Data Science,Data Science,19.0,5.0,11.333333333333334,10,1,0,0,16,0,3,1996,False,False,False,False,True,False,False,False,False,False,4.0
1337,2022-12-01,BK0017,Principles of Data Science,Data Science,10.0,19.0,11.0,11,0,1,0,16,0,1,1996,False,False,False,False,True,False,False,False,False,False,12.0
1457,2023-01-01,BK0017,Principles of Data Science,Data Science,4.0,10.0,8.666666666666666,12,0,0,1,16,1,2,1996,False,False,False,False,True,False,False,False,False,False,10.0
1577,2023-02-01,BK0017,Principles of Data Science,Data Science,12.0,4.0,8.666666666666666,13,0,0,1,16,0,2,1996,False,False,False,False,True,False,False,False,False,False,5.0
1697,2023-03-01,BK0017,Principles of Data Science,Data Science,10.0,12.0,9.0,14,0,0,1,16,0,1,1996,False,False,False,False,True,False,False,False,False,False,22.0
1817,2023-04-01,BK0017,Principles of Data Science,Data Science,5.0,10.0,12.333333333333334,15,1,0,1,16,3,1,1996,False,False,False,False,True,False,False,False,False,False,14.0
1937,2023-05-01,BK0017,Principles of Data Science,Data Science,22.0,5.0,13.666666666666666,16,1,0,1,16,1,2,1996,False,False,False,False,True,False,False,False,False,False,1.0
2057,2023-06-01,BK0017,Principles of Data Science,Data Science,14.0,22.0,12.333333333333334,17,0,1,1,16,0,0,1996,False,False,False,False,True,False,False,False,False,False,6.0
2177,2023-07-01,BK0017,Principles of Data Science,Data Science,1.0,14.0,7.0,18,0,0,0,16,0,0,1996,False,False,False,False,True,False,False,False,False,False,5.0
2297,2023-08-01,BK0017,Principles of Data Science,Data Science,6.0,1.0,4.0,19,0,0,0,16,0,0,1996,False,False,False,False,True,False,False,False,False,False,8.0
2417,2023-09-01,BK0017,Principles of Data Science,Data Science,5.0,6.0,6.333333333333333,20,0,0,0,16,1,1,1996,False,False,False,False,True,False,False,False,False,False,15.0
2537,2023-10-01,BK0017,Principles of Data Science,Data Science,8.0,5.0,9.333333333333334,21,1,0,0,16,0,4,1996,False,False,False,False,True,False,False,False,False,False,13.0
2657,2023-11-01,BK0017,Principles of Data Science,Data Science,15.0,8.0,12.0,22,1,0,0,16,2,3,1996,False,False,False,False,True,False,False,False,False,False,3.0
2777,2023-12-01,BK0017,Principles of Data Science,Data Science,13.0,15.0,10.333333333333334,23,0,1,0,16,1,0,1996,False,False,False,False,True,False,False,False,False,False,8.0
2897,2024-01-01,BK0017,Principles of Data Science,Data Science,3.0,13.0,8.0,24,0,0,1,16,0,2,1996,False,False,False,False,True,False,False,False,False,False,13.0
3017,2024-02-01,BK0017,Principles of Data Science,Data Science,8.0,3.0,8.0,25,0,0,1,16,0,3,1996,False,False,False,False,True,False,False,False,False,False,8.0
3137,2024-03-01,BK0017,Principles of Data Science,Data Science,13.0,8.0,9.666666666666666,26,0,0,1,16,1,1,1996,False,False,False,False,True,False,False,False,False,False,17.0
3257,2024-04-01,BK0017,Principles of Data Science,Data Science,8.0,13.0,12.666666666666666,27,1,0,1,16,0,2,1996,False,False,False,False,True,False,False,False,False,False,17.0
3377,2024-05-01,BK0017,Principles of Data Science,Data Science,17.0,8.0,14.0,28,1,0,1,16,1,3,1996,False,False,False,False,True,False,False,False,False,False,4.0
258,2022-03-01,BK0018,Data Science for Engineers,Data Science,12.0,6.0,10.0,2,0,0,1,46,1,0,2000,False,False,False,False,True,False,False,False,False,False,12.0
378,2022-04-01,BK0018,Data Science for Engineers,Data Science,12.0,12.0,12.0,3,1,0,1,46,0,3,2000,False,False,False,False,True,False,False,False,False,False,10.0
498,2022-05-01,BK0018,Data Science for Engineers,Data Science,12.0,12.0,11.333333333333334,4,1,0,1,46,0,2,2000,False,False,False,False,True,False,False,False,False,False,2.0
618,2022-06-01,BK0018,Data Science for Engineers,Data Science,10.0,12.0,8.0,5,0,1,1,46,0,0,2000,False,False,False,False,True,False,False,False,False,False,11.0
738,2022-07-01,BK0018,Data Science for Engineers,Data Science,2.0,10.0,7.666666666666667,6,0,0,0,46,0,1,2000,False,False,False,False,True,False,False,False,False,False,3.0
858,2022-08-01,BK0018,Data Science for Engineers,Data Science,11.0,2.0,5.333333333333333,7,0,0,0,46,0,1,2000,False,False,False,False,True,False,False,False,False,False,11.0
978,2022-09-01,BK0018,Data Science for Engineers,Data Science,3.0,11.0,8.333333333333334,8,0,0,0,46,2,3,2000,False,False,False,False,True,False,False,False,False,False,19.0
1098,2022-10-01,BK0018,Data Science for Engineers,Data Science,11.0,3.0,11.0,9,1,0,0,46,0,2,2000,False,False,False,False,True,False,False,False,False,False,18.0
1218,2022-11-01,BK0018,Data Science for Engineers,Data Science,19.0,11.0,16.0,10,1,0,0,46,1,2,2000,False,False,False,False,True,False,False,False,False,False,5.0
1338,2022-12-01,BK0018,Data Science for Engineers,Data Science,18.0,19.0,14.0,11,0,1,0,46,0,1,2000,False,False,False,False,True,False,False,False,False,False,13.0
1458,2023-01-01,BK0018,Data Science for Engineers,Data Science,5.0,18.0,12.0,12,0,0,1,46,0,2,2000,False,False,False,False,True,False,False,False,False,False,6.0
1578,2023-02-01,BK0018,Data Science for Engineers,Data Science,13.0,5.0,8.0,13,0,0,1,46,0,0,2000,False,False,False,False,True,False,False,False,False,False,13.0
1698,2023-03-01,BK0018,Data Science for Engineers,Data Science,6.0,13.0,10.666666666666666,14,0,0,1,46,0,6,2000,False,False,False,False,True,False,False,False,False,False,17.0
1818,2023-04-01,BK0018,Data Science for Engineers,Data Science,13.0,6.0,12.0,15,1,0,1,46,0,2,2000,False,False,False,False,True,False,False,False,False,False,30.0
1938,2023-05-01,BK0018,Data Science for Engineers,Data Science,17.0,13.0,20.0,16,1,0,1,46,0,1,2000,False,False,False,False,True,False,False,False,False,False,2.0
2058,2023-06-01,BK0018,Data Science for Engineers,Data Science,30.0,17.0,16.333333333333332,17,0,1,1,46,0,0,2000,False,False,False,False,True,False,False,False,False,False,9.0
2178,2023-07-01,BK0018,Data Science for Engineers,Data Science,2.0,30.0,13.666666666666666,18,0,0,0,46,0,1,2000,False,False,False,False,True,False,False,False,False,False,8.0
2298,2023-08-01,BK0018,Data Science for Engineers,Data Science,9.0,2.0,6.333333333333333,19,0,0,0,46,0,1,2000,False,False,False,False,True,False,False,False,False,False,5.0
2418,2023-09-01,BK0018,Data Science for Engineers,Data Science,8.0,9.0,7.333333333333333,20,0,0,0,46,0,1,2000,False,False,False,False,True,False,False,False,False,False,14.0
2538,2023-10-01,BK0018,Data Science for Engineers,Data Science,5.0,8.0,9.0,21,1,0,0,46,0,1,2000,False,False,False,False,True,False,False,False,False,False,22.0
2658,2023-11-01,BK0018,Data Science for Engineers,Data Science,14.0,5.0,13.666666666666666,22,1,0,0,46,0,5,2000,False,False,False,False,True,False,False,False,False,False,1.0
2778,2023-12-01,BK0018,Data Science for Engineers,Data Science,22.0,14.0,12.333333333333334,23,0,1,0,46,0,1,2000,False,False,False,False,True,False,False,False,False,False,7.0
2898,2024-01-01,BK0018,Data Science for Engineers,Data Science,1.0,22.0,10.0,24,0,0,1,46,0,2,2000,False,False,False,False,True,False,False,False,False,False,11.0
3018,2024-02-01,BK0018,Data Science for Engineers,Data Science,7.0,1.0,6.333333333333333,25,0,0,1,46,0,0,2000,False,False,False,False,True,False,False,False,False,False,6.0
3138,2024-03-01,BK0018,Data Science for Engineers,Data Science,11.0,7.0,8.0,26,0,0,1,46,1,0,2000,False,False,False,False,True,False,False,False,False,False,10.0
3258,2024-04-01,BK0018,Data Science for Engineers,Data Science,6.0,11.0,9.0,27,1,0,1,46,0,0,2000,False,False,False,False,True,False,False,False,False,False,16.0
3378,2024-05-01,BK0018,Data Science for Engineers,Data Science,10.0,6.0,10.666666666666666,28,1,0,1,46,2,1,2000,False,False,False,False,True,False,False,False,False,False,3.0
259,2022-03-01,BK0019,Modern Data Science,Data Science,19.0,18.0,15.333333333333334,2,0,0,1,30,0,0,2010,False,False,False,False,True,False,False,False,False,False,34.0
379,2022-04-01,BK0019,Modern Data Science,Data Science,9.0,19.0,20.666666666666668,3,1,0,1,30,1,2,2010,False,False,False,False,True,False,False,False,False,False,22.0
499,2022-05-01,BK0019,Modern Data Science,Data Science,34.0,9.0,21.666666666666668,4,1,0,1,30,0,5,2010,False,False,False,False,True,False,False,False,False,False,6.0
619,2022-06-01,BK0019,Modern Data Science,Data Science,22.0,34.0,20.666666666666668,5,0,1,1,30,1,1,2010,False,False,False,False,True,False,False,False,False,False,18.0
739,2022-07-01,BK0019,Modern Data Science,Data Science,6.0,22.0,15.333333333333334,6,0,0,0,30,0,5,2010,False,False,False,False,True,False,False,False,False,False,17.0
859,2022-08-01,BK0019,Modern Data Science,Data Science,18.0,6.0,13.666666666666666,7,0,0,0,30,1,1,2010,False,False,False,False,True,False,False,False,False,False,10.0
979,2022-09-01,BK0019,Modern Data Science,Data Science,17.0,18.0,15.0,8,0,0,0,30,0,1,2010,False,False,False,False,True,False,False,False,False,False,22.0
1099,2022-10-01,BK0019,Modern Data Science,Data Science,10.0,17.0,16.333333333333332,9,1,0,0,30,0,3,2010,False,False,False,False,True,False,False,False,False,False,24.0
1219,2022-11-01,BK0019,Modern Data Science,Data Science,22.0,10.0,18.666666666666668,10,1,0,0,30,2,5,2010,False,False,False,False,True,False,False,False,False,False,2.0
1339,2022-12-01,BK0019,Modern Data Science,Data Science,24.0,22.0,16.0,11,0,1,0,30,0,0,2010,False,False,False,False,True,False,False,False,False,False,20.0
1459,2023-01-01,BK0019,Modern Data Science,Data Science,2.0,24.0,15.333333333333334,12,0,0,1,30,0,1,2010,False,False,False,False,True,False,False,False,False,False,17.0
1579,2023-02-01,BK0019,Modern Data Science,Data Science,20.0,2.0,13.0,13,0,0,1,30,0,0,2010,False,False,False,False,True,False,False,False,False,False,15.0
1699,2023-03-01,BK0019,Modern Data Science,Data Science,17.0,20.0,17.333333333333332,14,0,0,1,30,1,3,2010,False,False,False,False,True,False,False,False,False,False,24.0
1819,2023-04-01,BK0019,Modern Data Science,Data Science,15.0,17.0,18.666666666666668,15,1,0,1,30,0,2,2010,False,False,False,False,True,False,False,False,False,False,25.0
1939,2023-05-01,BK0019,Modern Data Science,Data Science,24.0,15.0,21.333333333333332,16,1,0,1,30,4,3,2010,False,False,False,False,True,False,False,False,False,False,6.0
2059,2023-06-01,BK0019,Modern Data Science,Data Science,25.0,24.0,18.333333333333332,17,0,1,1,30,0,1,2010,False,False,False,False,True,False,False,False,False,False,20.0
2179,2023-07-01,BK0019,Modern Data Science,Data Science,6.0,25.0,17.0,18,0,0,0,30,0,6,2010,False,False,False,False,True,False,False,False,False,False,18.0
2299,2023-08-01,BK0019,Modern Data Science,Data Science,20.0,6.0,14.666666666666666,19,0,0,0,30,0,0,2010,False,False,False,False,True,False,False,False,False,False,9.0
2419,2023-09-01,BK0019,Modern Data Science,Data Science,18.0,20.0,15.666666666666666,20,0,0,0,30,0,0,2010,False,False,False,False,True,False,False,False,False,False,29.0
2539,2023-10-01,BK0019,Modern Data Science,Data Science,9.0,18.0,18.666666666666668,21,1,0,0,30,0,3,2010,False,False,False,False,True,False,False,False,False,False,29.0
2659,2023-11-01,BK0019,Modern Data Science,Data Science,29.0,9.0,22.333333333333332,22,1,0,0,30,1,5,2010,False,False,False,False,True,False,False,False,False,False,5.0
2779,2023-12-01,BK0019,Modern Data Science,Data Science,29.0,29.0,21.0,23,0,1,0,30,1,0,2010,False,False,False,False,True,False,False,False,False,False,17.0
2899,2024-01-01,BK0019,Modern Data Science,Data Science,5.0,29.0,17.0,24,0,0,1,30,0,4,2010,False,False,False,False,True,False,False,False,False,False,9.0
3019,2024-02-01,BK0019,Modern Data Science,Data Science,17.0,5.0,10.333333333333334,25,0,0,1,30,0,3,2010,False,False,False,False,True,False,False,False,False,False,14.0
3139,2024-03-01,BK0019,Modern Data Science,Data Science,9.0,17.0,13.333333333333334,26,0,0,1,30,0,1,2010,False,False,False,False,True,False,False,False,False,False,27.0
3259,2024-04-01,BK0019,Modern Data Science,Data Science,14.0,9.0,16.666666666666668,27,1,0,1,30,0,7,2010,False,False,False,False,True,False,False,False,False,False,27.0
3379,2024-05-01,BK0019,Modern Data Science,Data Science,27.0,14.0,22.666666666666668,28,1,0,1,30,0,6,2010,False,False,False,False,True,False,False,False,False,False,4.0
260,2022-03-01,BK0020,Applied Data Science,Data Science,13.0,12.0,10.333333333333334,2,0,0,1,40,0,0,2013,False,False,False,False,True,False,False,False,False,False,25.0
380,2022-04-01,BK0020,Applied Data Science,Data Science,6.0,13.0,14.666666666666666,3,1,0,1,40,0,4,2013,False,False,False,False,True,False,False,False,False,False,22.0
500,2022-05-01,BK0020,Applied Data Science,Data Science,25.0,6.0,17.666666666666668,4,1,0,1,40,0,2,2013,False,False,False,False,True,False,False,False,False,False,4.0
620,2022-06-01,BK0020,Applied Data Science,Data Science,22.0,25.0,17.0,5,0,1,1,40,0,0,2013,False,False,False,False,True,False,False,False,False,False,15.0
740,2022-07-01,BK0020,Applied Data Science,Data Science,4.0,22.0,13.666666666666666,6,0,0,0,40,0,2,2013,False,False,False,False,True,False,False,False,False,False,13.0
860,2022-08-01,BK0020,Applied Data Science,Data Science,15.0,4.0,10.666666666666666,7,0,0,0,40,2,1,2013,False,False,False,False,True,False,False,False,False,False,7.0
980,2022-09-01,BK0020,Applied Data Science,Data Science,13.0,15.0,11.666666666666666,8,0,0,0,40,1,4,2013,False,False,False,False,True,False,False,False,False,False,31.0
1100,2022-10-01,BK0020,Applied Data Science,Data Science,7.0,13.0,17.0,9,1,0,0,40,0,5,2013,False,False,False,False,True,False,False,False,False,False,28.0
1220,2022-11-01,BK0020,Applied Data Science,Data Science,31.0,7.0,22.0,10,1,0,0,40,0,5,2013,False,False,False,False,True,False,False,False,False,False,5.0
1340,2022-12-01,BK0020,Applied Data Science,Data Science,28.0,31.0,21.333333333333332,11,0,1,0,40,1,1,2013,False,False,False,False,True,False,False,False,False,False,16.0
1460,2023-01-01,BK0020,Applied Data Science,Data Science,5.0,28.0,16.333333333333332,12,0,0,1,40,0,1,2013,False,False,False,False,True,False,False,False,False,False,11.0
1580,2023-02-01,BK0020,Applied Data Science,Data Science,16.0,5.0,10.666666666666666,13,0,0,1,40,0,1,2013,False,False,False,False,True,False,False,False,False,False,11.0
1700,2023-03-01,BK0020,Applied Data Science,Data Science,11.0,16.0,12.666666666666666,14,0,0,1,40,2,0,2013,False,False,False,False,True,False,False,False,False,False,21.0
1820,2023-04-01,BK0020,Applied Data Science,Data Science,11.0,11.0,14.333333333333334,15,1,0,1,40,0,5,2013,False,False,False,False,True,False,False,False,False,False,22.0
1940,2023-05-01,BK0020,Applied Data Science,Data Science,21.0,11.0,18.0,16,1,0,1,40,0,4,2013,False,False,False,False,True,False,False,False,False,False,3.0
2060,2023-06-01,BK0020,Applied Data Science,Data Science,22.0,21.0,15.333333333333334,17,0,1,1,40,2,1,2013,False,False,False,False,True,False,False,False,False,False,10.0
2180,2023-07-01,BK0020,Applied Data Science,Data Science,3.0,22.0,11.666666666666666,18,0,0,0,40,1,0,2013,False,False,False,False,True,False,False,False,False,False,15.0
2300,2023-08-01,BK0020,Applied Data Science,Data Science,10.0,3.0,9.333333333333334,19,0,0,0,40,0,3,2013,False,False,False,False,True,False,False,False,False,False,7.0
2420,2023-09-01,BK0020,Applied Data Science,Data Science,15.0,10.0,10.666666666666666,20,0,0,0,40,0,0,2013,False,False,False,False,True,False,False,False,False,False,13.0
2540,2023-10-01,BK0020,Applied Data Science,Data Science,7.0,15.0,11.666666666666666,21,1,0,0,40,0,0,2013,False,False,False,False,True,False,False,False,False,False,17.0
2660,2023-11-01,BK0020,Applied Data Science,Data Science,13.0,7.0,12.333333333333334,22,1,0,0,40,0,4,2013,False,False,False,False,True,False,False,False,False,False,7.0
2780,2023-12-01,BK0020,Applied Data Science,Data Science,17.0,13.0,12.333333333333334,23,0,1,0,40,0,0,2013,False,False,False,False,True,False,False,False,False,False,11.0
2900,2024-01-01,BK0020,Applied Data Science,Data Science,7.0,17.0,11.666666666666666,24,0,0,1,40,0,0,2013,False,False,False,False,True,False,False,False,False,False,14.0
3020,2024-02-01,BK0020,Applied Data Science,Data Science,11.0,7.0,10.666666666666666,25,0,0,1,40,0,5,2013,False,False,False,False,True,False,False,False,False,False,16.0
3140,2024-03-01,BK0020,Applied Data Science,Data Science,14.0,11.0,13.666666666666666,26,0,0,1,40,1,2,2013,False,False,False,False,True,False,False,False,False,False,25.0
3260,2024-04-01,BK0020,Applied Data Science,Data Science,16.0,14.0,18.333333333333332,27,1,0,1,40,0,1,2013,False,False,False,False,True,False,False,False,False,False,31.0
3380,2024-05-01,BK0020,Applied Data Science,Data Science,25.0,16.0,24.0,28,1,0,1,40,0,6,2013,False,False,False,False,True,False,False,False,False,False,7.0
261,2022-03-01,BK0021,Data Science Concepts and Applications,Data Science,6.0,9.0,8.0,2,0,0,1,39,1,0,2019,False,False,False,False,True,False,False,False,False,False,12.0
381,2022-04-01,BK0021,Data Science Concepts and Applications,Data Science,9.0,6.0,9.0,3,1,0,1,39,0,3,2019,False,False,False,False,True,False,False,False,False,False,16.0
501,2022-05-01,BK0021,Data Science Concepts and Applications,Data Science,12.0,9.0,12.333333333333334,4,1,0,1,39,0,5,2019,False,False,False,False,True,False,False,False,False,False,3.0
621,2022-06-01,BK0021,Data Science Concepts and Applications,Data Science,16.0,12.0,10.333333333333334,5,0,1,1,39,0,0,2019,False,False,False,False,True,False,False,False,False,False,9.0
741,2022-07-01,BK0021,Data Science Concepts and Applications,Data Science,3.0,16.0,9.333333333333334,6,0,0,0,39,0,3,2019,False,False,False,False,True,False,False,False,False,False,12.0
861,2022-08-01,BK0021,Data Science Concepts and Applications,Data Science,9.0,3.0,8.0,7,0,0,0,39,0,2,2019,False,False,False,False,True,False,False,False,False,False,9.0
981,2022-09-01,BK0021,Data Science Concepts and Applications,Data Science,12.0,9.0,10.0,8,0,0,0,39,0,0,2019,False,False,False,False,True,False,False,False,False,False,15.0
1101,2022-10-01,BK0021,Data Science Concepts and Applications,Data Science,9.0,12.0,12.0,9,1,0,0,39,0,1,2019,False,False,False,False,True,False,False,False,False,False,10.0
1221,2022-11-01,BK0021,Data Science Concepts and Applications,Data Science,15.0,9.0,11.333333333333334,10,1,0,0,39,2,2,2019,False,False,False,False,True,False,False,False,False,False,2.0
1341,2022-12-01,BK0021,Data Science Concepts and Applications,Data Science,10.0,15.0,9.0,11,0,1,0,39,0,0,2019,False,False,False,False,True,False,False,False,False,False,6.0
1461,2023-01-01,BK0021,Data Science Concepts and Applications,Data Science,2.0,10.0,6.0,12,0,0,1,39,1,2,2019,False,False,False,False,True,False,False,False,False,False,5.0
1581,2023-02-01,BK0021,Data Science Concepts and Applications,Data Science,6.0,2.0,4.333333333333333,13,0,0,1,39,0,0,2019,False,False,False,False,True,False,False,False,False,False,2.0
1701,2023-03-01,BK0021,Data Science Concepts and Applications,Data Science,5.0,6.0,4.333333333333333,14,0,0,1,39,0,0,2019,False,False,False,False,True,False,False,False,False,False,15.0
1821,2023-04-01,BK0021,Data Science Concepts and Applications,Data Science,2.0,5.0,7.333333333333333,15,1,0,1,39,2,6,2019,False,False,False,False,True,False,False,False,False,False,18.0
1941,2023-05-01,BK0021,Data Science Concepts and Applications,Data Science,15.0,2.0,11.666666666666666,16,1,0,1,39,0,2,2019,False,False,False,False,True,False,False,False,False,False,1.0
2061,2023-06-01,BK0021,Data Science Concepts and Applications,Data Science,18.0,15.0,11.333333333333334,17,0,1,1,39,0,0,2019,False,False,False,False,True,False,False,False,False,False,6.0
2181,2023-07-01,BK0021,Data Science Concepts and Applications,Data Science,1.0,18.0,8.333333333333334,18,0,0,0,39,0,1,2019,False,False,False,False,True,False,False,False,False,False,5.0
2301,2023-08-01,BK0021,Data Science Concepts and Applications,Data Science,6.0,1.0,4.0,19,0,0,0,39,0,3,2019,False,False,False,False,True,False,False,False,False,False,3.0
2421,2023-09-01,BK0021,Data Science Concepts and Applications,Data Science,5.0,6.0,4.666666666666667,20,0,0,0,39,1,0,2019,False,False,False,False,True,False,False,False,False,False,10.0
2541,2023-10-01,BK0021,Data Science Concepts and Applications,Data Science,3.0,5.0,6.0,21,1,0,0,39,0,3,2019,False,False,False,False,True,False,False,False,False,False,7.0
2661,2023-11-01,BK0021,Data Science Concepts and Applications,Data Science,10.0,3.0,6.666666666666667,22,1,0,0,39,0,3,2019,False,False,False,False,True,False,False,False,False,False,3.0
2781,2023-12-01,BK0021,Data Science Concepts and Applications,Data Science,7.0,10.0,6.666666666666667,23,0,1,0,39,0,0,2019,False,False,False,False,True,False,False,False,False,False,4.0
2901,2024-01-01,BK0021,Data Science Concepts and Applications,Data Science,3.0,7.0,4.666666666666667,24,0,0,1,39,0,1,2019,False,False,False,False,True,False,False,False,False,False,5.0
3021,2024-02-01,BK0021,Data Science Concepts and Applications,Data Science,4.0,3.0,4.0,25,0,0,1,39,0,1,2019,False,False,False,False,True,False,False,False,False,False,4.0
3141,2024-03-01,BK0021,Data Science Concepts and Applications,Data Science,5.0,4.0,4.333333333333333,26,0,0,1,39,0,1,2019,False,False,False,False,True,False,False,False,False,False,6.0
3261,2024-04-01,BK0021,Data Science Concepts and Applications,Data Science,4.0,5.0,5.0,27,1,0,1,39,1,0,2019,False,False,False,False,True,False,False,False,False,False,5.0
3381,2024-05-01,BK0021,Data Science Concepts and Applications,Data Science,6.0,4.0,5.0,28,1,0,1,39,0,0,2019,False,False,False,False,True,False,False,False,False,False,2.0
262,2022-03-01,BK0022,Essentials of Data Science,Data Science,14.0,18.0,16.666666666666668,2,0,0,1,63,0,3,2014,False,False,False,False,True,False,False,False,False,False,21.0
382,2022-04-01,BK0022,Essentials of Data Science,Data Science,18.0,14.0,17.666666666666668,3,1,0,1,63,0,1,2014,False,False,False,False,True,False,False,False,False,False,23.0
502,2022-05-01,BK0022,Essentials of Data Science,Data Science,21.0,18.0,20.666666666666668,4,1,0,1,63,0,2,2014,False,False,False,False,True,False,False,False,False,False,7.0
622,2022-06-01,BK0022,Essentials of Data Science,Data Science,23.0,21.0,17.0,5,0,1,1,63,0,0,2014,False,False,False,False,True,False,False,False,False,False,10.0
742,2022-07-01,BK0022,Essentials of Data Science,Data Science,7.0,23.0,13.333333333333334,6,0,0,0,63,1,1,2014,False,False,False,False,True,False,False,False,False,False,18.0
862,2022-08-01,BK0022,Essentials of Data Science,Data Science,10.0,7.0,11.666666666666666,7,0,0,0,63,0,0,2014,False,False,False,False,True,False,False,False,False,False,14.0
982,2022-09-01,BK0022,Essentials of Data Science,Data Science,18.0,10.0,14.0,8,0,0,0,63,0,3,2014,False,False,False,False,True,False,False,False,False,False,28.0
1102,2022-10-01,BK0022,Essentials of Data Science,Data Science,14.0,18.0,20.0,9,1,0,0,63,1,5,2014,False,False,False,False,True,False,False,False,False,False,32.0
1222,2022-11-01,BK0022,Essentials of Data Science,Data Science,28.0,14.0,24.666666666666668,10,1,0,0,63,0,4,2014,False,False,False,False,True,False,False,False,False,False,5.0
1342,2022-12-01,BK0022,Essentials of Data Science,Data Science,32.0,28.0,21.666666666666668,11,0,1,0,63,0,1,2014,False,False,False,False,True,False,False,False,False,False,19.0
1462,2023-01-01,BK0022,Essentials of Data Science,Data Science,5.0,32.0,18.666666666666668,12,0,0,1,63,1,3,2014,False,False,False,False,True,False,False,False,False,False,16.0
1582,2023-02-01,BK0022,Essentials of Data Science,Data Science,19.0,5.0,13.333333333333334,13,0,0,1,63,0,2,2014,False,False,False,False,True,False,False,False,False,False,15.0
1702,2023-03-01,BK0022,Essentials of Data Science,Data Science,16.0,19.0,16.666666666666668,14,0,0,1,63,1,1,2014,False,False,False,False,True,False,False,False,False,False,20.0
1822,2023-04-01,BK0022,Essentials of Data Science,Data Science,15.0,16.0,17.0,15,1,0,1,63,1,1,2014,False,False,False,False,True,False,False,False,False,False,23.0
1942,2023-05-01,BK0022,Essentials of Data Science,Data Science,20.0,15.0,19.333333333333332,16,1,0,1,63,0,4,2014,False,False,False,False,True,False,False,False,False,False,10.0
2062,2023-06-01,BK0022,Essentials of Data Science,Data Science,23.0,20.0,17.666666666666668,17,0,1,1,63,0,1,2014,False,False,False,False,True,False,False,False,False,False,16.0
2182,2023-07-01,BK0022,Essentials of Data Science,Data Science,10.0,23.0,16.333333333333332,18,0,0,0,63,1,2,2014,False,False,False,False,True,False,False,False,False,False,18.0
2302,2023-08-01,BK0022,Essentials of Data Science,Data Science,16.0,10.0,14.666666666666666,19,0,0,0,63,0,3,2014,False,False,False,False,True,False,False,False,False,False,17.0
2422,2023-09-01,BK0022,Essentials of Data Science,Data Science,18.0,16.0,17.0,20,0,0,0,63,0,0,2014,False,False,False,False,True,False,False,False,False,False,29.0
2542,2023-10-01,BK0022,Essentials of Data Science,Data Science,17.0,18.0,21.333333333333332,21,1,0,0,63,0,5,2014,False,False,False,False,True,False,False,False,False,False,27.0
2662,2023-11-01,BK0022,Essentials of Data Science,Data Science,29.0,17.0,24.333333333333332,22,1,0,0,63,1,5,2014,False,False,False,False,True,False,False,False,False,False,8.0
2782,2023-12-01,BK0022,Essentials of Data Science,Data Science,27.0,29.0,21.333333333333332,23,0,1,0,63,0,0,2014,False,False,False,False,True,False,False,False,False,False,24.0
2902,2024-01-01,BK0022,Essentials of Data Science,Data Science,8.0,27.0,19.666666666666668,24,0,0,1,63,1,4,2014,False,False,False,False,True,False,False,False,False,False,22.0
3022,2024-02-01,BK0022,Essentials of Data Science,Data Science,24.0,8.0,18.0,25,0,0,1,63,0,3,2014,False,False,False,False,True,False,False,False,False,False,17.0
3142,2024-03-01,BK0022,Essentials of Data Science,Data Science,22.0,24.0,21.0,26,0,0,1,63,0,1,2014,False,False,False,False,True,False,False,False,False,False,27.0
3262,2024-04-01,BK0022,Essentials of Data Science,Data Science,17.0,22.0,22.0,27,1,0,1,63,1,3,2014,False,False,False,False,True,False,False,False,False,False,34.0
3382,2024-05-01,BK0022,Essentials of Data Science,Data Science,27.0,17.0,26.0,28,1,0,1,63,1,4,2014,False,False,False,False,True,False,False,False,False,False,3.0
263,2022-03-01,BK0023,Data Science: Theory and Practice,Data Science,22.0,15.0,18.333333333333332,2,0,0,1,47,0,2,2018,False,False,False,False,True,False,False,False,False,False,34.0
383,2022-04-01,BK0023,Data Science: Theory and Practice,Data Science,18.0,22.0,24.666666666666668,3,1,0,1,47,0,4,2018,False,False,False,False,True,False,False,False,False,False,21.0
503,2022-05-01,BK0023,Data Science: Theory and Practice,Data Science,34.0,18.0,24.333333333333332,4,1,0,1,47,0,2,2018,False,False,False,False,True,False,False,False,False,False,10.0
623,2022-06-01,BK0023,Data Science: Theory and Practice,Data Science,21.0,34.0,21.666666666666668,5,0,1,1,47,1,1,2018,False,False,False,False,True,False,False,False,False,False,19.0
743,2022-07-01,BK0023,Data Science: Theory and Practice,Data Science,10.0,21.0,16.666666666666668,6,0,0,0,47,0,3,2018,False,False,False,False,True,False,False,False,False,False,12.0
863,2022-08-01,BK0023,Data Science: Theory and Practice,Data Science,19.0,10.0,13.666666666666666,7,0,0,0,47,2,4,2018,False,False,False,False,True,False,False,False,False,False,15.0
983,2022-09-01,BK0023,Data Science: Theory and Practice,Data Science,12.0,19.0,15.333333333333334,8,0,0,0,47,0,1,2018,False,False,False,False,True,False,False,False,False,False,15.0
1103,2022-10-01,BK0023,Data Science: Theory and Practice,Data Science,15.0,12.0,14.0,9,1,0,0,47,0,1,2018,False,False,False,False,True,False,False,False,False,False,19.0
1223,2022-11-01,BK0023,Data Science: Theory and Practice,Data Science,15.0,15.0,16.333333333333332,10,1,0,0,47,1,2,2018,False,False,False,False,True,False,False,False,False,False,4.0
1343,2022-12-01,BK0023,Data Science: Theory and Practice,Data Science,19.0,15.0,12.666666666666666,11,0,1,0,47,0,2,2018,False,False,False,False,True,False,False,False,False,False,15.0
1463,2023-01-01,BK0023,Data Science: Theory and Practice,Data Science,4.0,19.0,12.666666666666666,12,0,0,1,47,0,6,2018,False,False,False,False,True,False,False,False,False,False,11.0
1583,2023-02-01,BK0023,Data Science: Theory and Practice,Data Science,15.0,4.0,10.0,13,0,0,1,47,1,4,2018,False,False,False,False,True,False,False,False,False,False,12.0
1703,2023-03-01,BK0023,Data Science: Theory and Practice,Data Science,11.0,15.0,12.666666666666666,14,0,0,1,47,0,3,2018,False,False,False,False,True,False,False,False,False,False,19.0
1823,2023-04-01,BK0023,Data Science: Theory and Practice,Data Science,12.0,11.0,14.0,15,1,0,1,47,1,0,2018,False,False,False,False,True,False,False,False,False,False,28.0
1943,2023-05-01,BK0023,Data Science: Theory and Practice,Data Science,19.0,12.0,19.666666666666668,16,1,0,1,47,0,4,2018,False,False,False,False,True,False,False,False,False,False,3.0
2063,2023-06-01,BK0023,Data Science: Theory and Practice,Data Science,28.0,19.0,16.666666666666668,17,0,1,1,47,0,1,2018,False,False,False,False,True,False,False,False,False,False,10.0
2183,2023-07-01,BK0023,Data Science: Theory and Practice,Data Science,3.0,28.0,13.666666666666666,18,0,0,0,47,0,1,2018,False,False,False,False,True,False,False,False,False,False,5.0
2303,2023-08-01,BK0023,Data Science: Theory and Practice,Data Science,10.0,3.0,6.0,19,0,0,0,47,0,1,2018,False,False,False,False,True,False,False,False,False,False,10.0
2423,2023-09-01,BK0023,Data Science: Theory and Practice,Data Science,5.0,10.0,8.333333333333334,20,0,0,0,47,0,0,2018,False,False,False,False,True,False,False,False,False,False,17.0
2543,2023-10-01,BK0023,Data Science: Theory and Practice,Data Science,10.0,5.0,10.666666666666666,21,1,0,0,47,0,1,2018,False,False,False,False,True,False,False,False,False,False,11.0
2663,2023-11-01,BK0023,Data Science: Theory and Practice,Data Science,17.0,10.0,12.666666666666666,22,1,0,0,47,0,1,2018,False,False,False,False,True,False,False,False,False,False,2.0
2783,2023-12-01,BK0023,Data Science: Theory and Practice,Data Science,11.0,17.0,10.0,23,0,1,0,47,0,0,2018,False,False,False,False,True,False,False,False,False,False,6.0
2903,2024-01-01,BK0023,Data Science: Theory and Practice,Data Science,2.0,11.0,6.333333333333333,24,0,0,1,47,0,3,2018,False,False,False,False,True,False,False,False,False,False,5.0
3023,2024-02-01,BK0023,Data Science: Theory and Practice,Data Science,6.0,2.0,4.333333333333333,25,0,0,1,47,0,1,2018,False,False,False,False,True,False,False,False,False,False,7.0
3143,2024-03-01,BK0023,Data Science: Theory and Practice,Data Science,5.0,6.0,6.0,26,0,0,1,47,1,0,2018,False,False,False,False,True,False,False,False,False,False,6.0
3263,2024-04-01,BK0023,Data Science: Theory and Practice,Data Science,7.0,5.0,6.0,27,1,0,1,47,0,1,2018,False,False,False,False,True,False,False,False,False,False,5.0
3383,2024-05-01,BK0023,Data Science: Theory and Practice,Data Science,6.0,7.0,6.0,28,1,0,1,47,0,1,2018,False,False,False,False,True,False,False,False,False,False,0.0
264,2022-03-01,BK0024,Understanding Data Science,Data Science,25.0,29.0,24.666666666666668,2,0,0,1,49,0,6,2019,False,False,False,False,True,False,False,False,False,False,55.0
384,2022-04-01,BK0024,Understanding Data Science,Data Science,20.0,25.0,33.333333333333336,3,1,0,1,49,2,11,2019,False,False,False,False,True,False,False,False,False,False,57.0
504,2022-05-01,BK0024,Understanding Data Science,Data Science,55.0,20.0,44.0,4,1,0,1,49,4,14,2019,False,False,False,False,True,False,False,False,False,False,6.0
624,2022-06-01,BK0024,Understanding Data Science,Data Science,57.0,55.0,39.333333333333336,5,0,1,1,49,0,0,2019,False,False,False,False,True,False,False,False,False,False,33.0
744,2022-07-01,BK0024,Understanding Data Science,Data Science,6.0,57.0,32.0,6,0,0,0,49,0,5,2019,False,False,False,False,True,False,False,False,False,False,35.0
864,2022-08-01,BK0024,Understanding Data Science,Data Science,33.0,6.0,24.666666666666668,7,0,0,0,49,0,4,2019,False,False,False,False,True,False,False,False,False,False,25.0
984,2022-09-01,BK0024,Understanding Data Science,Data Science,35.0,33.0,31.0,8,0,0,0,49,0,3,2019,False,False,False,False,True,False,False,False,False,False,56.0
1104,2022-10-01,BK0024,Understanding Data Science,Data Science,25.0,35.0,38.666666666666664,9,1,0,0,49,4,11,2019,False,False,False,False,True,False,False,False,False,False,58.0
1224,2022-11-01,BK0024,Understanding Data Science,Data Science,56.0,25.0,46.333333333333336,10,1,0,0,49,6,7,2019,False,False,False,False,True,False,False,False,False,False,18.0
1344,2022-12-01,BK0024,Understanding Data Science,Data Science,58.0,56.0,44.0,11,0,1,0,49,1,2,2019,False,False,False,False,True,False,False,False,False,False,42.0
1464,2023-01-01,BK0024,Understanding Data Science,Data Science,18.0,58.0,39.333333333333336,12,0,0,1,49,0,8,2019,False,False,False,False,True,False,False,False,False,False,27.0
1584,2023-02-01,BK0024,Understanding Data Science,Data Science,42.0,18.0,29.0,13,0,0,1,49,1,4,2019,False,False,False,False,True,False,False,False,False,False,36.0
1704,2023-03-01,BK0024,Understanding Data Science,Data Science,27.0,42.0,35.0,14,0,0,1,49,1,3,2019,False,False,False,False,True,False,False,False,False,False,84.0
1824,2023-04-01,BK0024,Understanding Data Science,Data Science,36.0,27.0,49.0,15,1,0,1,49,21,7,2019,False,False,False,False,True,False,False,False,False,False,71.0
1944,2023-05-01,BK0024,Understanding Data Science,Data Science,84.0,36.0,63.666666666666664,16,1,0,1,49,15,12,2019,False,False,False,False,True,False,False,False,False,False,23.0
2064,2023-06-01,BK0024,Understanding Data Science,Data Science,71.0,84.0,59.333333333333336,17,0,1,1,49,2,2,2019,False,False,False,False,True,False,False,False,False,False,44.0
2184,2023-07-01,BK0024,Understanding Data Science,Data Science,23.0,71.0,46.0,18,0,0,0,49,0,3,2019,False,False,False,False,True,False,False,False,False,False,31.0
2304,2023-08-01,BK0024,Understanding Data Science,Data Science,44.0,23.0,32.666666666666664,19,0,0,0,49,0,2,2019,False,False,False,False,True,False,False,False,False,False,43.0
2424,2023-09-01,BK0024,Understanding Data Science,Data Science,31.0,44.0,39.333333333333336,20,0,0,0,49,0,3,2019,False,False,False,False,True,False,False,False,False,False,95.0
2544,2023-10-01,BK0024,Understanding Data Science,Data Science,43.0,31.0,56.333333333333336,21,1,0,0,49,22,14,2019,False,False,False,False,True,False,False,False,False,False,76.0
2664,2023-11-01,BK0024,Understanding Data Science,Data Science,95.0,43.0,71.33333333333333,22,1,0,0,49,15,11,2019,False,False,False,False,True,False,False,False,False,False,16.0
2784,2023-12-01,BK0024,Understanding Data Science,Data Science,76.0,95.0,62.333333333333336,23,0,1,0,49,0,6,2019,False,False,False,False,True,False,False,False,False,False,51.0
2904,2024-01-01,BK0024,Understanding Data Science,Data Science,16.0,76.0,47.666666666666664,24,0,0,1,49,2,12,2019,False,False,False,False,True,False,False,False,False,False,52.0
3024,2024-02-01,BK0024,Understanding Data Science,Data Science,51.0,16.0,39.666666666666664,25,0,0,1,49,1,7,2019,False,False,False,False,True,False,False,False,False,False,54.0
3144,2024-03-01,BK0024,Understanding Data Science,Data Science,52.0,51.0,52.333333333333336,26,0,0,1,49,2,10,2019,False,False,False,False,True,False,False,False,False,False,96.0
3264,2024-04-01,BK0024,Understanding Data Science,Data Science,54.0,52.0,67.33333333333333,27,1,0,1,49,20,16,2019,False,False,False,False,True,False,False,False,False,False,106.0
3384,2024-05-01,BK0024,Understanding Data Science,Data Science,96.0,54.0,85.33333333333333,28,1,0,1,49,43,20,2019,False,False,False,False,True,False,False,False,False,False,26.0
265,2022-03-01,BK0025,Introduction to Electronics,Electronics,21.0,21.0,20.666666666666668,2,0,0,1,62,0,4,2015,False,False,False,False,False,True,False,False,False,False,33.0
385,2022-04-01,BK0025,Introduction to Electronics,Electronics,20.0,21.0,24.666666666666668,3,1,0,1,62,0,6,2015,False,False,False,False,False,True,False,False,False,False,24.0
505,2022-05-01,BK0025,Introduction to Electronics,Electronics,33.0,20.0,25.666666666666668,4,1,0,1,62,0,2,2015,False,False,False,False,False,True,False,False,False,False,9.0
625,2022-06-01,BK0025,Introduction to Electronics,Electronics,24.0,33.0,22.0,5,0,1,1,62,0,0,2015,False,False,False,False,False,True,False,False,False,False,13.0
745,2022-07-01,BK0025,Introduction to Electronics,Electronics,9.0,24.0,15.333333333333334,6,0,0,0,62,1,2,2015,False,False,False,False,False,True,False,False,False,False,18.0
865,2022-08-01,BK0025,Introduction to Electronics,Electronics,13.0,9.0,13.333333333333334,7,0,0,0,62,0,2,2015,False,False,False,False,False,True,False,False,False,False,15.0
985,2022-09-01,BK0025,Introduction to Electronics,Electronics,18.0,13.0,15.333333333333334,8,0,0,0,62,0,1,2015,False,False,False,False,False,True,False,False,False,False,34.0
1105,2022-10-01,BK0025,Introduction to Electronics,Electronics,15.0,18.0,22.333333333333332,9,1,0,0,62,0,5,2015,False,False,False,False,False,True,False,False,False,False,32.0
1225,2022-11-01,BK0025,Introduction to Electronics,Electronics,34.0,15.0,27.0,10,1,0,0,62,1,6,2015,False,False,False,False,False,True,False,False,False,False,6.0
1345,2022-12-01,BK0025,Introduction to Electronics,Electronics,32.0,34.0,24.0,11,0,1,0,62,0,3,2015,False,False,False,False,False,True,False,False,False,False,17.0
1465,2023-01-01,BK0025,Introduction to Electronics,Electronics,6.0,32.0,18.333333333333332,12,0,0,1,62,0,1,2015,False,False,False,False,False,True,False,False,False,False,18.0
1585,2023-02-01,BK0025,Introduction to Electronics,Electronics,17.0,6.0,13.666666666666666,13,0,0,1,62,0,2,2015,False,False,False,False,False,True,False,False,False,False,20.0
1705,2023-03-01,BK0025,Introduction to Electronics,Electronics,18.0,17.0,18.333333333333332,14,0,0,1,62,0,5,2015,False,False,False,False,False,True,False,False,False,False,28.0
1825,2023-04-01,BK0025,Introduction to Electronics,Electronics,20.0,18.0,22.0,15,1,0,1,62,0,6,2015,False,False,False,False,False,True,False,False,False,False,26.0
1945,2023-05-01,BK0025,Introduction to Electronics,Electronics,28.0,20.0,24.666666666666668,16,1,0,1,62,1,3,2015,False,False,False,False,False,True,False,False,False,False,11.0
2065,2023-06-01,BK0025,Introduction to Electronics,Electronics,26.0,28.0,21.666666666666668,17,0,1,1,62,0,2,2015,False,False,False,False,False,True,False,False,False,False,16.0
2185,2023-07-01,BK0025,Introduction to Electronics,Electronics,11.0,26.0,17.666666666666668,18,0,0,0,62,0,2,2015,False,False,False,False,False,True,False,False,False,False,6.0
2305,2023-08-01,BK0025,Introduction to Electronics,Electronics,16.0,11.0,11.0,19,0,0,0,62,0,0,2015,False,False,False,False,False,True,False,False,False,False,15.0
2425,2023-09-01,BK0025,Introduction to Electronics,Electronics,6.0,16.0,12.333333333333334,20,0,0,0,62,0,2,2015,False,False,False,False,False,True,False,False,False,False,27.0
2545,2023-10-01,BK0025,Introduction to Electronics,Electronics,15.0,6.0,16.0,21,1,0,0,62,0,5,2015,False,False,False,False,False,True,False,False,False,False,35.0
2665,2023-11-01,BK0025,Introduction to Electronics,Electronics,27.0,15.0,25.666666666666668,22,1,0,0,62,0,4,2015,False,False,False,False,False,True,False,False,False,False,12.0
2785,2023-12-01,BK0025,Introduction to Electronics,Electronics,35.0,27.0,24.666666666666668,23,0,1,0,62,0,0,2015,False,False,False,False,False,True,False,False,False,False,16.0
2905,2024-01-01,BK0025,Introduction to Electronics,Electronics,12.0,35.0,21.0,24,0,0,1,62,0,3,2015,False,False,False,False,False,True,False,False,False,False,20.0
3025,2024-02-01,BK0025,Introduction to Electronics,Electronics,16.0,12.0,16.0,25,0,0,1,62,2,5,2015,False,False,False,False,False,True,False,False,False,False,22.0
3145,2024-03-01,BK0025,Introduction to Electronics,Electronics,20.0,16.0,19.333333333333332,26,0,0,1,62,0,2,2015,False,False,False,False,False,True,False,False,False,False,28.0
3265,2024-04-01,BK0025,Introduction to Electronics,Electronics,22.0,20.0,23.333333333333332,27,1,0,1,62,1,0,2015,False,False,False,False,False,True,False,False,False,False,24.0
3385,2024-05-01,BK0025,Introduction to Electronics,Electronics,28.0,22.0,24.666666666666668,28,1,0,1,62,0,3,2015,False,False,False,False,False,True,False,False,False,False,8.0
266,2022-03-01,BK0026,Fundamentals of Electronics,Electronics,8.0,4.0,6.333333333333333,2,0,0,1,36,0,0,2013,False,False,False,False,False,True,False,False,False,False,10.0
386,2022-04-01,BK0026,Fundamentals of Electronics,Electronics,7.0,8.0,8.333333333333334,3,1,0,1,36,1,1,2013,False,False,False,False,False,True,False,False,False,False,2.0
506,2022-05-01,BK0026,Fundamentals of Electronics,Electronics,10.0,7.0,6.333333333333333,4,1,0,1,36,0,0,2013,False,False,False,False,False,True,False,False,False,False,5.0
626,2022-06-01,BK0026,Fundamentals of Electronics,Electronics,2.0,10.0,5.666666666666667,5,0,1,1,36,0,2,2013,False,False,False,False,False,True,False,False,False,False,7.0
746,2022-07-01,BK0026,Fundamentals of Electronics,Electronics,5.0,2.0,4.666666666666667,6,0,0,0,36,0,3,2013,False,False,False,False,False,True,False,False,False,False,8.0
866,2022-08-01,BK0026,Fundamentals of Electronics,Electronics,7.0,5.0,6.666666666666667,7,0,0,0,36,1,1,2013,False,False,False,False,False,True,False,False,False,False,1.0
986,2022-09-01,BK0026,Fundamentals of Electronics,Electronics,8.0,7.0,5.333333333333333,8,0,0,0,36,0,0,2013,False,False,False,False,False,True,False,False,False,False,15.0
1106,2022-10-01,BK0026,Fundamentals of Electronics,Electronics,1.0,8.0,8.0,9,1,0,0,36,0,2,2013,False,False,False,False,False,True,False,False,False,False,16.0
1226,2022-11-01,BK0026,Fundamentals of Electronics,Electronics,15.0,1.0,10.666666666666666,10,1,0,0,36,1,2,2013,False,False,False,False,False,True,False,False,False,False,2.0
1346,2022-12-01,BK0026,Fundamentals of Electronics,Electronics,16.0,15.0,11.0,11,0,1,0,36,0,0,2013,False,False,False,False,False,True,False,False,False,False,5.0
1466,2023-01-01,BK0026,Fundamentals of Electronics,Electronics,2.0,16.0,7.666666666666667,12,0,0,1,36,3,0,2013,False,False,False,False,False,True,False,False,False,False,12.0
1586,2023-02-01,BK0026,Fundamentals of Electronics,Electronics,5.0,2.0,6.333333333333333,13,0,0,1,36,0,1,2013,False,False,False,False,False,True,False,False,False,False,7.0
1706,2023-03-01,BK0026,Fundamentals of Electronics,Electronics,12.0,5.0,8.0,14,0,0,1,36,0,1,2013,False,False,False,False,False,True,False,False,False,False,10.0
1826,2023-04-01,BK0026,Fundamentals of Electronics,Electronics,7.0,12.0,9.666666666666666,15,1,0,1,36,0,1,2013,False,False,False,False,False,True,False,False,False,False,7.0
1946,2023-05-01,BK0026,Fundamentals of Electronics,Electronics,10.0,7.0,8.0,16,1,0,1,36,0,0,2013,False,False,False,False,False,True,False,False,False,False,1.0
2066,2023-06-01,BK0026,Fundamentals of Electronics,Electronics,7.0,10.0,6.0,17,0,1,1,36,0,0,2013,False,False,False,False,False,True,False,False,False,False,4.0
2186,2023-07-01,BK0026,Fundamentals of Electronics,Electronics,1.0,7.0,4.0,18,0,0,0,36,0,1,2013,False,False,False,False,False,True,False,False,False,False,4.0
2306,2023-08-01,BK0026,Fundamentals of Electronics,Electronics,4.0,1.0,3.0,19,0,0,0,36,0,1,2013,False,False,False,False,False,True,False,False,False,False,3.0
2426,2023-09-01,BK0026,Fundamentals of Electronics,Electronics,4.0,4.0,3.6666666666666665,20,0,0,0,36,0,1,2013,False,False,False,False,False,True,False,False,False,False,12.0
2546,2023-10-01,BK0026,Fundamentals of Electronics,Electronics,3.0,4.0,6.333333333333333,21,1,0,0,36,0,3,2013,False,False,False,False,False,True,False,False,False,False,11.0
2666,2023-11-01,BK0026,Fundamentals of Electronics,Electronics,12.0,3.0,8.666666666666666,22,1,0,0,36,0,0,2013,False,False,False,False,False,True,False,False,False,False,2.0
2786,2023-12-01,BK0026,Fundamentals of Electronics,Electronics,11.0,12.0,8.333333333333334,23,0,1,0,36,0,0,2013,False,False,False,False,False,True,False,False,False,False,8.0
2906,2024-01-01,BK0026,Fundamentals of Electronics,Electronics,2.0,11.0,7.0,24,0,0,1,36,0,1,2013,False,False,False,False,False,True,False,False,False,False,6.0
3026,2024-02-01,BK0026,Fundamentals of Electronics,Electronics,8.0,2.0,5.333333333333333,25,0,0,1,36,0,0,2013,False,False,False,False,False,True,False,False,False,False,7.0
3146,2024-03-01,BK0026,Fundamentals of Electronics,Electronics,6.0,8.0,7.0,26,0,0,1,36,0,1,2013,False,False,False,False,False,True,False,False,False,False,14.0
3266,2024-04-01,BK0026,Fundamentals of Electronics,Electronics,7.0,6.0,9.0,27,1,0,1,36,1,0,2013,False,False,False,False,False,True,False,False,False,False,5.0
3386,2024-05-01,BK0026,Fundamentals of Electronics,Electronics,14.0,7.0,8.666666666666666,28,1,0,1,36,0,0,2013,False,False,False,False,False,True,False,False,False,False,3.0
267,2022-03-01,BK0027,Electronics: A Practical Approach,Electronics,24.0,23.0,22.666666666666668,2,0,0,1,62,1,3,1999,False,False,False,False,False,True,False,False,False,False,43.0
387,2022-04-01,BK0027,Electronics: A Practical Approach,Electronics,21.0,24.0,29.333333333333332,3,1,0,1,62,0,5,1999,False,False,False,False,False,True,False,False,False,False,41.0
507,2022-05-01,BK0027,Electronics: A Practical Approach,Electronics,43.0,21.0,35.0,4,1,0,1,62,0,6,1999,False,False,False,False,False,True,False,False,False,False,12.0
627,2022-06-01,BK0027,Electronics: A Practical Approach,Electronics,41.0,43.0,32.0,5,0,1,1,62,0,2,1999,False,False,False,False,False,True,False,False,False,False,26.0
747,2022-07-01,BK0027,Electronics: A Practical Approach,Electronics,12.0,41.0,26.333333333333332,6,0,0,0,62,0,3,1999,False,False,False,False,False,True,False,False,False,False,26.0
867,2022-08-01,BK0027,Electronics: A Practical Approach,Electronics,26.0,12.0,21.333333333333332,7,0,0,0,62,1,5,1999,False,False,False,False,False,True,False,False,False,False,33.0
987,2022-09-01,BK0027,Electronics: A Practical Approach,Electronics,26.0,26.0,28.333333333333332,8,0,0,0,62,1,9,1999,False,False,False,False,False,True,False,False,False,False,35.0
1107,2022-10-01,BK0027,Electronics: A Practical Approach,Electronics,33.0,26.0,31.333333333333332,9,1,0,0,62,0,4,1999,False,False,False,False,False,True,False,False,False,False,46.0
1227,2022-11-01,BK0027,Electronics: A Practical Approach,Electronics,35.0,33.0,38.0,10,1,0,0,62,0,3,1999,False,False,False,False,False,True,False,False,False,False,13.0
1347,2022-12-01,BK0027,Electronics: A Practical Approach,Electronics,46.0,35.0,31.333333333333332,11,0,1,0,62,0,2,1999,False,False,False,False,False,True,False,False,False,False,28.0
1467,2023-01-01,BK0027,Electronics: A Practical Approach,Electronics,13.0,46.0,29.0,12,0,0,1,62,0,4,1999,False,False,False,False,False,True,False,False,False,False,23.0
1587,2023-02-01,BK0027,Electronics: A Practical Approach,Electronics,28.0,13.0,21.333333333333332,13,0,0,1,62,0,4,1999,False,False,False,False,False,True,False,False,False,False,25.0
1707,2023-03-01,BK0027,Electronics: A Practical Approach,Electronics,23.0,28.0,25.333333333333332,14,0,0,1,62,0,2,1999,False,False,False,False,False,True,False,False,False,False,53.0
1827,2023-04-01,BK0027,Electronics: A Practical Approach,Electronics,25.0,23.0,33.666666666666664,15,1,0,1,62,0,6,1999,False,False,False,False,False,True,False,False,False,False,39.0
1947,2023-05-01,BK0027,Electronics: A Practical Approach,Electronics,53.0,25.0,39.0,16,1,0,1,62,0,3,1999,False,False,False,False,False,True,False,False,False,False,10.0
2067,2023-06-01,BK0027,Electronics: A Practical Approach,Electronics,39.0,53.0,34.0,17,0,1,1,62,0,2,1999,False,False,False,False,False,True,False,False,False,False,31.0
2187,2023-07-01,BK0027,Electronics: A Practical Approach,Electronics,10.0,39.0,26.666666666666668,18,0,0,0,62,0,4,1999,False,False,False,False,False,True,False,False,False,False,26.0
2307,2023-08-01,BK0027,Electronics: A Practical Approach,Electronics,31.0,10.0,22.333333333333332,19,0,0,0,62,0,0,1999,False,False,False,False,False,True,False,False,False,False,21.0
2427,2023-09-01,BK0027,Electronics: A Practical Approach,Electronics,26.0,31.0,26.0,20,0,0,0,62,0,4,1999,False,False,False,False,False,True,False,False,False,False,60.0
2547,2023-10-01,BK0027,Electronics: A Practical Approach,Electronics,21.0,26.0,35.666666666666664,21,1,0,0,62,1,9,1999,False,False,False,False,False,True,False,False,False,False,46.0
2667,2023-11-01,BK0027,Electronics: A Practical Approach,Electronics,60.0,21.0,42.333333333333336,22,1,0,0,62,0,11,1999,False,False,False,False,False,True,False,False,False,False,11.0
2787,2023-12-01,BK0027,Electronics: A Practical Approach,Electronics,46.0,60.0,39.0,23,0,1,0,62,1,2,1999,False,False,False,False,False,True,False,False,False,False,22.0
2907,2024-01-01,BK0027,Electronics: A Practical Approach,Electronics,11.0,46.0,26.333333333333332,24,0,0,1,62,1,5,1999,False,False,False,False,False,True,False,False,False,False,34.0
3027,2024-02-01,BK0027,Electronics: A Practical Approach,Electronics,22.0,11.0,22.333333333333332,25,0,0,1,62,0,4,1999,False,False,False,False,False,True,False,False,False,False,28.0
3147,2024-03-01,BK0027,Electronics: A Practical Approach,Electronics,34.0,22.0,28.0,26,0,0,1,62,1,2,1999,False,False,False,False,False,True,False,False,False,False,41.0
3267,2024-04-01,BK0027,Electronics: A Practical Approach,Electronics,28.0,34.0,34.333333333333336,27,1,0,1,62,0,4,1999,False,False,False,False,False,True,False,False,False,False,49.0
3387,2024-05-01,BK0027,Electronics: A Practical Approach,Electronics,41.0,28.0,39.333333333333336,28,1,0,1,62,0,12,1999,False,False,False,False,False,True,False,False,False,False,9.0
268,2022-03-01,BK0028,Advanced Electronics,Electronics,14.0,15.0,13.333333333333334,2,0,0,1,20,0,1,2015,False,False,False,False,False,True,False,False,False,False,17.0
388,2022-04-01,BK0028,Advanced Electronics,Electronics,11.0,14.0,14.0,3,1,0,1,20,0,3,2015,False,False,False,False,False,True,False,False,False,False,21.0
508,2022-05-01,BK0028,Advanced Electronics,Electronics,17.0,11.0,16.333333333333332,4,1,0,1,20,1,5,2015,False,False,False,False,False,True,False,False,False,False,3.0
628,2022-06-01,BK0028,Advanced Electronics,Electronics,21.0,17.0,13.666666666666666,5,0,1,1,20,0,0,2015,False,False,False,False,False,True,False,False,False,False,11.0
748,2022-07-01,BK0028,Advanced Electronics,Electronics,3.0,21.0,11.666666666666666,6,0,0,0,20,0,0,2015,False,False,False,False,False,True,False,False,False,False,16.0
868,2022-08-01,BK0028,Advanced Electronics,Electronics,11.0,3.0,10.0,7,0,0,0,20,1,5,2015,False,False,False,False,False,True,False,False,False,False,12.0
988,2022-09-01,BK0028,Advanced Electronics,Electronics,16.0,11.0,13.0,8,0,0,0,20,2,2,2015,False,False,False,False,False,True,False,False,False,False,23.0
1108,2022-10-01,BK0028,Advanced Electronics,Electronics,12.0,16.0,17.0,9,1,0,0,20,2,4,2015,False,False,False,False,False,True,False,False,False,False,21.0
1228,2022-11-01,BK0028,Advanced Electronics,Electronics,23.0,12.0,18.666666666666668,10,1,0,0,20,2,6,2015,False,False,False,False,False,True,False,False,False,False,5.0
1348,2022-12-01,BK0028,Advanced Electronics,Electronics,21.0,23.0,16.333333333333332,11,0,1,0,20,0,2,2015,False,False,False,False,False,True,False,False,False,False,18.0
1468,2023-01-01,BK0028,Advanced Electronics,Electronics,5.0,21.0,14.666666666666666,12,0,0,1,20,0,3,2015,False,False,False,False,False,True,False,False,False,False,18.0
1588,2023-02-01,BK0028,Advanced Electronics,Electronics,18.0,5.0,13.666666666666666,13,0,0,1,20,0,1,2015,False,False,False,False,False,True,False,False,False,False,12.0
1708,2023-03-01,BK0028,Advanced Electronics,Electronics,18.0,18.0,16.0,14,0,0,1,20,0,4,2015,False,False,False,False,False,True,False,False,False,False,20.0
1828,2023-04-01,BK0028,Advanced Electronics,Electronics,12.0,18.0,16.666666666666668,15,1,0,1,20,0,3,2015,False,False,False,False,False,True,False,False,False,False,21.0
1948,2023-05-01,BK0028,Advanced Electronics,Electronics,20.0,12.0,17.666666666666668,16,1,0,1,20,1,2,2015,False,False,False,False,False,True,False,False,False,False,5.0
2068,2023-06-01,BK0028,Advanced Electronics,Electronics,21.0,20.0,15.333333333333334,17,0,1,1,20,0,0,2015,False,False,False,False,False,True,False,False,False,False,19.0
2188,2023-07-01,BK0028,Advanced Electronics,Electronics,5.0,21.0,15.0,18,0,0,0,20,0,2,2015,False,False,False,False,False,True,False,False,False,False,8.0
2308,2023-08-01,BK0028,Advanced Electronics,Electronics,19.0,5.0,10.666666666666666,19,0,0,0,20,0,1,2015,False,False,False,False,False,True,False,False,False,False,20.0
2428,2023-09-01,BK0028,Advanced Electronics,Electronics,8.0,19.0,15.666666666666666,20,0,0,0,20,0,4,2015,False,False,False,False,False,True,False,False,False,False,17.0
2548,2023-10-01,BK0028,Advanced Electronics,Electronics,20.0,8.0,15.0,21,1,0,0,20,0,2,2015,False,False,False,False,False,True,False,False,False,False,19.0
2668,2023-11-01,BK0028,Advanced Electronics,Electronics,17.0,20.0,18.666666666666668,22,1,0,0,20,1,2,2015,False,False,False,False,False,True,False,False,False,False,10.0
2788,2023-12-01,BK0028,Advanced Electronics,Electronics,19.0,17.0,15.333333333333334,23,0,1,0,20,0,1,2015,False,False,False,False,False,True,False,False,False,False,13.0
2908,2024-01-01,BK0028,Advanced Electronics,Electronics,10.0,19.0,14.0,24,0,0,1,20,0,0,2015,False,False,False,False,False,True,False,False,False,False,10.0
3028,2024-02-01,BK0028,Advanced Electronics,Electronics,13.0,10.0,11.0,25,0,0,1,20,0,3,2015,False,False,False,False,False,True,False,False,False,False,23.0
3148,2024-03-01,BK0028,Advanced Electronics,Electronics,10.0,13.0,15.333333333333334,26,0,0,1,20,1,4,2015,False,False,False,False,False,True,False,False,False,False,24.0
3268,2024-04-01,BK0028,Advanced Electronics,Electronics,23.0,10.0,19.0,27,1,0,1,20,1,1,2015,False,False,False,False,False,True,False,False,False,False,32.0
3388,2024-05-01,BK0028,Advanced Electronics,Electronics,24.0,23.0,26.333333333333332,28,1,0,1,20,9,6,2015,False,False,False,False,False,True,False,False,False,False,6.0
269,2022-03-01,BK0029,Principles of Electronics,Electronics,15.0,23.0,17.0,2,0,0,1,32,1,5,1997,False,False,False,False,False,True,False,False,False,False,31.0
389,2022-04-01,BK0029,Principles of Electronics,Electronics,13.0,15.0,19.666666666666668,3,1,0,1,32,1,4,1997,False,False,False,False,False,True,False,False,False,False,30.0
509,2022-05-01,BK0029,Principles of Electronics,Electronics,31.0,13.0,24.666666666666668,4,1,0,1,32,1,5,1997,False,False,False,False,False,True,False,False,False,False,13.0
629,2022-06-01,BK0029,Principles of Electronics,Electronics,30.0,31.0,24.666666666666668,5,0,1,1,32,0,0,1997,False,False,False,False,False,True,False,False,False,False,18.0
749,2022-07-01,BK0029,Principles of Electronics,Electronics,13.0,30.0,20.333333333333332,6,0,0,0,32,0,5,1997,False,False,False,False,False,True,False,False,False,False,18.0
869,2022-08-01,BK0029,Principles of Electronics,Electronics,18.0,13.0,16.333333333333332,7,0,0,0,32,0,2,1997,False,False,False,False,False,True,False,False,False,False,24.0
989,2022-09-01,BK0029,Principles of Electronics,Electronics,18.0,18.0,20.0,8,0,0,0,32,0,6,1997,False,False,False,False,False,True,False,False,False,False,29.0
1109,2022-10-01,BK0029,Principles of Electronics,Electronics,24.0,18.0,23.666666666666668,9,1,0,0,32,0,4,1997,False,False,False,False,False,True,False,False,False,False,36.0
1229,2022-11-01,BK0029,Principles of Electronics,Electronics,29.0,24.0,29.666666666666668,10,1,0,0,32,2,6,1997,False,False,False,False,False,True,False,False,False,False,13.0
1349,2022-12-01,BK0029,Principles of Electronics,Electronics,36.0,29.0,26.0,11,0,1,0,32,0,3,1997,False,False,False,False,False,True,False,False,False,False,26.0
1469,2023-01-01,BK0029,Principles of Electronics,Electronics,13.0,36.0,25.0,12,0,0,1,32,0,4,1997,False,False,False,False,False,True,False,False,False,False,23.0
1589,2023-02-01,BK0029,Principles of Electronics,Electronics,26.0,13.0,20.666666666666668,13,0,0,1,32,0,2,1997,False,False,False,False,False,True,False,False,False,False,28.0
1709,2023-03-01,BK0029,Principles of Electronics,Electronics,23.0,26.0,25.666666666666668,14,0,0,1,32,0,4,1997,False,False,False,False,False,True,False,False,False,False,37.0
1829,2023-04-01,BK0029,Principles of Electronics,Electronics,28.0,23.0,29.333333333333332,15,1,0,1,32,0,5,1997,False,False,False,False,False,True,False,False,False,False,30.0
1949,2023-05-01,BK0029,Principles of Electronics,Electronics,37.0,28.0,31.666666666666668,16,1,0,1,32,0,8,1997,False,False,False,False,False,True,False,False,False,False,9.0
2069,2023-06-01,BK0029,Principles of Electronics,Electronics,30.0,37.0,25.333333333333332,17,0,1,1,32,0,2,1997,False,False,False,False,False,True,False,False,False,False,31.0
2189,2023-07-01,BK0029,Principles of Electronics,Electronics,9.0,30.0,23.333333333333332,18,0,0,0,32,0,3,1997,False,False,False,False,False,True,False,False,False,False,25.0
2309,2023-08-01,BK0029,Principles of Electronics,Electronics,31.0,9.0,21.666666666666668,19,0,0,0,32,0,2,1997,False,False,False,False,False,True,False,False,False,False,18.0
2429,2023-09-01,BK0029,Principles of Electronics,Electronics,25.0,31.0,24.666666666666668,20,0,0,0,32,0,0,1997,False,False,False,False,False,True,False,False,False,False,34.0
2549,2023-10-01,BK0029,Principles of Electronics,Electronics,18.0,25.0,25.666666666666668,21,1,0,0,32,1,3,1997,False,False,False,False,False,True,False,False,False,False,32.0
2669,2023-11-01,BK0029,Principles of Electronics,Electronics,34.0,18.0,28.0,22,1,0,0,32,1,4,1997,False,False,False,False,False,True,False,False,False,False,7.0
2789,2023-12-01,BK0029,Principles of Electronics,Electronics,32.0,34.0,24.333333333333332,23,0,1,0,32,0,2,1997,False,False,False,False,False,True,False,False,False,False,22.0
2909,2024-01-01,BK0029,Principles of Electronics,Electronics,7.0,32.0,20.333333333333332,24,0,0,1,32,0,4,1997,False,False,False,False,False,True,False,False,False,False,22.0
3029,2024-02-01,BK0029,Principles of Electronics,Electronics,22.0,7.0,17.0,25,0,0,1,32,1,1,1997,False,False,False,False,False,True,False,False,False,False,20.0
3149,2024-03-01,BK0029,Principles of Electronics,Electronics,22.0,22.0,21.333333333333332,26,0,0,1,32,1,1,1997,False,False,False,False,False,True,False,False,False,False,30.0
3269,2024-04-01,BK0029,Principles of Electronics,Electronics,20.0,22.0,24.0,27,1,0,1,32,1,6,1997,False,False,False,False,False,True,False,False,False,False,33.0
3389,2024-05-01,BK0029,Principles of Electronics,Electronics,30.0,20.0,27.666666666666668,28,1,0,1,32,0,5,1997,False,False,False,False,False,True,False,False,False,False,7.0
270,2022-03-01,BK0030,Electronics for Engineers,Electronics,13.0,15.0,12.666666666666666,2,0,0,1,37,1,2,2016,False,False,False,False,False,True,False,False,False,False,24.0
390,2022-04-01,BK0030,Electronics for Engineers,Electronics,10.0,13.0,15.666666666666666,3,1,0,1,37,0,3,2016,False,False,False,False,False,True,False,False,False,False,30.0
510,2022-05-01,BK0030,Electronics for Engineers,Electronics,24.0,10.0,21.333333333333332,4,1,0,1,37,0,4,2016,False,False,False,False,False,True,False,False,False,False,10.0
630,2022-06-01,BK0030,Electronics for Engineers,Electronics,30.0,24.0,21.333333333333332,5,0,1,1,37,0,1,2016,False,False,False,False,False,True,False,False,False,False,11.0
750,2022-07-01,BK0030,Electronics for Engineers,Electronics,10.0,30.0,17.0,6,0,0,0,37,0,1,2016,False,False,False,False,False,True,False,False,False,False,20.0
870,2022-08-01,BK0030,Electronics for Engineers,Electronics,11.0,10.0,13.666666666666666,7,0,0,0,37,0,3,2016,False,False,False,False,False,True,False,False,False,False,8.0
990,2022-09-01,BK0030,Electronics for Engineers,Electronics,20.0,11.0,13.0,8,0,0,0,37,0,1,2016,False,False,False,False,False,True,False,False,False,False,21.0
1110,2022-10-01,BK0030,Electronics for Engineers,Electronics,8.0,20.0,16.333333333333332,9,1,0,0,37,0,3,2016,False,False,False,False,False,True,False,False,False,False,21.0
1230,2022-11-01,BK0030,Electronics for Engineers,Electronics,21.0,8.0,16.666666666666668,10,1,0,0,37,2,4,2016,False,False,False,False,False,True,False,False,False,False,7.0
1350,2022-12-01,BK0030,Electronics for Engineers,Electronics,21.0,21.0,16.333333333333332,11,0,1,0,37,0,1,2016,False,False,False,False,False,True,False,False,False,False,12.0
1470,2023-01-01,BK0030,Electronics for Engineers,Electronics,7.0,21.0,13.333333333333334,12,0,0,1,37,0,3,2016,False,False,False,False,False,True,False,False,False,False,14.0
1590,2023-02-01,BK0030,Electronics for Engineers,Electronics,12.0,7.0,11.0,13,0,0,1,37,0,2,2016,False,False,False,False,False,True,False,False,False,False,18.0
1710,2023-03-01,BK0030,Electronics for Engineers,Electronics,14.0,12.0,14.666666666666666,14,0,0,1,37,0,4,2016,False,False,False,False,False,True,False,False,False,False,14.0
1830,2023-04-01,BK0030,Electronics for Engineers,Electronics,18.0,14.0,15.333333333333334,15,1,0,1,37,1,4,2016,False,False,False,False,False,True,False,False,False,False,30.0
1950,2023-05-01,BK0030,Electronics for Engineers,Electronics,14.0,18.0,20.666666666666668,16,1,0,1,37,1,9,2016,False,False,False,False,False,True,False,False,False,False,5.0
2070,2023-06-01,BK0030,Electronics for Engineers,Electronics,30.0,14.0,16.333333333333332,17,0,1,1,37,0,2,2016,False,False,False,False,False,True,False,False,False,False,10.0
2190,2023-07-01,BK0030,Electronics for Engineers,Electronics,5.0,30.0,15.0,18,0,0,0,37,0,0,2016,False,False,False,False,False,True,False,False,False,False,17.0
2310,2023-08-01,BK0030,Electronics for Engineers,Electronics,10.0,5.0,10.666666666666666,19,0,0,0,37,0,0,2016,False,False,False,False,False,True,False,False,False,False,16.0
2430,2023-09-01,BK0030,Electronics for Engineers,Electronics,17.0,10.0,14.333333333333334,20,0,0,0,37,0,5,2016,False,False,False,False,False,True,False,False,False,False,25.0
2550,2023-10-01,BK0030,Electronics for Engineers,Electronics,16.0,17.0,19.333333333333332,21,1,0,0,37,0,2,2016,False,False,False,False,False,True,False,False,False,False,21.0
2670,2023-11-01,BK0030,Electronics for Engineers,Electronics,25.0,16.0,20.666666666666668,22,1,0,0,37,0,3,2016,False,False,False,False,False,True,False,False,False,False,8.0
2790,2023-12-01,BK0030,Electronics for Engineers,Electronics,21.0,25.0,18.0,23,0,1,0,37,1,3,2016,False,False,False,False,False,True,False,False,False,False,17.0
2910,2024-01-01,BK0030,Electronics for Engineers,Electronics,8.0,21.0,15.333333333333334,24,0,0,1,37,0,3,2016,False,False,False,False,False,True,False,False,False,False,15.0
3030,2024-02-01,BK0030,Electronics for Engineers,Electronics,17.0,8.0,13.333333333333334,25,0,0,1,37,0,2,2016,False,False,False,False,False,True,False,False,False,False,11.0
3150,2024-03-01,BK0030,Electronics for Engineers,Electronics,15.0,17.0,14.333333333333334,26,0,0,1,37,0,3,2016,False,False,False,False,False,True,False,False,False,False,22.0
3270,2024-04-01,BK0030,Electronics for Engineers,Electronics,11.0,15.0,16.0,27,1,0,1,37,0,0,2016,False,False,False,False,False,True,False,False,False,False,23.0
3390,2024-05-01,BK0030,Electronics for Engineers,Electronics,22.0,11.0,18.666666666666668,28,1,0,1,37,0,1,2016,False,False,False,False,False,True,False,False,False,False,16.0
271,2022-03-01,BK0031,Modern Electronics,Electronics,8.0,9.0,8.333333333333334,2,0,0,1,49,0,1,2020,False,False,False,False,False,True,False,False,False,False,12.0
391,2022-04-01,BK0031,Modern Electronics,Electronics,8.0,8.0,9.333333333333334,3,1,0,1,49,0,1,2020,False,False,False,False,False,True,False,False,False,False,14.0
511,2022-05-01,BK0031,Modern Electronics,Electronics,12.0,8.0,11.333333333333334,4,1,0,1,49,0,2,2020,False,False,False,False,False,True,False,False,False,False,2.0
631,2022-06-01,BK0031,Modern Electronics,Electronics,14.0,12.0,9.333333333333334,5,0,1,1,49,0,0,2020,False,False,False,False,False,True,False,False,False,False,9.0
751,2022-07-01,BK0031,Modern Electronics,Electronics,2.0,14.0,8.333333333333334,6,0,0,0,49,0,3,2020,False,False,False,False,False,True,False,False,False,False,13.0
871,2022-08-01,BK0031,Modern Electronics,Electronics,9.0,2.0,8.0,7,0,0,0,49,1,2,2020,False,False,False,False,False,True,False,False,False,False,8.0
991,2022-09-01,BK0031,Modern Electronics,Electronics,13.0,9.0,10.0,8,0,0,0,49,0,1,2020,False,False,False,False,False,True,False,False,False,False,16.0
1111,2022-10-01,BK0031,Modern Electronics,Electronics,8.0,13.0,12.333333333333334,9,1,0,0,49,1,1,2020,False,False,False,False,False,True,False,False,False,False,14.0
1231,2022-11-01,BK0031,Modern Electronics,Electronics,16.0,8.0,12.666666666666666,10,1,0,0,49,1,2,2020,False,False,False,False,False,True,False,False,False,False,7.0
1351,2022-12-01,BK0031,Modern Electronics,Electronics,14.0,16.0,12.333333333333334,11,0,1,0,49,0,3,2020,False,False,False,False,False,True,False,False,False,False,6.0
1471,2023-01-01,BK0031,Modern Electronics,Electronics,7.0,14.0,9.0,12,0,0,1,49,0,1,2020,False,False,False,False,False,True,False,False,False,False,7.0
1591,2023-02-01,BK0031,Modern Electronics,Electronics,6.0,7.0,6.666666666666667,13,0,0,1,49,1,0,2020,False,False,False,False,False,True,False,False,False,False,8.0
1711,2023-03-01,BK0031,Modern Electronics,Electronics,7.0,6.0,7.0,14,0,0,1,49,0,1,2020,False,False,False,False,False,True,False,False,False,False,24.0
1831,2023-04-01,BK0031,Modern Electronics,Electronics,8.0,7.0,13.0,15,1,0,1,49,1,3,2020,False,False,False,False,False,True,False,False,False,False,20.0
1951,2023-05-01,BK0031,Modern Electronics,Electronics,24.0,8.0,17.333333333333332,16,1,0,1,49,0,2,2020,False,False,False,False,False,True,False,False,False,False,2.0
2071,2023-06-01,BK0031,Modern Electronics,Electronics,20.0,24.0,15.333333333333334,17,0,1,1,49,1,1,2020,False,False,False,False,False,True,False,False,False,False,10.0
2191,2023-07-01,BK0031,Modern Electronics,Electronics,2.0,20.0,10.666666666666666,18,0,0,0,49,0,4,2020,False,False,False,False,False,True,False,False,False,False,19.0
2311,2023-08-01,BK0031,Modern Electronics,Electronics,10.0,2.0,10.333333333333334,19,0,0,0,49,0,2,2020,False,False,False,False,False,True,False,False,False,False,11.0
2431,2023-09-01,BK0031,Modern Electronics,Electronics,19.0,10.0,13.333333333333334,20,0,0,0,49,0,0,2020,False,False,False,False,False,True,False,False,False,False,27.0
2551,2023-10-01,BK0031,Modern Electronics,Electronics,11.0,19.0,19.0,21,1,0,0,49,0,3,2020,False,False,False,False,False,True,False,False,False,False,23.0
2671,2023-11-01,BK0031,Modern Electronics,Electronics,27.0,11.0,20.333333333333332,22,1,0,0,49,0,4,2020,False,False,False,False,False,True,False,False,False,False,5.0
2791,2023-12-01,BK0031,Modern Electronics,Electronics,23.0,27.0,18.333333333333332,23,0,1,0,49,0,0,2020,False,False,False,False,False,True,False,False,False,False,23.0
2911,2024-01-01,BK0031,Modern Electronics,Electronics,5.0,23.0,17.0,24,0,0,1,49,0,5,2020,False,False,False,False,False,True,False,False,False,False,14.0
3031,2024-02-01,BK0031,Modern Electronics,Electronics,23.0,5.0,14.0,25,0,0,1,49,0,3,2020,False,False,False,False,False,True,False,False,False,False,12.0
3151,2024-03-01,BK0031,Modern Electronics,Electronics,14.0,23.0,16.333333333333332,26,0,0,1,49,0,3,2020,False,False,False,False,False,True,False,False,False,False,30.0
3271,2024-04-01,BK0031,Modern Electronics,Electronics,12.0,14.0,18.666666666666668,27,1,0,1,49,1,2,2020,False,False,False,False,False,True,False,False,False,False,27.0
3391,2024-05-01,BK0031,Modern Electronics,Electronics,30.0,12.0,23.0,28,1,0,1,49,0,7,2020,False,False,False,False,False,True,False,False,False,False,8.0
272,2022-03-01,BK0032,Applied Electronics,Electronics,8.0,7.0,7.666666666666667,2,0,0,1,60,1,0,2002,False,False,False,False,False,True,False,False,False,False,9.0
392,2022-04-01,BK0032,Applied Electronics,Electronics,8.0,8.0,8.333333333333334,3,1,0,1,60,0,1,2002,False,False,False,False,False,True,False,False,False,False,9.0
512,2022-05-01,BK0032,Applied Electronics,Electronics,9.0,8.0,8.666666666666666,4,1,0,1,60,1,2,2002,False,False,False,False,False,True,False,False,False,False,6.0
632,2022-06-01,BK0032,Applied Electronics,Electronics,9.0,9.0,8.0,5,0,1,1,60,0,1,2002,False,False,False,False,False,True,False,False,False,False,10.0
752,2022-07-01,BK0032,Applied Electronics,Electronics,6.0,9.0,8.333333333333334,6,0,0,0,60,1,3,2002,False,False,False,False,False,True,False,False,False,False,6.0
872,2022-08-01,BK0032,Applied Electronics,Electronics,10.0,6.0,7.333333333333333,7,0,0,0,60,0,0,2002,False,False,False,False,False,True,False,False,False,False,9.0
992,2022-09-01,BK0032,Applied Electronics,Electronics,6.0,10.0,8.333333333333334,8,0,0,0,60,1,1,2002,False,False,False,False,False,True,False,False,False,False,8.0
1112,2022-10-01,BK0032,Applied Electronics,Electronics,9.0,6.0,7.666666666666667,9,1,0,0,60,0,0,2002,False,False,False,False,False,True,False,False,False,False,10.0
1232,2022-11-01,BK0032,Applied Electronics,Electronics,8.0,9.0,9.0,10,1,0,0,60,0,0,2002,False,False,False,False,False,True,False,False,False,False,3.0
1352,2022-12-01,BK0032,Applied Electronics,Electronics,10.0,8.0,7.0,11,0,1,0,60,0,1,2002,False,False,False,False,False,True,False,False,False,False,8.0
1472,2023-01-01,BK0032,Applied Electronics,Electronics,3.0,10.0,7.0,12,0,0,1,60,1,1,2002,False,False,False,False,False,True,False,False,False,False,10.0
1592,2023-02-01,BK0032,Applied Electronics,Electronics,8.0,3.0,7.0,13,0,0,1,60,0,2,2002,False,False,False,False,False,True,False,False,False,False,11.0
1712,2023-03-01,BK0032,Applied Electronics,Electronics,10.0,8.0,9.666666666666666,14,0,0,1,60,0,1,2002,False,False,False,False,False,True,False,False,False,False,21.0
1832,2023-04-01,BK0032,Applied Electronics,Electronics,11.0,10.0,14.0,15,1,0,1,60,0,2,2002,False,False,False,False,False,True,False,False,False,False,14.0
1952,2023-05-01,BK0032,Applied Electronics,Electronics,21.0,11.0,15.333333333333334,16,1,0,1,60,0,1,2002,False,False,False,False,False,True,False,False,False,False,3.0
2072,2023-06-01,BK0032,Applied Electronics,Electronics,14.0,21.0,12.666666666666666,17,0,1,1,60,0,1,2002,False,False,False,False,False,True,False,False,False,False,7.0
2192,2023-07-01,BK0032,Applied Electronics,Electronics,3.0,14.0,8.0,18,0,0,0,60,0,1,2002,False,False,False,False,False,True,False,False,False,False,7.0
2312,2023-08-01,BK0032,Applied Electronics,Electronics,7.0,3.0,5.666666666666667,19,0,0,0,60,1,0,2002,False,False,False,False,False,True,False,False,False,False,10.0
2432,2023-09-01,BK0032,Applied Electronics,Electronics,7.0,7.0,8.0,20,0,0,0,60,0,3,2002,False,False,False,False,False,True,False,False,False,False,8.0
2552,2023-10-01,BK0032,Applied Electronics,Electronics,10.0,7.0,8.333333333333334,21,1,0,0,60,0,1,2002,False,False,False,False,False,True,False,False,False,False,14.0
2672,2023-11-01,BK0032,Applied Electronics,Electronics,8.0,10.0,10.666666666666666,22,1,0,0,60,0,5,2002,False,False,False,False,False,True,False,False,False,False,9.0
2792,2023-12-01,BK0032,Applied Electronics,Electronics,14.0,8.0,10.333333333333334,23,0,1,0,60,0,1,2002,False,False,False,False,False,True,False,False,False,False,11.0
2912,2024-01-01,BK0032,Applied Electronics,Electronics,9.0,14.0,11.333333333333334,24,0,0,1,60,1,3,2002,False,False,False,False,False,True,False,False,False,False,7.0
3032,2024-02-01,BK0032,Applied Electronics,Electronics,11.0,9.0,9.0,25,0,0,1,60,0,0,2002,False,False,False,False,False,True,False,False,False,False,7.0
3152,2024-03-01,BK0032,Applied Electronics,Electronics,7.0,11.0,8.333333333333334,26,0,0,1,60,0,3,2002,False,False,False,False,False,True,False,False,False,False,18.0
3272,2024-04-01,BK0032,Applied Electronics,Electronics,7.0,7.0,10.666666666666666,27,1,0,1,60,0,1,2002,False,False,False,False,False,True,False,False,False,False,22.0
3392,2024-05-01,BK0032,Applied Electronics,Electronics,18.0,7.0,15.666666666666666,28,1,0,1,60,0,1,2002,False,False,False,False,False,True,False,False,False,False,2.0
273,2022-03-01,BK0033,Electronics Concepts and Applications,Electronics,12.0,19.0,15.666666666666666,2,0,0,1,36,0,1,2016,False,False,False,False,False,True,False,False,False,False,23.0
393,2022-04-01,BK0033,Electronics Concepts and Applications,Electronics,16.0,12.0,17.0,3,1,0,1,36,0,6,2016,False,False,False,False,False,True,False,False,False,False,22.0
513,2022-05-01,BK0033,Electronics Concepts and Applications,Electronics,23.0,16.0,20.333333333333332,4,1,0,1,36,0,2,2016,False,False,False,False,False,True,False,False,False,False,7.0
633,2022-06-01,BK0033,Electronics Concepts and Applications,Electronics,22.0,23.0,17.333333333333332,5,0,1,1,36,1,1,2016,False,False,False,False,False,True,False,False,False,False,17.0
753,2022-07-01,BK0033,Electronics Concepts and Applications,Electronics,7.0,22.0,15.333333333333334,6,0,0,0,36,0,2,2016,False,False,False,False,False,True,False,False,False,False,15.0
873,2022-08-01,BK0033,Electronics Concepts and Applications,Electronics,17.0,7.0,13.0,7,0,0,0,36,0,1,2016,False,False,False,False,False,True,False,False,False,False,14.0
993,2022-09-01,BK0033,Electronics Concepts and Applications,Electronics,15.0,17.0,15.333333333333334,8,0,0,0,36,1,1,2016,False,False,False,False,False,True,False,False,False,False,27.0
1113,2022-10-01,BK0033,Electronics Concepts and Applications,Electronics,14.0,15.0,18.666666666666668,9,1,0,0,36,0,4,2016,False,False,False,False,False,True,False,False,False,False,30.0
1233,2022-11-01,BK0033,Electronics Concepts and Applications,Electronics,27.0,14.0,23.666666666666668,10,1,0,0,36,0,2,2016,False,False,False,False,False,True,False,False,False,False,5.0
1353,2022-12-01,BK0033,Electronics Concepts and Applications,Electronics,30.0,27.0,20.666666666666668,11,0,1,0,36,0,1,2016,False,False,False,False,False,True,False,False,False,False,19.0
1473,2023-01-01,BK0033,Electronics Concepts and Applications,Electronics,5.0,30.0,18.0,12,0,0,1,36,0,4,2016,False,False,False,False,False,True,False,False,False,False,11.0
1593,2023-02-01,BK0033,Electronics Concepts and Applications,Electronics,19.0,5.0,11.666666666666666,13,0,0,1,36,0,5,2016,False,False,False,False,False,True,False,False,False,False,14.0
1713,2023-03-01,BK0033,Electronics Concepts and Applications,Electronics,11.0,19.0,14.666666666666666,14,0,0,1,36,0,0,2016,False,False,False,False,False,True,False,False,False,False,27.0
1833,2023-04-01,BK0033,Electronics Concepts and Applications,Electronics,14.0,11.0,17.333333333333332,15,1,0,1,36,0,4,2016,False,False,False,False,False,True,False,False,False,False,31.0
1953,2023-05-01,BK0033,Electronics Concepts and Applications,Electronics,27.0,14.0,24.0,16,1,0,1,36,0,4,2016,False,False,False,False,False,True,False,False,False,False,6.0
2073,2023-06-01,BK0033,Electronics Concepts and Applications,Electronics,31.0,27.0,21.333333333333332,17,0,1,1,36,1,0,2016,False,False,False,False,False,True,False,False,False,False,28.0
2193,2023-07-01,BK0033,Electronics Concepts and Applications,Electronics,6.0,31.0,21.666666666666668,18,0,0,0,36,0,2,2016,False,False,False,False,False,True,False,False,False,False,11.0
2313,2023-08-01,BK0033,Electronics Concepts and Applications,Electronics,28.0,6.0,15.0,19,0,0,0,36,0,4,2016,False,False,False,False,False,True,False,False,False,False,13.0
2433,2023-09-01,BK0033,Electronics Concepts and Applications,Electronics,11.0,28.0,17.333333333333332,20,0,0,0,36,0,1,2016,False,False,False,False,False,True,False,False,False,False,25.0
2553,2023-10-01,BK0033,Electronics Concepts and Applications,Electronics,13.0,11.0,16.333333333333332,21,1,0,0,36,0,3,2016,False,False,False,False,False,True,False,False,False,False,31.0
2673,2023-11-01,BK0033,Electronics Concepts and Applications,Electronics,25.0,13.0,23.0,22,1,0,0,36,0,6,2016,False,False,False,False,False,True,False,False,False,False,4.0
2793,2023-12-01,BK0033,Electronics Concepts and Applications,Electronics,31.0,25.0,20.0,23,0,1,0,36,0,1,2016,False,False,False,False,False,True,False,False,False,False,14.0
2913,2024-01-01,BK0033,Electronics Concepts and Applications,Electronics,4.0,31.0,16.333333333333332,24,0,0,1,36,0,1,2016,False,False,False,False,False,True,False,False,False,False,15.0
3033,2024-02-01,BK0033,Electronics Concepts and Applications,Electronics,14.0,4.0,11.0,25,0,0,1,36,0,3,2016,False,False,False,False,False,True,False,False,False,False,18.0
3153,2024-03-01,BK0033,Electronics Concepts and Applications,Electronics,15.0,14.0,15.666666666666666,26,0,0,1,36,1,2,2016,False,False,False,False,False,True,False,False,False,False,31.0
3273,2024-04-01,BK0033,Electronics Concepts and Applications,Electronics,18.0,15.0,21.333333333333332,27,1,0,1,36,0,8,2016,False,False,False,False,False,True,False,False,False,False,31.0
3393,2024-05-01,BK0033,Electronics Concepts and Applications,Electronics,31.0,18.0,26.666666666666668,28,1,0,1,36,0,5,2016,False,False,False,False,False,True,False,False,False,False,7.0
274,2022-03-01,BK0034,Essentials of Electronics,Electronics,10.0,18.0,13.666666666666666,2,0,0,1,58,0,2,2022,False,False,False,False,False,True,False,False,False,False,25.0
394,2022-04-01,BK0034,Essentials of Electronics,Electronics,13.0,10.0,16.0,3,1,0,1,58,0,5,2022,False,False,False,False,False,True,False,False,False,False,22.0
514,2022-05-01,BK0034,Essentials of Electronics,Electronics,25.0,13.0,20.0,4,1,0,1,58,1,4,2022,False,False,False,False,False,True,False,False,False,False,6.0
634,2022-06-01,BK0034,Essentials of Electronics,Electronics,22.0,25.0,17.666666666666668,5,0,1,1,58,1,0,2022,False,False,False,False,False,True,False,False,False,False,8.0
754,2022-07-01,BK0034,Essentials of Electronics,Electronics,6.0,22.0,12.0,6,0,0,0,58,0,1,2022,False,False,False,False,False,True,False,False,False,False,12.0
874,2022-08-01,BK0034,Essentials of Electronics,Electronics,8.0,6.0,8.666666666666666,7,0,0,0,58,0,1,2022,False,False,False,False,False,True,False,False,False,False,10.0
994,2022-09-01,BK0034,Essentials of Electronics,Electronics,12.0,8.0,10.0,8,0,0,0,58,0,1,2022,False,False,False,False,False,True,False,False,False,False,14.0
1114,2022-10-01,BK0034,Essentials of Electronics,Electronics,10.0,12.0,12.0,9,1,0,0,58,0,2,2022,False,False,False,False,False,True,False,False,False,False,23.0
1234,2022-11-01,BK0034,Essentials of Electronics,Electronics,14.0,10.0,15.666666666666666,10,1,0,0,58,0,2,2022,False,False,False,False,False,True,False,False,False,False,4.0
1354,2022-12-01,BK0034,Essentials of Electronics,Electronics,23.0,14.0,13.666666666666666,11,0,1,0,58,0,0,2022,False,False,False,False,False,True,False,False,False,False,9.0
1474,2023-01-01,BK0034,Essentials of Electronics,Electronics,4.0,23.0,12.0,12,0,0,1,58,0,0,2022,False,False,False,False,False,True,False,False,False,False,10.0
1594,2023-02-01,BK0034,Essentials of Electronics,Electronics,9.0,4.0,7.666666666666667,13,0,0,1,58,0,2,2022,False,False,False,False,False,True,False,False,False,False,12.0
1714,2023-03-01,BK0034,Essentials of Electronics,Electronics,10.0,9.0,10.333333333333334,14,0,0,1,58,0,1,2022,False,False,False,False,False,True,False,False,False,False,17.0
1834,2023-04-01,BK0034,Essentials of Electronics,Electronics,12.0,10.0,13.0,15,1,0,1,58,0,1,2022,False,False,False,False,False,True,False,False,False,False,16.0
1954,2023-05-01,BK0034,Essentials of Electronics,Electronics,17.0,12.0,15.0,16,1,0,1,58,1,4,2022,False,False,False,False,False,True,False,False,False,False,4.0
2074,2023-06-01,BK0034,Essentials of Electronics,Electronics,16.0,17.0,12.333333333333334,17,0,1,1,58,1,0,2022,False,False,False,False,False,True,False,False,False,False,13.0
2194,2023-07-01,BK0034,Essentials of Electronics,Electronics,4.0,16.0,11.0,18,0,0,0,58,0,1,2022,False,False,False,False,False,True,False,False,False,False,10.0
2314,2023-08-01,BK0034,Essentials of Electronics,Electronics,13.0,4.0,9.0,19,0,0,0,58,0,1,2022,False,False,False,False,False,True,False,False,False,False,8.0
2434,2023-09-01,BK0034,Essentials of Electronics,Electronics,10.0,13.0,10.333333333333334,20,0,0,0,58,0,2,2022,False,False,False,False,False,True,False,False,False,False,10.0
2554,2023-10-01,BK0034,Essentials of Electronics,Electronics,8.0,10.0,9.333333333333334,21,1,0,0,58,0,0,2022,False,False,False,False,False,True,False,False,False,False,15.0
2674,2023-11-01,BK0034,Essentials of Electronics,Electronics,10.0,8.0,11.0,22,1,0,0,58,0,3,2022,False,False,False,False,False,True,False,False,False,False,2.0
2794,2023-12-01,BK0034,Essentials of Electronics,Electronics,15.0,10.0,9.0,23,0,1,0,58,1,0,2022,False,False,False,False,False,True,False,False,False,False,7.0
2914,2024-01-01,BK0034,Essentials of Electronics,Electronics,2.0,15.0,8.0,24,0,0,1,58,1,0,2022,False,False,False,False,False,True,False,False,False,False,8.0
3034,2024-02-01,BK0034,Essentials of Electronics,Electronics,7.0,2.0,5.666666666666667,25,0,0,1,58,0,0,2022,False,False,False,False,False,True,False,False,False,False,7.0
3154,2024-03-01,BK0034,Essentials of Electronics,Electronics,8.0,7.0,7.333333333333333,26,0,0,1,58,0,0,2022,False,False,False,False,False,True,False,False,False,False,6.0
3274,2024-04-01,BK0034,Essentials of Electronics,Electronics,7.0,8.0,7.0,27,1,0,1,58,2,1,2022,False,False,False,False,False,True,False,False,False,False,8.0
3394,2024-05-01,BK0034,Essentials of Electronics,Electronics,6.0,7.0,7.0,28,1,0,1,58,2,2,2022,False,False,False,False,False,True,False,False,False,False,1.0
275,2022-03-01,BK0035,Electronics: Theory and Practice,Electronics,59.0,55.0,56.666666666666664,2,0,0,1,33,7,7,2011,False,False,False,False,False,True,False,False,False,False,79.0
395,2022-04-01,BK0035,Electronics: Theory and Practice,Electronics,56.0,59.0,64.66666666666667,3,1,0,1,33,28,15,2011,False,False,False,False,False,True,False,False,False,False,76.0
515,2022-05-01,BK0035,Electronics: Theory and Practice,Electronics,79.0,56.0,70.33333333333333,4,1,0,1,33,14,12,2011,False,False,False,False,False,True,False,False,False,False,25.0
635,2022-06-01,BK0035,Electronics: Theory and Practice,Electronics,76.0,79.0,60.0,5,0,1,1,33,0,4,2011,False,False,False,False,False,True,False,False,False,False,48.0
755,2022-07-01,BK0035,Electronics: Theory and Practice,Electronics,25.0,76.0,49.666666666666664,6,0,0,0,33,4,6,2011,False,False,False,False,False,True,False,False,False,False,66.0
875,2022-08-01,BK0035,Electronics: Theory and Practice,Electronics,48.0,25.0,46.333333333333336,7,0,0,0,33,15,12,2011,False,False,False,False,False,True,False,False,False,False,63.0
995,2022-09-01,BK0035,Electronics: Theory and Practice,Electronics,66.0,48.0,59.0,8,0,0,0,33,14,11,2011,False,False,False,False,False,True,False,False,False,False,96.0
1115,2022-10-01,BK0035,Electronics: Theory and Practice,Electronics,63.0,66.0,75.0,9,1,0,0,33,28,17,2011,False,False,False,False,False,True,False,False,False,False,89.0
1235,2022-11-01,BK0035,Electronics: Theory and Practice,Electronics,96.0,63.0,82.66666666666667,10,1,0,0,33,23,17,2011,False,False,False,False,False,True,False,False,False,False,20.0
1355,2022-12-01,BK0035,Electronics: Theory and Practice,Electronics,89.0,96.0,68.33333333333333,11,0,1,0,33,1,3,2011,False,False,False,False,False,True,False,False,False,False,56.0
1475,2023-01-01,BK0035,Electronics: Theory and Practice,Electronics,20.0,89.0,55.0,12,0,0,1,33,16,11,2011,False,False,False,False,False,True,False,False,False,False,68.0
1595,2023-02-01,BK0035,Electronics: Theory and Practice,Electronics,56.0,20.0,48.0,13,0,0,1,33,18,10,2011,False,False,False,False,False,True,False,False,False,False,58.0
1715,2023-03-01,BK0035,Electronics: Theory and Practice,Electronics,68.0,56.0,60.666666666666664,14,0,0,1,33,11,15,2011,False,False,False,False,False,True,False,False,False,False,91.0
1835,2023-04-01,BK0035,Electronics: Theory and Practice,Electronics,58.0,68.0,72.33333333333333,15,1,0,1,33,32,11,2011,False,False,False,False,False,True,False,False,False,False,85.0
1955,2023-05-01,BK0035,Electronics: Theory and Practice,Electronics,91.0,58.0,78.0,16,1,0,1,33,28,11,2011,False,False,False,False,False,True,False,False,False,False,16.0
2075,2023-06-01,BK0035,Electronics: Theory and Practice,Electronics,85.0,91.0,64.0,17,0,1,1,33,1,4,2011,False,False,False,False,False,True,False,False,False,False,66.0
2195,2023-07-01,BK0035,Electronics: Theory and Practice,Electronics,16.0,85.0,55.666666666666664,18,0,0,0,33,15,8,2011,False,False,False,False,False,True,False,False,False,False,45.0
2315,2023-08-01,BK0035,Electronics: Theory and Practice,Electronics,66.0,16.0,42.333333333333336,19,0,0,0,33,9,11,2011,False,False,False,False,False,True,False,False,False,False,52.0
2435,2023-09-01,BK0035,Electronics: Theory and Practice,Electronics,45.0,66.0,54.333333333333336,20,0,0,0,33,11,5,2011,False,False,False,False,False,True,False,False,False,False,76.0
2555,2023-10-01,BK0035,Electronics: Theory and Practice,Electronics,52.0,45.0,57.666666666666664,21,1,0,0,33,21,10,2011,False,False,False,False,False,True,False,False,False,False,91.0
2675,2023-11-01,BK0035,Electronics: Theory and Practice,Electronics,76.0,52.0,73.0,22,1,0,0,33,28,13,2011,False,False,False,False,False,True,False,False,False,False,18.0
2795,2023-12-01,BK0035,Electronics: Theory and Practice,Electronics,91.0,76.0,61.666666666666664,23,0,1,0,33,0,5,2011,False,False,False,False,False,True,False,False,False,False,50.0
2915,2024-01-01,BK0035,Electronics: Theory and Practice,Electronics,18.0,91.0,53.0,24,0,0,1,33,10,5,2011,False,False,False,False,False,True,False,False,False,False,49.0
3035,2024-02-01,BK0035,Electronics: Theory and Practice,Electronics,50.0,18.0,39.0,25,0,0,1,33,7,14,2011,False,False,False,False,False,True,False,False,False,False,55.0
3155,2024-03-01,BK0035,Electronics: Theory and Practice,Electronics,49.0,50.0,51.333333333333336,26,0,0,1,33,16,8,2011,False,False,False,False,False,True,False,False,False,False,70.0
3275,2024-04-01,BK0035,Electronics: Theory and Practice,Electronics,55.0,49.0,58.0,27,1,0,1,33,25,9,2011,False,False,False,False,False,True,False,False,False,False,94.0
3395,2024-05-01,BK0035,Electronics: Theory and Practice,Electronics,70.0,55.0,73.0,28,1,0,1,33,26,16,2011,False,False,False,False,False,True,False,False,False,False,20.0
276,2022-03-01,BK0036,Understanding Electronics,Electronics,45.0,44.0,44.666666666666664,2,0,0,1,15,19,2,1995,False,False,False,False,False,True,False,False,False,False,59.0
396,2022-04-01,BK0036,Understanding Electronics,Electronics,45.0,45.0,49.666666666666664,3,1,0,1,15,17,8,1995,False,False,False,False,False,True,False,False,False,False,77.0
516,2022-05-01,BK0036,Understanding Electronics,Electronics,59.0,45.0,60.333333333333336,4,1,0,1,15,36,15,1995,False,False,False,False,False,True,False,False,False,False,18.0
636,2022-06-01,BK0036,Understanding Electronics,Electronics,77.0,59.0,51.333333333333336,5,0,1,1,15,1,6,1995,False,False,False,False,False,True,False,False,False,False,40.0
756,2022-07-01,BK0036,Understanding Electronics,Electronics,18.0,77.0,45.0,6,0,0,0,15,10,8,1995,False,False,False,False,False,True,False,False,False,False,50.0
876,2022-08-01,BK0036,Understanding Electronics,Electronics,40.0,18.0,36.0,7,0,0,0,15,14,7,1995,False,False,False,False,False,True,False,False,False,False,49.0
996,2022-09-01,BK0036,Understanding Electronics,Electronics,50.0,40.0,46.333333333333336,8,0,0,0,15,14,9,1995,False,False,False,False,False,True,False,False,False,False,83.0
1116,2022-10-01,BK0036,Understanding Electronics,Electronics,49.0,50.0,60.666666666666664,9,1,0,0,15,39,9,1995,False,False,False,False,False,True,False,False,False,False,73.0
1236,2022-11-01,BK0036,Understanding Electronics,Electronics,83.0,49.0,68.33333333333333,10,1,0,0,15,30,12,1995,False,False,False,False,False,True,False,False,False,False,24.0
1356,2022-12-01,BK0036,Understanding Electronics,Electronics,73.0,83.0,60.0,11,0,1,0,15,4,8,1995,False,False,False,False,False,True,False,False,False,False,38.0
1476,2023-01-01,BK0036,Understanding Electronics,Electronics,24.0,73.0,45.0,12,0,0,1,15,8,2,1995,False,False,False,False,False,True,False,False,False,False,49.0
1596,2023-02-01,BK0036,Understanding Electronics,Electronics,38.0,24.0,37.0,13,0,0,1,15,12,10,1995,False,False,False,False,False,True,False,False,False,False,45.0
1716,2023-03-01,BK0036,Understanding Electronics,Electronics,49.0,38.0,44.0,14,0,0,1,15,21,10,1995,False,False,False,False,False,True,False,False,False,False,98.0
1836,2023-04-01,BK0036,Understanding Electronics,Electronics,45.0,49.0,64.0,15,1,0,1,15,49,14,1995,False,False,False,False,False,True,False,False,False,False,98.0
1956,2023-05-01,BK0036,Understanding Electronics,Electronics,98.0,45.0,80.33333333333333,16,1,0,1,15,39,17,1995,False,False,False,False,False,True,False,False,False,False,18.0
2076,2023-06-01,BK0036,Understanding Electronics,Electronics,98.0,98.0,71.33333333333333,17,0,1,1,15,1,4,1995,False,False,False,False,False,True,False,False,False,False,40.0
2196,2023-07-01,BK0036,Understanding Electronics,Electronics,18.0,98.0,52.0,18,0,0,0,15,8,5,1995,False,False,False,False,False,True,False,False,False,False,62.0
2316,2023-08-01,BK0036,Understanding Electronics,Electronics,40.0,18.0,40.0,19,0,0,0,15,25,7,1995,False,False,False,False,False,True,False,False,False,False,44.0
2436,2023-09-01,BK0036,Understanding Electronics,Electronics,62.0,40.0,48.666666666666664,20,0,0,0,15,21,5,1995,False,False,False,False,False,True,False,False,False,False,78.0
2556,2023-10-01,BK0036,Understanding Electronics,Electronics,44.0,62.0,61.333333333333336,21,1,0,0,15,34,12,1995,False,False,False,False,False,True,False,False,False,False,102.0
2676,2023-11-01,BK0036,Understanding Electronics,Electronics,78.0,44.0,74.66666666666667,22,1,0,0,15,47,21,1995,False,False,False,False,False,True,False,False,False,False,25.0
2796,2023-12-01,BK0036,Understanding Electronics,Electronics,102.0,78.0,68.33333333333333,23,0,1,0,15,4,2,1995,False,False,False,False,False,True,False,False,False,False,50.0
2916,2024-01-01,BK0036,Understanding Electronics,Electronics,25.0,102.0,59.0,24,0,0,1,15,19,4,1995,False,False,False,False,False,True,False,False,False,False,63.0
3036,2024-02-01,BK0036,Understanding Electronics,Electronics,50.0,25.0,46.0,25,0,0,1,15,34,15,1995,False,False,False,False,False,True,False,False,False,False,66.0
3156,2024-03-01,BK0036,Understanding Electronics,Electronics,63.0,50.0,59.666666666666664,26,0,0,1,15,21,13,1995,False,False,False,False,False,True,False,False,False,False,96.0
3276,2024-04-01,BK0036,Understanding Electronics,Electronics,66.0,63.0,75.0,27,1,0,1,15,46,18,1995,False,False,False,False,False,True,False,False,False,False,98.0
3396,2024-05-01,BK0036,Understanding Electronics,Electronics,96.0,66.0,86.66666666666667,28,1,0,1,15,41,14,1995,False,False,False,False,False,True,False,False,False,False,35.0
277,2022-03-01,BK0037,Introduction to Mechanical,Mechanical,23.0,31.0,26.333333333333332,2,0,0,1,17,7,3,2017,False,False,False,False,False,False,False,False,True,False,39.0
397,2022-04-01,BK0037,Introduction to Mechanical,Mechanical,25.0,23.0,29.0,3,1,0,1,17,16,3,2017,False,False,False,False,False,False,False,False,True,False,37.0
517,2022-05-01,BK0037,Introduction to Mechanical,Mechanical,39.0,25.0,33.666666666666664,4,1,0,1,17,15,7,2017,False,False,False,False,False,False,False,False,True,False,14.0
637,2022-06-01,BK0037,Introduction to Mechanical,Mechanical,37.0,39.0,30.0,5,0,1,1,17,0,2,2017,False,False,False,False,False,False,False,False,True,False,23.0
757,2022-07-01,BK0037,Introduction to Mechanical,Mechanical,14.0,37.0,24.666666666666668,6,0,0,0,17,1,3,2017,False,False,False,False,False,False,False,False,True,False,29.0
877,2022-08-01,BK0037,Introduction to Mechanical,Mechanical,23.0,14.0,22.0,7,0,0,0,17,9,1,2017,False,False,False,False,False,False,False,False,True,False,15.0
997,2022-09-01,BK0037,Introduction to Mechanical,Mechanical,29.0,23.0,22.333333333333332,8,0,0,0,17,0,2,2017,False,False,False,False,False,False,False,False,True,False,37.0
1117,2022-10-01,BK0037,Introduction to Mechanical,Mechanical,15.0,29.0,27.0,9,1,0,0,17,7,7,2017,False,False,False,False,False,False,False,False,True,False,51.0
1237,2022-11-01,BK0037,Introduction to Mechanical,Mechanical,37.0,15.0,34.333333333333336,10,1,0,0,17,21,9,2017,False,False,False,False,False,False,False,False,True,False,7.0
1357,2022-12-01,BK0037,Introduction to Mechanical,Mechanical,51.0,37.0,31.666666666666668,11,0,1,0,17,0,1,2017,False,False,False,False,False,False,False,False,True,False,29.0
1477,2023-01-01,BK0037,Introduction to Mechanical,Mechanical,7.0,51.0,29.0,12,0,0,1,17,9,4,2017,False,False,False,False,False,False,False,False,True,False,28.0
1597,2023-02-01,BK0037,Introduction to Mechanical,Mechanical,29.0,7.0,21.333333333333332,13,0,0,1,17,4,5,2017,False,False,False,False,False,False,False,False,True,False,21.0
1717,2023-03-01,BK0037,Introduction to Mechanical,Mechanical,28.0,29.0,26.0,14,0,0,1,17,2,2,2017,False,False,False,False,False,False,False,False,True,False,41.0
1837,2023-04-01,BK0037,Introduction to Mechanical,Mechanical,21.0,28.0,30.0,15,1,0,1,17,12,4,2017,False,False,False,False,False,False,False,False,True,False,38.0
1957,2023-05-01,BK0037,Introduction to Mechanical,Mechanical,41.0,21.0,33.333333333333336,16,1,0,1,17,12,3,2017,False,False,False,False,False,False,False,False,True,False,14.0
2077,2023-06-01,BK0037,Introduction to Mechanical,Mechanical,38.0,41.0,31.0,17,0,1,1,17,0,1,2017,False,False,False,False,False,False,False,False,True,False,24.0
2197,2023-07-01,BK0037,Introduction to Mechanical,Mechanical,14.0,38.0,25.333333333333332,18,0,0,0,17,2,6,2017,False,False,False,False,False,False,False,False,True,False,21.0
2317,2023-08-01,BK0037,Introduction to Mechanical,Mechanical,24.0,14.0,19.666666666666668,19,0,0,0,17,7,2,2017,False,False,False,False,False,False,False,False,True,False,31.0
2437,2023-09-01,BK0037,Introduction to Mechanical,Mechanical,21.0,24.0,25.333333333333332,20,0,0,0,17,4,5,2017,False,False,False,False,False,False,False,False,True,False,42.0
2557,2023-10-01,BK0037,Introduction to Mechanical,Mechanical,31.0,21.0,31.333333333333332,21,1,0,0,17,13,4,2017,False,False,False,False,False,False,False,False,True,False,33.0
2677,2023-11-01,BK0037,Introduction to Mechanical,Mechanical,42.0,31.0,35.333333333333336,22,1,0,0,17,11,3,2017,False,False,False,False,False,False,False,False,True,False,12.0
2797,2023-12-01,BK0037,Introduction to Mechanical,Mechanical,33.0,42.0,29.0,23,0,1,0,17,0,3,2017,False,False,False,False,False,False,False,False,True,False,33.0
2917,2024-01-01,BK0037,Introduction to Mechanical,Mechanical,12.0,33.0,26.0,24,0,0,1,17,15,10,2017,False,False,False,False,False,False,False,False,True,False,32.0
3037,2024-02-01,BK0037,Introduction to Mechanical,Mechanical,33.0,12.0,25.666666666666668,25,0,0,1,17,7,5,2017,False,False,False,False,False,False,False,False,True,False,38.0
3157,2024-03-01,BK0037,Introduction to Mechanical,Mechanical,32.0,33.0,34.333333333333336,26,0,0,1,17,15,6,2017,False,False,False,False,False,False,False,False,True,False,49.0
3277,2024-04-01,BK0037,Introduction to Mechanical,Mechanical,38.0,32.0,39.666666666666664,27,1,0,1,17,18,5,2017,False,False,False,False,False,False,False,False,True,False,41.0
3397,2024-05-01,BK0037,Introduction to Mechanical,Mechanical,49.0,38.0,42.666666666666664,28,1,0,1,17,15,5,2017,False,False,False,False,False,False,False,False,True,False,12.0
278,2022-03-01,BK0038,Fundamentals of Mechanical,Mechanical,31.0,29.0,32.0,2,0,0,1,66,1,4,2008,False,False,False,False,False,False,False,False,True,False,50.0
398,2022-04-01,BK0038,Fundamentals of Mechanical,Mechanical,36.0,31.0,39.0,3,1,0,1,66,0,5,2008,False,False,False,False,False,False,False,False,True,False,60.0
518,2022-05-01,BK0038,Fundamentals of Mechanical,Mechanical,50.0,36.0,48.666666666666664,4,1,0,1,66,0,12,2008,False,False,False,False,False,False,False,False,True,False,18.0
638,2022-06-01,BK0038,Fundamentals of Mechanical,Mechanical,60.0,50.0,42.666666666666664,5,0,1,1,66,0,5,2008,False,False,False,False,False,False,False,False,True,False,39.0
758,2022-07-01,BK0038,Fundamentals of Mechanical,Mechanical,18.0,60.0,39.0,6,0,0,0,66,2,6,2008,False,False,False,False,False,False,False,False,True,False,32.0
878,2022-08-01,BK0038,Fundamentals of Mechanical,Mechanical,39.0,18.0,29.666666666666668,7,0,0,0,66,1,7,2008,False,False,False,False,False,False,False,False,True,False,33.0
998,2022-09-01,BK0038,Fundamentals of Mechanical,Mechanical,32.0,39.0,34.666666666666664,8,0,0,0,66,1,2,2008,False,False,False,False,False,False,False,False,True,False,58.0
1118,2022-10-01,BK0038,Fundamentals of Mechanical,Mechanical,33.0,32.0,41.0,9,1,0,0,66,0,12,2008,False,False,False,False,False,False,False,False,True,False,41.0
1238,2022-11-01,BK0038,Fundamentals of Mechanical,Mechanical,58.0,33.0,44.0,10,1,0,0,66,0,5,2008,False,False,False,False,False,False,False,False,True,False,22.0
1358,2022-12-01,BK0038,Fundamentals of Mechanical,Mechanical,41.0,58.0,40.333333333333336,11,0,1,0,66,0,6,2008,False,False,False,False,False,False,False,False,True,False,44.0
1478,2023-01-01,BK0038,Fundamentals of Mechanical,Mechanical,22.0,41.0,35.666666666666664,12,0,0,1,66,0,4,2008,False,False,False,False,False,False,False,False,True,False,30.0
1598,2023-02-01,BK0038,Fundamentals of Mechanical,Mechanical,44.0,22.0,32.0,13,0,0,1,66,2,8,2008,False,False,False,False,False,False,False,False,True,False,43.0
1718,2023-03-01,BK0038,Fundamentals of Mechanical,Mechanical,30.0,44.0,39.0,14,0,0,1,66,0,10,2008,False,False,False,False,False,False,False,False,True,False,49.0
1838,2023-04-01,BK0038,Fundamentals of Mechanical,Mechanical,43.0,30.0,40.666666666666664,15,1,0,1,66,1,10,2008,False,False,False,False,False,False,False,False,True,False,47.0
1958,2023-05-01,BK0038,Fundamentals of Mechanical,Mechanical,49.0,43.0,46.333333333333336,16,1,0,1,66,1,8,2008,False,False,False,False,False,False,False,False,True,False,22.0
2078,2023-06-01,BK0038,Fundamentals of Mechanical,Mechanical,47.0,49.0,39.333333333333336,17,0,1,1,66,0,3,2008,False,False,False,False,False,False,False,False,True,False,39.0
2198,2023-07-01,BK0038,Fundamentals of Mechanical,Mechanical,22.0,47.0,36.0,18,0,0,0,66,0,5,2008,False,False,False,False,False,False,False,False,True,False,40.0
2318,2023-08-01,BK0038,Fundamentals of Mechanical,Mechanical,39.0,22.0,33.666666666666664,19,0,0,0,66,0,3,2008,False,False,False,False,False,False,False,False,True,False,43.0
2438,2023-09-01,BK0038,Fundamentals of Mechanical,Mechanical,40.0,39.0,40.666666666666664,20,0,0,0,66,1,8,2008,False,False,False,False,False,False,False,False,True,False,76.0
2558,2023-10-01,BK0038,Fundamentals of Mechanical,Mechanical,43.0,40.0,53.0,21,1,0,0,66,6,8,2008,False,False,False,False,False,False,False,False,True,False,60.0
2678,2023-11-01,BK0038,Fundamentals of Mechanical,Mechanical,76.0,43.0,59.666666666666664,22,1,0,0,66,0,13,2008,False,False,False,False,False,False,False,False,True,False,17.0
2798,2023-12-01,BK0038,Fundamentals of Mechanical,Mechanical,60.0,76.0,51.0,23,0,1,0,66,0,2,2008,False,False,False,False,False,False,False,False,True,False,45.0
2918,2024-01-01,BK0038,Fundamentals of Mechanical,Mechanical,17.0,60.0,40.666666666666664,24,0,0,1,66,0,10,2008,False,False,False,False,False,False,False,False,True,False,50.0
3038,2024-02-01,BK0038,Fundamentals of Mechanical,Mechanical,45.0,17.0,37.333333333333336,25,0,0,1,66,0,7,2008,False,False,False,False,False,False,False,False,True,False,37.0
3158,2024-03-01,BK0038,Fundamentals of Mechanical,Mechanical,50.0,45.0,44.0,26,0,0,1,66,0,2,2008,False,False,False,False,False,False,False,False,True,False,71.0
3278,2024-04-01,BK0038,Fundamentals of Mechanical,Mechanical,37.0,50.0,52.666666666666664,27,1,0,1,66,0,15,2008,False,False,False,False,False,False,False,False,True,False,75.0
3398,2024-05-01,BK0038,Fundamentals of Mechanical,Mechanical,71.0,37.0,61.0,28,1,0,1,66,8,10,2008,False,False,False,False,False,False,False,False,True,False,15.0
279,2022-03-01,BK0039,Mechanical: A Practical Approach,Mechanical,12.0,8.0,11.666666666666666,2,0,0,1,45,0,6,2014,False,False,False,False,False,False,False,False,True,False,16.0
399,2022-04-01,BK0039,Mechanical: A Practical Approach,Mechanical,15.0,12.0,14.333333333333334,3,1,0,1,45,0,3,2014,False,False,False,False,False,False,False,False,True,False,26.0
519,2022-05-01,BK0039,Mechanical: A Practical Approach,Mechanical,16.0,15.0,19.0,4,1,0,1,45,0,6,2014,False,False,False,False,False,False,False,False,True,False,0.0
639,2022-06-01,BK0039,Mechanical: A Practical Approach,Mechanical,26.0,16.0,14.0,5,0,1,1,45,0,0,2014,False,False,False,False,False,False,False,False,True,False,14.0
759,2022-07-01,BK0039,Mechanical: A Practical Approach,Mechanical,0.0,26.0,13.333333333333334,6,0,0,0,45,0,4,2014,False,False,False,False,False,False,False,False,True,False,15.0
879,2022-08-01,BK0039,Mechanical: A Practical Approach,Mechanical,14.0,0.0,9.666666666666666,7,0,0,0,45,1,4,2014,False,False,False,False,False,False,False,False,True,False,12.0
999,2022-09-01,BK0039,Mechanical: A Practical Approach,Mechanical,15.0,14.0,13.666666666666666,8,0,0,0,45,1,1,2014,False,False,False,False,False,False,False,False,True,False,21.0
1119,2022-10-01,BK0039,Mechanical: A Practical Approach,Mechanical,12.0,15.0,16.0,9,1,0,0,45,0,5,2014,False,False,False,False,False,False,False,False,True,False,28.0
1239,2022-11-01,BK0039,Mechanical: A Practical Approach,Mechanical,21.0,12.0,20.333333333333332,10,1,0,0,45,0,3,2014,False,False,False,False,False,False,False,False,True,False,4.0
1359,2022-12-01,BK0039,Mechanical: A Practical Approach,Mechanical,28.0,21.0,17.666666666666668,11,0,1,0,45,2,0,2014,False,False,False,False,False,False,False,False,True,False,10.0
1479,2023-01-01,BK0039,Mechanical: A Practical Approach,Mechanical,4.0,28.0,14.0,12,0,0,1,45,0,2,2014,False,False,False,False,False,False,False,False,True,False,16.0
1599,2023-02-01,BK0039,Mechanical: A Practical Approach,Mechanical,10.0,4.0,10.0,13,0,0,1,45,1,2,2014,False,False,False,False,False,False,False,False,True,False,9.0
1719,2023-03-01,BK0039,Mechanical: A Practical Approach,Mechanical,16.0,10.0,11.666666666666666,14,0,0,1,45,0,1,2014,False,False,False,False,False,False,False,False,True,False,15.0
1839,2023-04-01,BK0039,Mechanical: A Practical Approach,Mechanical,9.0,16.0,13.333333333333334,15,1,0,1,45,0,3,2014,False,False,False,False,False,False,False,False,True,False,13.0
1959,2023-05-01,BK0039,Mechanical: A Practical Approach,Mechanical,15.0,9.0,12.333333333333334,16,1,0,1,45,0,2,2014,False,False,False,False,False,False,False,False,True,False,4.0
2079,2023-06-01,BK0039,Mechanical: A Practical Approach,Mechanical,13.0,15.0,10.666666666666666,17,0,1,1,45,1,0,2014,False,False,False,False,False,False,False,False,True,False,10.0
2199,2023-07-01,BK0039,Mechanical: A Practical Approach,Mechanical,4.0,13.0,9.0,18,0,0,0,45,0,2,2014,False,False,False,False,False,False,False,False,True,False,11.0
2319,2023-08-01,BK0039,Mechanical: A Practical Approach,Mechanical,10.0,4.0,8.333333333333334,19,0,0,0,45,1,2,2014,False,False,False,False,False,False,False,False,True,False,17.0
2439,2023-09-01,BK0039,Mechanical: A Practical Approach,Mechanical,11.0,10.0,12.666666666666666,20,0,0,0,45,0,0,2014,False,False,False,False,False,False,False,False,True,False,13.0
2559,2023-10-01,BK0039,Mechanical: A Practical Approach,Mechanical,17.0,11.0,13.666666666666666,21,1,0,0,45,0,3,2014,False,False,False,False,False,False,False,False,True,False,16.0
2679,2023-11-01,BK0039,Mechanical: A Practical Approach,Mechanical,13.0,17.0,15.333333333333334,22,1,0,0,45,0,3,2014,False,False,False,False,False,False,False,False,True,False,9.0
2799,2023-12-01,BK0039,Mechanical: A Practical Approach,Mechanical,16.0,13.0,12.666666666666666,23,0,1,0,45,0,2,2014,False,False,False,False,False,False,False,False,True,False,12.0
2919,2024-01-01,BK0039,Mechanical: A Practical Approach,Mechanical,9.0,16.0,12.333333333333334,24,0,0,1,45,0,4,2014,False,False,False,False,False,False,False,False,True,False,5.0
3039,2024-02-01,BK0039,Mechanical: A Practical Approach,Mechanical,12.0,9.0,8.666666666666666,25,0,0,1,45,0,0,2014,False,False,False,False,False,False,False,False,True,False,14.0
3159,2024-03-01,BK0039,Mechanical: A Practical Approach,Mechanical,5.0,12.0,10.333333333333334,26,0,0,1,45,0,2,2014,False,False,False,False,False,False,False,False,True,False,23.0
3279,2024-04-01,BK0039,Mechanical: A Practical Approach,Mechanical,14.0,5.0,14.0,27,1,0,1,45,0,4,2014,False,False,False,False,False,False,False,False,True,False,17.0
3399,2024-05-01,BK0039,Mechanical: A Practical Approach,Mechanical,23.0,14.0,18.0,28,1,0,1,45,0,2,2014,False,False,False,False,False,False,False,False,True,False,7.0
280,2022-03-01,BK0040,Advanced Mechanical,Mechanical,24.0,43.0,32.333333333333336,2,0,0,1,69,0,3,2010,False,False,False,False,False,False,False,False,True,False,51.0
400,2022-04-01,BK0040,Advanced Mechanical,Mechanical,30.0,24.0,35.0,3,1,0,1,69,0,6,2010,False,False,False,False,False,False,False,False,True,False,36.0
520,2022-05-01,BK0040,Advanced Mechanical,Mechanical,51.0,30.0,39.0,4,1,0,1,69,0,5,2010,False,False,False,False,False,False,False,False,True,False,16.0
640,2022-06-01,BK0040,Advanced Mechanical,Mechanical,36.0,51.0,34.333333333333336,5,0,1,1,69,0,4,2010,False,False,False,False,False,False,False,False,True,False,28.0
760,2022-07-01,BK0040,Advanced Mechanical,Mechanical,16.0,36.0,26.666666666666668,6,0,0,0,69,0,5,2010,False,False,False,False,False,False,False,False,True,False,43.0
880,2022-08-01,BK0040,Advanced Mechanical,Mechanical,28.0,16.0,29.0,7,0,0,0,69,0,3,2010,False,False,False,False,False,False,False,False,True,False,25.0
1000,2022-09-01,BK0040,Advanced Mechanical,Mechanical,43.0,28.0,32.0,8,0,0,0,69,0,4,2010,False,False,False,False,False,False,False,False,True,False,46.0
1120,2022-10-01,BK0040,Advanced Mechanical,Mechanical,25.0,43.0,38.0,9,1,0,0,69,1,9,2010,False,False,False,False,False,False,False,False,True,False,45.0
1240,2022-11-01,BK0040,Advanced Mechanical,Mechanical,46.0,25.0,38.666666666666664,10,1,0,0,69,0,6,2010,False,False,False,False,False,False,False,False,True,False,14.0
1360,2022-12-01,BK0040,Advanced Mechanical,Mechanical,45.0,46.0,35.0,11,0,1,0,69,0,2,2010,False,False,False,False,False,False,False,False,True,False,32.0
1480,2023-01-01,BK0040,Advanced Mechanical,Mechanical,14.0,45.0,30.333333333333332,12,0,0,1,69,0,4,2010,False,False,False,False,False,False,False,False,True,False,19.0
1600,2023-02-01,BK0040,Advanced Mechanical,Mechanical,32.0,14.0,21.666666666666668,13,0,0,1,69,0,6,2010,False,False,False,False,False,False,False,False,True,False,28.0
1720,2023-03-01,BK0040,Advanced Mechanical,Mechanical,19.0,32.0,26.333333333333332,14,0,0,1,69,0,6,2010,False,False,False,False,False,False,False,False,True,False,43.0
1840,2023-04-01,BK0040,Advanced Mechanical,Mechanical,28.0,19.0,30.0,15,1,0,1,69,0,9,2010,False,False,False,False,False,False,False,False,True,False,48.0
1960,2023-05-01,BK0040,Advanced Mechanical,Mechanical,43.0,28.0,39.666666666666664,16,1,0,1,69,0,9,2010,False,False,False,False,False,False,False,False,True,False,7.0
2080,2023-06-01,BK0040,Advanced Mechanical,Mechanical,48.0,43.0,32.666666666666664,17,0,1,1,69,0,1,2010,False,False,False,False,False,False,False,False,True,False,29.0
2200,2023-07-01,BK0040,Advanced Mechanical,Mechanical,7.0,48.0,28.0,18,0,0,0,69,0,3,2010,False,False,False,False,False,False,False,False,True,False,28.0
2320,2023-08-01,BK0040,Advanced Mechanical,Mechanical,29.0,7.0,21.333333333333332,19,0,0,0,69,0,6,2010,False,False,False,False,False,False,False,False,True,False,39.0
2440,2023-09-01,BK0040,Advanced Mechanical,Mechanical,28.0,29.0,32.0,20,0,0,0,69,0,7,2010,False,False,False,False,False,False,False,False,True,False,39.0
2560,2023-10-01,BK0040,Advanced Mechanical,Mechanical,39.0,28.0,35.333333333333336,21,1,0,0,69,0,8,2010,False,False,False,False,False,False,False,False,True,False,43.0
2680,2023-11-01,BK0040,Advanced Mechanical,Mechanical,39.0,39.0,40.333333333333336,22,1,0,0,69,0,5,2010,False,False,False,False,False,False,False,False,True,False,10.0
2800,2023-12-01,BK0040,Advanced Mechanical,Mechanical,43.0,39.0,30.666666666666668,23,0,1,0,69,1,4,2010,False,False,False,False,False,False,False,False,True,False,39.0
2920,2024-01-01,BK0040,Advanced Mechanical,Mechanical,10.0,43.0,30.666666666666668,24,0,0,1,69,0,6,2010,False,False,False,False,False,False,False,False,True,False,29.0
3040,2024-02-01,BK0040,Advanced Mechanical,Mechanical,39.0,10.0,26.0,25,0,0,1,69,0,4,2010,False,False,False,False,False,False,False,False,True,False,19.0
3160,2024-03-01,BK0040,Advanced Mechanical,Mechanical,29.0,39.0,29.0,26,0,0,1,69,0,3,2010,False,False,False,False,False,False,False,False,True,False,41.0
3280,2024-04-01,BK0040,Advanced Mechanical,Mechanical,19.0,29.0,29.666666666666668,27,1,0,1,69,0,10,2010,False,False,False,False,False,False,False,False,True,False,41.0
3400,2024-05-01,BK0040,Advanced Mechanical,Mechanical,41.0,19.0,33.666666666666664,28,1,0,1,69,1,11,2010,False,False,False,False,False,False,False,False,True,False,8.0
281,2022-03-01,BK0041,Principles of Mechanical,Mechanical,20.0,23.0,22.333333333333332,2,0,0,1,51,0,1,2005,False,False,False,False,False,False,False,False,True,False,25.0
401,2022-04-01,BK0041,Principles of Mechanical,Mechanical,24.0,20.0,23.0,3,1,0,1,51,0,3,2005,False,False,False,False,False,False,False,False,True,False,25.0
521,2022-05-01,BK0041,Principles of Mechanical,Mechanical,25.0,24.0,24.666666666666668,4,1,0,1,51,1,8,2005,False,False,False,False,False,False,False,False,True,False,9.0
641,2022-06-01,BK0041,Principles of Mechanical,Mechanical,25.0,25.0,19.666666666666668,5,0,1,1,51,0,1,2005,False,False,False,False,False,False,False,False,True,False,26.0
761,2022-07-01,BK0041,Principles of Mechanical,Mechanical,9.0,25.0,20.0,6,0,0,0,51,1,5,2005,False,False,False,False,False,False,False,False,True,False,18.0
881,2022-08-01,BK0041,Principles of Mechanical,Mechanical,26.0,9.0,17.666666666666668,7,0,0,0,51,0,1,2005,False,False,False,False,False,False,False,False,True,False,23.0
1001,2022-09-01,BK0041,Principles of Mechanical,Mechanical,18.0,26.0,22.333333333333332,8,0,0,0,51,1,2,2005,False,False,False,False,False,False,False,False,True,False,31.0
1121,2022-10-01,BK0041,Principles of Mechanical,Mechanical,23.0,18.0,24.0,9,1,0,0,51,0,5,2005,False,False,False,False,False,False,False,False,True,False,29.0
1241,2022-11-01,BK0041,Principles of Mechanical,Mechanical,31.0,23.0,27.666666666666668,10,1,0,0,51,0,5,2005,False,False,False,False,False,False,False,False,True,False,7.0
1361,2022-12-01,BK0041,Principles of Mechanical,Mechanical,29.0,31.0,22.333333333333332,11,0,1,0,51,0,0,2005,False,False,False,False,False,False,False,False,True,False,20.0
1481,2023-01-01,BK0041,Principles of Mechanical,Mechanical,7.0,29.0,18.666666666666668,12,0,0,1,51,0,5,2005,False,False,False,False,False,False,False,False,True,False,21.0
1601,2023-02-01,BK0041,Principles of Mechanical,Mechanical,20.0,7.0,16.0,13,0,0,1,51,1,3,2005,False,False,False,False,False,False,False,False,True,False,22.0
1721,2023-03-01,BK0041,Principles of Mechanical,Mechanical,21.0,20.0,21.0,14,0,0,1,51,0,5,2005,False,False,False,False,False,False,False,False,True,False,27.0
1841,2023-04-01,BK0041,Principles of Mechanical,Mechanical,22.0,21.0,23.333333333333332,15,1,0,1,51,0,2,2005,False,False,False,False,False,False,False,False,True,False,34.0
1961,2023-05-01,BK0041,Principles of Mechanical,Mechanical,27.0,22.0,27.666666666666668,16,1,0,1,51,0,3,2005,False,False,False,False,False,False,False,False,True,False,11.0
2081,2023-06-01,BK0041,Principles of Mechanical,Mechanical,34.0,27.0,24.0,17,0,1,1,51,0,1,2005,False,False,False,False,False,False,False,False,True,False,25.0
2201,2023-07-01,BK0041,Principles of Mechanical,Mechanical,11.0,34.0,23.333333333333332,18,0,0,0,51,1,1,2005,False,False,False,False,False,False,False,False,True,False,18.0
2321,2023-08-01,BK0041,Principles of Mechanical,Mechanical,25.0,11.0,18.0,19,0,0,0,51,0,6,2005,False,False,False,False,False,False,False,False,True,False,16.0
2441,2023-09-01,BK0041,Principles of Mechanical,Mechanical,18.0,25.0,19.666666666666668,20,0,0,0,51,0,3,2005,False,False,False,False,False,False,False,False,True,False,20.0
2561,2023-10-01,BK0041,Principles of Mechanical,Mechanical,16.0,18.0,18.0,21,1,0,0,51,0,2,2005,False,False,False,False,False,False,False,False,True,False,27.0
2681,2023-11-01,BK0041,Principles of Mechanical,Mechanical,20.0,16.0,21.0,22,1,0,0,51,0,6,2005,False,False,False,False,False,False,False,False,True,False,8.0
2801,2023-12-01,BK0041,Principles of Mechanical,Mechanical,27.0,20.0,18.333333333333332,23,0,1,0,51,0,1,2005,False,False,False,False,False,False,False,False,True,False,24.0
2921,2024-01-01,BK0041,Principles of Mechanical,Mechanical,8.0,27.0,19.666666666666668,24,0,0,1,51,0,3,2005,False,False,False,False,False,False,False,False,True,False,16.0
3041,2024-02-01,BK0041,Principles of Mechanical,Mechanical,24.0,8.0,16.0,25,0,0,1,51,0,3,2005,False,False,False,False,False,False,False,False,True,False,18.0
3161,2024-03-01,BK0041,Principles of Mechanical,Mechanical,16.0,24.0,19.333333333333332,26,0,0,1,51,0,1,2005,False,False,False,False,False,False,False,False,True,False,28.0
3281,2024-04-01,BK0041,Principles of Mechanical,Mechanical,18.0,16.0,20.666666666666668,27,1,0,1,51,0,7,2005,False,False,False,False,False,False,False,False,True,False,28.0
3401,2024-05-01,BK0041,Principles of Mechanical,Mechanical,28.0,18.0,24.666666666666668,28,1,0,1,51,0,5,2005,False,False,False,False,False,False,False,False,True,False,10.0
282,2022-03-01,BK0042,Mechanical for Engineers,Mechanical,31.0,28.0,31.333333333333332,2,0,0,1,65,0,4,1996,False,False,False,False,False,False,False,False,True,False,36.0
402,2022-04-01,BK0042,Mechanical for Engineers,Mechanical,35.0,31.0,34.0,3,1,0,1,65,0,9,1996,False,False,False,False,False,False,False,False,True,False,41.0
522,2022-05-01,BK0042,Mechanical for Engineers,Mechanical,36.0,35.0,37.333333333333336,4,1,0,1,65,1,7,1996,False,False,False,False,False,False,False,False,True,False,11.0
642,2022-06-01,BK0042,Mechanical for Engineers,Mechanical,41.0,36.0,29.333333333333332,5,0,1,1,65,0,1,1996,False,False,False,False,False,False,False,False,True,False,33.0
762,2022-07-01,BK0042,Mechanical for Engineers,Mechanical,11.0,41.0,28.333333333333332,6,0,0,0,65,2,4,1996,False,False,False,False,False,False,False,False,True,False,19.0
882,2022-08-01,BK0042,Mechanical for Engineers,Mechanical,33.0,11.0,21.0,7,0,0,0,65,2,3,1996,False,False,False,False,False,False,False,False,True,False,31.0
1002,2022-09-01,BK0042,Mechanical for Engineers,Mechanical,19.0,33.0,27.666666666666668,8,0,0,0,65,0,8,1996,False,False,False,False,False,False,False,False,True,False,41.0
1122,2022-10-01,BK0042,Mechanical for Engineers,Mechanical,31.0,19.0,30.333333333333332,9,1,0,0,65,0,8,1996,False,False,False,False,False,False,False,False,True,False,39.0
1242,2022-11-01,BK0042,Mechanical for Engineers,Mechanical,41.0,31.0,37.0,10,1,0,0,65,0,2,1996,False,False,False,False,False,False,False,False,True,False,13.0
1362,2022-12-01,BK0042,Mechanical for Engineers,Mechanical,39.0,41.0,31.0,11,0,1,0,65,1,2,1996,False,False,False,False,False,False,False,False,True,False,30.0
1482,2023-01-01,BK0042,Mechanical for Engineers,Mechanical,13.0,39.0,27.333333333333332,12,0,0,1,65,1,2,1996,False,False,False,False,False,False,False,False,True,False,40.0
1602,2023-02-01,BK0042,Mechanical for Engineers,Mechanical,30.0,13.0,27.666666666666668,13,0,0,1,65,1,3,1996,False,False,False,False,False,False,False,False,True,False,24.0
1722,2023-03-01,BK0042,Mechanical for Engineers,Mechanical,40.0,30.0,31.333333333333332,14,0,0,1,65,0,5,1996,False,False,False,False,False,False,False,False,True,False,31.0
1842,2023-04-01,BK0042,Mechanical for Engineers,Mechanical,24.0,40.0,31.666666666666668,15,1,0,1,65,0,2,1996,False,False,False,False,False,False,False,False,True,False,45.0
1962,2023-05-01,BK0042,Mechanical for Engineers,Mechanical,31.0,24.0,33.333333333333336,16,1,0,1,65,0,8,1996,False,False,False,False,False,False,False,False,True,False,13.0
2082,2023-06-01,BK0042,Mechanical for Engineers,Mechanical,45.0,31.0,29.666666666666668,17,0,1,1,65,1,4,1996,False,False,False,False,False,False,False,False,True,False,34.0
2202,2023-07-01,BK0042,Mechanical for Engineers,Mechanical,13.0,45.0,30.666666666666668,18,0,0,0,65,0,7,1996,False,False,False,False,False,False,False,False,True,False,26.0
2322,2023-08-01,BK0042,Mechanical for Engineers,Mechanical,34.0,13.0,24.333333333333332,19,0,0,0,65,0,4,1996,False,False,False,False,False,False,False,False,True,False,26.0
2442,2023-09-01,BK0042,Mechanical for Engineers,Mechanical,26.0,34.0,28.666666666666668,20,0,0,0,65,1,1,1996,False,False,False,False,False,False,False,False,True,False,31.0
2562,2023-10-01,BK0042,Mechanical for Engineers,Mechanical,26.0,26.0,27.666666666666668,21,1,0,0,65,0,4,1996,False,False,False,False,False,False,False,False,True,False,48.0
2682,2023-11-01,BK0042,Mechanical for Engineers,Mechanical,31.0,26.0,35.0,22,1,0,0,65,0,9,1996,False,False,False,False,False,False,False,False,True,False,8.0
2802,2023-12-01,BK0042,Mechanical for Engineers,Mechanical,48.0,31.0,29.0,23,0,1,0,65,0,0,1996,False,False,False,False,False,False,False,False,True,False,36.0
2922,2024-01-01,BK0042,Mechanical for Engineers,Mechanical,8.0,48.0,30.666666666666668,24,0,0,1,65,0,7,1996,False,False,False,False,False,False,False,False,True,False,25.0
3042,2024-02-01,BK0042,Mechanical for Engineers,Mechanical,36.0,8.0,23.0,25,0,0,1,65,0,5,1996,False,False,False,False,False,False,False,False,True,False,27.0
3162,2024-03-01,BK0042,Mechanical for Engineers,Mechanical,25.0,36.0,29.333333333333332,26,0,0,1,65,0,3,1996,False,False,False,False,False,False,False,False,True,False,38.0
3282,2024-04-01,BK0042,Mechanical for Engineers,Mechanical,27.0,25.0,30.0,27,1,0,1,65,0,7,1996,False,False,False,False,False,False,False,False,True,False,29.0
3402,2024-05-01,BK0042,Mechanical for Engineers,Mechanical,38.0,27.0,31.333333333333332,28,1,0,1,65,0,9,1996,False,False,False,False,False,False,False,False,True,False,14.0
283,2022-03-01,BK0043,Modern Mechanical,Mechanical,33.0,29.0,31.666666666666668,2,0,0,1,67,0,7,2020,False,False,False,False,False,False,False,False,True,False,45.0
403,2022-04-01,BK0043,Modern Mechanical,Mechanical,33.0,33.0,37.0,3,1,0,1,67,1,8,2020,False,False,False,False,False,False,False,False,True,False,51.0
523,2022-05-01,BK0043,Modern Mechanical,Mechanical,45.0,33.0,43.0,4,1,0,1,67,0,9,2020,False,False,False,False,False,False,False,False,True,False,13.0
643,2022-06-01,BK0043,Modern Mechanical,Mechanical,51.0,45.0,36.333333333333336,5,0,1,1,67,0,1,2020,False,False,False,False,False,False,False,False,True,False,23.0
763,2022-07-01,BK0043,Modern Mechanical,Mechanical,13.0,51.0,29.0,6,0,0,0,67,1,2,2020,False,False,False,False,False,False,False,False,True,False,41.0
883,2022-08-01,BK0043,Modern Mechanical,Mechanical,23.0,13.0,25.666666666666668,7,0,0,0,67,2,6,2020,False,False,False,False,False,False,False,False,True,False,28.0
1003,2022-09-01,BK0043,Modern Mechanical,Mechanical,41.0,23.0,30.666666666666668,8,0,0,0,67,0,2,2020,False,False,False,False,False,False,False,False,True,False,44.0
1123,2022-10-01,BK0043,Modern Mechanical,Mechanical,28.0,41.0,37.666666666666664,9,1,0,0,67,0,8,2020,False,False,False,False,False,False,False,False,True,False,42.0
1243,2022-11-01,BK0043,Modern Mechanical,Mechanical,44.0,28.0,38.0,10,1,0,0,67,1,10,2020,False,False,False,False,False,False,False,False,True,False,13.0
1363,2022-12-01,BK0043,Modern Mechanical,Mechanical,42.0,44.0,33.0,11,0,1,0,67,1,1,2020,False,False,False,False,False,False,False,False,True,False,37.0
1483,2023-01-01,BK0043,Modern Mechanical,Mechanical,13.0,42.0,30.666666666666668,12,0,0,1,67,0,8,2020,False,False,False,False,False,False,False,False,True,False,23.0
1603,2023-02-01,BK0043,Modern Mechanical,Mechanical,37.0,13.0,24.333333333333332,13,0,0,1,67,0,4,2020,False,False,False,False,False,False,False,False,True,False,21.0
1723,2023-03-01,BK0043,Modern Mechanical,Mechanical,23.0,37.0,27.0,14,0,0,1,67,1,5,2020,False,False,False,False,False,False,False,False,True,False,31.0
1843,2023-04-01,BK0043,Modern Mechanical,Mechanical,21.0,23.0,25.0,15,1,0,1,67,1,2,2020,False,False,False,False,False,False,False,False,True,False,45.0
1963,2023-05-01,BK0043,Modern Mechanical,Mechanical,31.0,21.0,32.333333333333336,16,1,0,1,67,0,8,2020,False,False,False,False,False,False,False,False,True,False,14.0
2083,2023-06-01,BK0043,Modern Mechanical,Mechanical,45.0,31.0,30.0,17,0,1,1,67,0,2,2020,False,False,False,False,False,False,False,False,True,False,22.0
2203,2023-07-01,BK0043,Modern Mechanical,Mechanical,14.0,45.0,27.0,18,0,0,0,67,0,1,2020,False,False,False,False,False,False,False,False,True,False,35.0
2323,2023-08-01,BK0043,Modern Mechanical,Mechanical,22.0,14.0,23.666666666666668,19,0,0,0,67,0,7,2020,False,False,False,False,False,False,False,False,True,False,38.0
2443,2023-09-01,BK0043,Modern Mechanical,Mechanical,35.0,22.0,31.666666666666668,20,0,0,0,67,0,5,2020,False,False,False,False,False,False,False,False,True,False,57.0
2563,2023-10-01,BK0043,Modern Mechanical,Mechanical,38.0,35.0,43.333333333333336,21,1,0,0,67,1,10,2020,False,False,False,False,False,False,False,False,True,False,30.0
2683,2023-11-01,BK0043,Modern Mechanical,Mechanical,57.0,38.0,41.666666666666664,22,1,0,0,67,0,4,2020,False,False,False,False,False,False,False,False,True,False,20.0
2803,2023-12-01,BK0043,Modern Mechanical,Mechanical,30.0,57.0,35.666666666666664,23,0,1,0,67,1,4,2020,False,False,False,False,False,False,False,False,True,False,30.0
2923,2024-01-01,BK0043,Modern Mechanical,Mechanical,20.0,30.0,26.666666666666668,24,0,0,1,67,0,5,2020,False,False,False,False,False,False,False,False,True,False,35.0
3043,2024-02-01,BK0043,Modern Mechanical,Mechanical,30.0,20.0,28.333333333333332,25,0,0,1,67,0,7,2020,False,False,False,False,False,False,False,False,True,False,33.0
3163,2024-03-01,BK0043,Modern Mechanical,Mechanical,35.0,30.0,32.666666666666664,26,0,0,1,67,1,4,2020,False,False,False,False,False,False,False,False,True,False,46.0
3283,2024-04-01,BK0043,Modern Mechanical,Mechanical,33.0,35.0,38.0,27,1,0,1,67,4,4,2020,False,False,False,False,False,False,False,False,True,False,40.0
3403,2024-05-01,BK0043,Modern Mechanical,Mechanical,46.0,33.0,39.666666666666664,28,1,0,1,67,0,8,2020,False,False,False,False,False,False,False,False,True,False,11.0
284,2022-03-01,BK0044,Applied Mechanical,Mechanical,7.0,7.0,7.0,2,0,0,1,38,0,1,2003,False,False,False,False,False,False,False,False,True,False,5.0
404,2022-04-01,BK0044,Applied Mechanical,Mechanical,7.0,7.0,6.333333333333333,3,1,0,1,38,0,1,2003,False,False,False,False,False,False,False,False,True,False,5.0
524,2022-05-01,BK0044,Applied Mechanical,Mechanical,5.0,7.0,5.666666666666667,4,1,0,1,38,0,1,2003,False,False,False,False,False,False,False,False,True,False,2.0
644,2022-06-01,BK0044,Applied Mechanical,Mechanical,5.0,5.0,4.0,5,0,1,1,38,0,0,2003,False,False,False,False,False,False,False,False,True,False,5.0
764,2022-07-01,BK0044,Applied Mechanical,Mechanical,2.0,5.0,4.0,6,0,0,0,38,0,2,2003,False,False,False,False,False,False,False,False,True,False,6.0
884,2022-08-01,BK0044,Applied Mechanical,Mechanical,5.0,2.0,4.333333333333333,7,0,0,0,38,1,0,2003,False,False,False,False,False,False,False,False,True,False,4.0
1004,2022-09-01,BK0044,Applied Mechanical,Mechanical,6.0,5.0,5.0,8,0,0,0,38,0,1,2003,False,False,False,False,False,False,False,False,True,False,14.0
1124,2022-10-01,BK0044,Applied Mechanical,Mechanical,4.0,6.0,8.0,9,1,0,0,38,0,2,2003,False,False,False,False,False,False,False,False,True,False,7.0
1244,2022-11-01,BK0044,Applied Mechanical,Mechanical,14.0,4.0,8.333333333333334,10,1,0,0,38,0,1,2003,False,False,False,False,False,False,False,False,True,False,2.0
1364,2022-12-01,BK0044,Applied Mechanical,Mechanical,7.0,14.0,7.666666666666667,11,0,1,0,38,0,0,2003,False,False,False,False,False,False,False,False,True,False,8.0
1484,2023-01-01,BK0044,Applied Mechanical,Mechanical,2.0,7.0,5.666666666666667,12,0,0,1,38,0,1,2003,False,False,False,False,False,False,False,False,True,False,6.0
1604,2023-02-01,BK0044,Applied Mechanical,Mechanical,8.0,2.0,5.333333333333333,13,0,0,1,38,1,0,2003,False,False,False,False,False,False,False,False,True,False,5.0
1724,2023-03-01,BK0044,Applied Mechanical,Mechanical,6.0,8.0,6.333333333333333,14,0,0,1,38,0,0,2003,False,False,False,False,False,False,False,False,True,False,8.0
1844,2023-04-01,BK0044,Applied Mechanical,Mechanical,5.0,6.0,6.333333333333333,15,1,0,1,38,0,2,2003,False,False,False,False,False,False,False,False,True,False,11.0
1964,2023-05-01,BK0044,Applied Mechanical,Mechanical,8.0,5.0,8.0,16,1,0,1,38,0,1,2003,False,False,False,False,False,False,False,False,True,False,3.0
2084,2023-06-01,BK0044,Applied Mechanical,Mechanical,11.0,8.0,7.333333333333333,17,0,1,1,38,0,1,2003,False,False,False,False,False,False,False,False,True,False,5.0
2204,2023-07-01,BK0044,Applied Mechanical,Mechanical,3.0,11.0,6.333333333333333,18,0,0,0,38,0,0,2003,False,False,False,False,False,False,False,False,True,False,5.0
2324,2023-08-01,BK0044,Applied Mechanical,Mechanical,5.0,3.0,4.333333333333333,19,0,0,0,38,0,2,2003,False,False,False,False,False,False,False,False,True,False,6.0
2444,2023-09-01,BK0044,Applied Mechanical,Mechanical,5.0,5.0,5.333333333333333,20,0,0,0,38,0,0,2003,False,False,False,False,False,False,False,False,True,False,9.0
2564,2023-10-01,BK0044,Applied Mechanical,Mechanical,6.0,5.0,6.666666666666667,21,1,0,0,38,0,2,2003,False,False,False,False,False,False,False,False,True,False,9.0
2684,2023-11-01,BK0044,Applied Mechanical,Mechanical,9.0,6.0,8.0,22,1,0,0,38,0,0,2003,False,False,False,False,False,False,False,False,True,False,1.0
2804,2023-12-01,BK0044,Applied Mechanical,Mechanical,9.0,9.0,6.333333333333333,23,0,1,0,38,1,1,2003,False,False,False,False,False,False,False,False,True,False,6.0
2924,2024-01-01,BK0044,Applied Mechanical,Mechanical,1.0,9.0,5.333333333333333,24,0,0,1,38,1,0,2003,False,False,False,False,False,False,False,False,True,False,5.0
3044,2024-02-01,BK0044,Applied Mechanical,Mechanical,6.0,1.0,4.0,25,0,0,1,38,0,1,2003,False,False,False,False,False,False,False,False,True,False,7.0
3164,2024-03-01,BK0044,Applied Mechanical,Mechanical,5.0,6.0,6.0,26,0,0,1,38,0,3,2003,False,False,False,False,False,False,False,False,True,False,8.0
3284,2024-04-01,BK0044,Applied Mechanical,Mechanical,7.0,5.0,6.666666666666667,27,1,0,1,38,0,1,2003,False,False,False,False,False,False,False,False,True,False,12.0
3404,2024-05-01,BK0044,Applied Mechanical,Mechanical,8.0,7.0,9.0,28,1,0,1,38,0,3,2003,False,False,False,False,False,False,False,False,True,False,3.0
285,2022-03-01,BK0045,Mechanical Concepts and Applications,Mechanical,18.0,12.0,14.666666666666666,2,0,0,1,27,1,4,2017,False,False,False,False,False,False,False,False,True,False,19.0
405,2022-04-01,BK0045,Mechanical Concepts and Applications,Mechanical,14.0,18.0,17.0,3,1,0,1,27,0,1,2017,False,False,False,False,False,False,False,False,True,False,11.0
525,2022-05-01,BK0045,Mechanical Concepts and Applications,Mechanical,19.0,14.0,14.666666666666666,4,1,0,1,27,0,1,2017,False,False,False,False,False,False,False,False,True,False,3.0
645,2022-06-01,BK0045,Mechanical Concepts and Applications,Mechanical,11.0,19.0,11.0,5,0,1,1,27,0,0,2017,False,False,False,False,False,False,False,False,True,False,11.0
765,2022-07-01,BK0045,Mechanical Concepts and Applications,Mechanical,3.0,11.0,8.333333333333334,6,0,0,0,27,0,1,2017,False,False,False,False,False,False,False,False,True,False,7.0
885,2022-08-01,BK0045,Mechanical Concepts and Applications,Mechanical,11.0,3.0,7.0,7,0,0,0,27,1,0,2017,False,False,False,False,False,False,False,False,True,False,9.0
1005,2022-09-01,BK0045,Mechanical Concepts and Applications,Mechanical,7.0,11.0,9.0,8,0,0,0,27,0,1,2017,False,False,False,False,False,False,False,False,True,False,12.0
1125,2022-10-01,BK0045,Mechanical Concepts and Applications,Mechanical,9.0,7.0,9.333333333333334,9,1,0,0,27,1,1,2017,False,False,False,False,False,False,False,False,True,False,10.0
1245,2022-11-01,BK0045,Mechanical Concepts and Applications,Mechanical,12.0,9.0,10.333333333333334,10,1,0,0,27,0,1,2017,False,False,False,False,False,False,False,False,True,False,4.0
1365,2022-12-01,BK0045,Mechanical Concepts and Applications,Mechanical,10.0,12.0,8.666666666666666,11,0,1,0,27,0,0,2017,False,False,False,False,False,False,False,False,True,False,12.0
1485,2023-01-01,BK0045,Mechanical Concepts and Applications,Mechanical,4.0,10.0,8.666666666666666,12,0,0,1,27,0,2,2017,False,False,False,False,False,False,False,False,True,False,11.0
1605,2023-02-01,BK0045,Mechanical Concepts and Applications,Mechanical,12.0,4.0,9.0,13,0,0,1,27,0,2,2017,False,False,False,False,False,False,False,False,True,False,15.0
1725,2023-03-01,BK0045,Mechanical Concepts and Applications,Mechanical,11.0,12.0,12.666666666666666,14,0,0,1,27,0,1,2017,False,False,False,False,False,False,False,False,True,False,13.0
1845,2023-04-01,BK0045,Mechanical Concepts and Applications,Mechanical,15.0,11.0,13.0,15,1,0,1,27,1,1,2017,False,False,False,False,False,False,False,False,True,False,15.0
1965,2023-05-01,BK0045,Mechanical Concepts and Applications,Mechanical,13.0,15.0,14.333333333333334,16,1,0,1,27,0,1,2017,False,False,False,False,False,False,False,False,True,False,1.0
2085,2023-06-01,BK0045,Mechanical Concepts and Applications,Mechanical,15.0,13.0,9.666666666666666,17,0,1,1,27,1,0,2017,False,False,False,False,False,False,False,False,True,False,10.0
2205,2023-07-01,BK0045,Mechanical Concepts and Applications,Mechanical,1.0,15.0,8.666666666666666,18,0,0,0,27,0,1,2017,False,False,False,False,False,False,False,False,True,False,14.0
2325,2023-08-01,BK0045,Mechanical Concepts and Applications,Mechanical,10.0,1.0,8.333333333333334,19,0,0,0,27,0,3,2017,False,False,False,False,False,False,False,False,True,False,10.0
2445,2023-09-01,BK0045,Mechanical Concepts and Applications,Mechanical,14.0,10.0,11.333333333333334,20,0,0,0,27,0,1,2017,False,False,False,False,False,False,False,False,True,False,15.0
2565,2023-10-01,BK0045,Mechanical Concepts and Applications,Mechanical,10.0,14.0,13.0,21,1,0,0,27,0,1,2017,False,False,False,False,False,False,False,False,True,False,17.0
2685,2023-11-01,BK0045,Mechanical Concepts and Applications,Mechanical,15.0,10.0,14.0,22,1,0,0,27,1,1,2017,False,False,False,False,False,False,False,False,True,False,5.0
2805,2023-12-01,BK0045,Mechanical Concepts and Applications,Mechanical,17.0,15.0,12.333333333333334,23,0,1,0,27,0,2,2017,False,False,False,False,False,False,False,False,True,False,7.0
2925,2024-01-01,BK0045,Mechanical Concepts and Applications,Mechanical,5.0,17.0,9.666666666666666,24,0,0,1,27,0,3,2017,False,False,False,False,False,False,False,False,True,False,10.0
3045,2024-02-01,BK0045,Mechanical Concepts and Applications,Mechanical,7.0,5.0,7.333333333333333,25,0,0,1,27,1,2,2017,False,False,False,False,False,False,False,False,True,False,3.0
3165,2024-03-01,BK0045,Mechanical Concepts and Applications,Mechanical,10.0,7.0,6.666666666666667,26,0,0,1,27,0,2,2017,False,False,False,False,False,False,False,False,True,False,19.0
3285,2024-04-01,BK0045,Mechanical Concepts and Applications,Mechanical,3.0,10.0,10.666666666666666,27,1,0,1,27,3,3,2017,False,False,False,False,False,False,False,False,True,False,16.0
3405,2024-05-01,BK0045,Mechanical Concepts and Applications,Mechanical,19.0,3.0,12.666666666666666,28,1,0,1,27,0,3,2017,False,False,False,False,False,False,False,False,True,False,6.0
286,2022-03-01,BK0046,Essentials of Mechanical,Mechanical,14.0,17.0,18.0,2,0,0,1,33,1,4,2007,False,False,False,False,False,False,False,False,True,False,27.0
406,2022-04-01,BK0046,Essentials of Mechanical,Mechanical,23.0,14.0,21.333333333333332,3,1,0,1,33,0,3,2007,False,False,False,False,False,False,False,False,True,False,34.0
526,2022-05-01,BK0046,Essentials of Mechanical,Mechanical,27.0,23.0,28.0,4,1,0,1,33,2,7,2007,False,False,False,False,False,False,False,False,True,False,3.0
646,2022-06-01,BK0046,Essentials of Mechanical,Mechanical,34.0,27.0,21.333333333333332,5,0,1,1,33,0,1,2007,False,False,False,False,False,False,False,False,True,False,18.0
766,2022-07-01,BK0046,Essentials of Mechanical,Mechanical,3.0,34.0,18.333333333333332,6,0,0,0,33,1,3,2007,False,False,False,False,False,False,False,False,True,False,22.0
886,2022-08-01,BK0046,Essentials of Mechanical,Mechanical,18.0,3.0,14.333333333333334,7,0,0,0,33,0,4,2007,False,False,False,False,False,False,False,False,True,False,6.0
1006,2022-09-01,BK0046,Essentials of Mechanical,Mechanical,22.0,18.0,15.333333333333334,8,0,0,0,33,1,0,2007,False,False,False,False,False,False,False,False,True,False,18.0
1126,2022-10-01,BK0046,Essentials of Mechanical,Mechanical,6.0,22.0,15.333333333333334,9,1,0,0,33,0,1,2007,False,False,False,False,False,False,False,False,True,False,29.0
1246,2022-11-01,BK0046,Essentials of Mechanical,Mechanical,18.0,6.0,17.666666666666668,10,1,0,0,33,0,3,2007,False,False,False,False,False,False,False,False,True,False,2.0
1366,2022-12-01,BK0046,Essentials of Mechanical,Mechanical,29.0,18.0,16.333333333333332,11,0,1,0,33,0,0,2007,False,False,False,False,False,False,False,False,True,False,25.0
1486,2023-01-01,BK0046,Essentials of Mechanical,Mechanical,2.0,29.0,18.666666666666668,12,0,0,1,33,0,2,2007,False,False,False,False,False,False,False,False,True,False,14.0
1606,2023-02-01,BK0046,Essentials of Mechanical,Mechanical,25.0,2.0,13.666666666666666,13,0,0,1,33,0,3,2007,False,False,False,False,False,False,False,False,True,False,9.0
1726,2023-03-01,BK0046,Essentials of Mechanical,Mechanical,14.0,25.0,16.0,14,0,0,1,33,0,3,2007,False,False,False,False,False,False,False,False,True,False,21.0
1846,2023-04-01,BK0046,Essentials of Mechanical,Mechanical,9.0,14.0,14.666666666666666,15,1,0,1,33,0,5,2007,False,False,False,False,False,False,False,False,True,False,20.0
1966,2023-05-01,BK0046,Essentials of Mechanical,Mechanical,21.0,9.0,16.666666666666668,16,1,0,1,33,0,2,2007,False,False,False,False,False,False,False,False,True,False,7.0
2086,2023-06-01,BK0046,Essentials of Mechanical,Mechanical,20.0,21.0,16.0,17,0,1,1,33,0,2,2007,False,False,False,False,False,False,False,False,True,False,11.0
2206,2023-07-01,BK0046,Essentials of Mechanical,Mechanical,7.0,20.0,12.666666666666666,18,0,0,0,33,0,1,2007,False,False,False,False,False,False,False,False,True,False,13.0
2326,2023-08-01,BK0046,Essentials of Mechanical,Mechanical,11.0,7.0,10.333333333333334,19,0,0,0,33,0,5,2007,False,False,False,False,False,False,False,False,True,False,10.0
2446,2023-09-01,BK0046,Essentials of Mechanical,Mechanical,13.0,11.0,11.333333333333334,20,0,0,0,33,0,2,2007,False,False,False,False,False,False,False,False,True,False,17.0
2566,2023-10-01,BK0046,Essentials of Mechanical,Mechanical,10.0,13.0,13.333333333333334,21,1,0,0,33,0,4,2007,False,False,False,False,False,False,False,False,True,False,12.0
2686,2023-11-01,BK0046,Essentials of Mechanical,Mechanical,17.0,10.0,13.0,22,1,0,0,33,0,0,2007,False,False,False,False,False,False,False,False,True,False,7.0
2806,2023-12-01,BK0046,Essentials of Mechanical,Mechanical,12.0,17.0,12.0,23,0,1,0,33,0,1,2007,False,False,False,False,False,False,False,False,True,False,8.0
2926,2024-01-01,BK0046,Essentials of Mechanical,Mechanical,7.0,12.0,9.0,24,0,0,1,33,0,0,2007,False,False,False,False,False,False,False,False,True,False,12.0
3046,2024-02-01,BK0046,Essentials of Mechanical,Mechanical,8.0,7.0,9.0,25,0,0,1,33,0,4,2007,False,False,False,False,False,False,False,False,True,False,6.0
3166,2024-03-01,BK0046,Essentials of Mechanical,Mechanical,12.0,8.0,8.666666666666666,26,0,0,1,33,0,0,2007,False,False,False,False,False,False,False,False,True,False,9.0
3286,2024-04-01,BK0046,Essentials of Mechanical,Mechanical,6.0,12.0,9.0,27,1,0,1,33,0,1,2007,False,False,False,False,False,False,False,False,True,False,11.0
3406,2024-05-01,BK0046,Essentials of Mechanical,Mechanical,9.0,6.0,8.666666666666666,28,1,0,1,33,2,1,2007,False,False,False,False,False,False,False,False,True,False,7.0
287,2022-03-01,BK0047,Mechanical: Theory and Practice,Mechanical,17.0,15.0,15.333333333333334,2,0,0,1,26,0,2,1997,False,False,False,False,False,False,False,False,True,False,13.0
407,2022-04-01,BK0047,Mechanical: Theory and Practice,Mechanical,14.0,17.0,14.666666666666666,3,1,0,1,26,0,0,1997,False,False,False,False,False,False,False,False,True,False,24.0
527,2022-05-01,BK0047,Mechanical: Theory and Practice,Mechanical,13.0,14.0,17.0,4,1,0,1,26,0,4,1997,False,False,False,False,False,False,False,False,True,False,6.0
647,2022-06-01,BK0047,Mechanical: Theory and Practice,Mechanical,24.0,13.0,14.333333333333334,5,0,1,1,26,0,0,1997,False,False,False,False,False,False,False,False,True,False,14.0
767,2022-07-01,BK0047,Mechanical: Theory and Practice,Mechanical,6.0,24.0,14.666666666666666,6,0,0,0,26,0,2,1997,False,False,False,False,False,False,False,False,True,False,12.0
887,2022-08-01,BK0047,Mechanical: Theory and Practice,Mechanical,14.0,6.0,10.666666666666666,7,0,0,0,26,2,1,1997,False,False,False,False,False,False,False,False,True,False,11.0
1007,2022-09-01,BK0047,Mechanical: Theory and Practice,Mechanical,12.0,14.0,12.333333333333334,8,0,0,0,26,0,0,1997,False,False,False,False,False,False,False,False,True,False,23.0
1127,2022-10-01,BK0047,Mechanical: Theory and Practice,Mechanical,11.0,12.0,15.333333333333334,9,1,0,0,26,0,6,1997,False,False,False,False,False,False,False,False,True,False,18.0
1247,2022-11-01,BK0047,Mechanical: Theory and Practice,Mechanical,23.0,11.0,17.333333333333332,10,1,0,0,26,1,5,1997,False,False,False,False,False,False,False,False,True,False,3.0
1367,2022-12-01,BK0047,Mechanical: Theory and Practice,Mechanical,18.0,23.0,14.666666666666666,11,0,1,0,26,0,0,1997,False,False,False,False,False,False,False,False,True,False,11.0
1487,2023-01-01,BK0047,Mechanical: Theory and Practice,Mechanical,3.0,18.0,10.666666666666666,12,0,0,1,26,0,1,1997,False,False,False,False,False,False,False,False,True,False,15.0
1607,2023-02-01,BK0047,Mechanical: Theory and Practice,Mechanical,11.0,3.0,9.666666666666666,13,0,0,1,26,0,4,1997,False,False,False,False,False,False,False,False,True,False,11.0
1727,2023-03-01,BK0047,Mechanical: Theory and Practice,Mechanical,15.0,11.0,12.333333333333334,14,0,0,1,26,1,1,1997,False,False,False,False,False,False,False,False,True,False,18.0
1847,2023-04-01,BK0047,Mechanical: Theory and Practice,Mechanical,11.0,15.0,14.666666666666666,15,1,0,1,26,1,1,1997,False,False,False,False,False,False,False,False,True,False,26.0
1967,2023-05-01,BK0047,Mechanical: Theory and Practice,Mechanical,18.0,11.0,18.333333333333332,16,1,0,1,26,0,3,1997,False,False,False,False,False,False,False,False,True,False,6.0
2087,2023-06-01,BK0047,Mechanical: Theory and Practice,Mechanical,26.0,18.0,16.666666666666668,17,0,1,1,26,1,1,1997,False,False,False,False,False,False,False,False,True,False,15.0
2207,2023-07-01,BK0047,Mechanical: Theory and Practice,Mechanical,6.0,26.0,15.666666666666666,18,0,0,0,26,0,4,1997,False,False,False,False,False,False,False,False,True,False,14.0
2327,2023-08-01,BK0047,Mechanical: Theory and Practice,Mechanical,15.0,6.0,11.666666666666666,19,0,0,0,26,0,3,1997,False,False,False,False,False,False,False,False,True,False,23.0
2447,2023-09-01,BK0047,Mechanical: Theory and Practice,Mechanical,14.0,15.0,17.333333333333332,20,0,0,0,26,0,1,1997,False,False,False,False,False,False,False,False,True,False,11.0
2567,2023-10-01,BK0047,Mechanical: Theory and Practice,Mechanical,23.0,14.0,16.0,21,1,0,0,26,0,0,1997,False,False,False,False,False,False,False,False,True,False,19.0
2687,2023-11-01,BK0047,Mechanical: Theory and Practice,Mechanical,11.0,23.0,17.666666666666668,22,1,0,0,26,0,3,1997,False,False,False,False,False,False,False,False,True,False,6.0
2807,2023-12-01,BK0047,Mechanical: Theory and Practice,Mechanical,19.0,11.0,12.0,23,0,1,0,26,0,0,1997,False,False,False,False,False,False,False,False,True,False,11.0
2927,2024-01-01,BK0047,Mechanical: Theory and Practice,Mechanical,6.0,19.0,12.0,24,0,0,1,26,0,2,1997,False,False,False,False,False,False,False,False,True,False,11.0
3047,2024-02-01,BK0047,Mechanical: Theory and Practice,Mechanical,11.0,6.0,9.333333333333334,25,0,0,1,26,0,2,1997,False,False,False,False,False,False,False,False,True,False,19.0
3167,2024-03-01,BK0047,Mechanical: Theory and Practice,Mechanical,11.0,11.0,13.666666666666666,26,0,0,1,26,0,4,1997,False,False,False,False,False,False,False,False,True,False,16.0
3287,2024-04-01,BK0047,Mechanical: Theory and Practice,Mechanical,19.0,11.0,15.333333333333334,27,1,0,1,26,1,4,1997,False,False,False,False,False,False,False,False,True,False,19.0
3407,2024-05-01,BK0047,Mechanical: Theory and Practice,Mechanical,16.0,19.0,18.0,28,1,0,1,26,0,3,1997,False,False,False,False,False,False,False,False,True,False,5.0
288,2022-03-01,BK0048,Understanding Mechanical,Mechanical,8.0,9.0,10.333333333333334,2,0,0,1,53,0,2,2004,False,False,False,False,False,False,False,False,True,False,13.0
408,2022-04-01,BK0048,Understanding Mechanical,Mechanical,14.0,8.0,11.666666666666666,3,1,0,1,53,1,2,2004,False,False,False,False,False,False,False,False,True,False,15.0
528,2022-05-01,BK0048,Understanding Mechanical,Mechanical,13.0,14.0,14.0,4,1,0,1,53,0,2,2004,False,False,False,False,False,False,False,False,True,False,7.0
648,2022-06-01,BK0048,Understanding Mechanical,Mechanical,15.0,13.0,11.666666666666666,5,0,1,1,53,0,1,2004,False,False,False,False,False,False,False,False,True,False,8.0
768,2022-07-01,BK0048,Understanding Mechanical,Mechanical,7.0,15.0,10.0,6,0,0,0,53,1,3,2004,False,False,False,False,False,False,False,False,True,False,17.0
888,2022-08-01,BK0048,Understanding Mechanical,Mechanical,8.0,7.0,10.666666666666666,7,0,0,0,53,1,2,2004,False,False,False,False,False,False,False,False,True,False,15.0
1008,2022-09-01,BK0048,Understanding Mechanical,Mechanical,17.0,8.0,13.333333333333334,8,0,0,0,53,0,4,2004,False,False,False,False,False,False,False,False,True,False,14.0
1128,2022-10-01,BK0048,Understanding Mechanical,Mechanical,15.0,17.0,15.333333333333334,9,1,0,0,53,0,4,2004,False,False,False,False,False,False,False,False,True,False,16.0
1248,2022-11-01,BK0048,Understanding Mechanical,Mechanical,14.0,15.0,15.0,10,1,0,0,53,0,2,2004,False,False,False,False,False,False,False,False,True,False,3.0
1368,2022-12-01,BK0048,Understanding Mechanical,Mechanical,16.0,14.0,11.0,11,0,1,0,53,0,1,2004,False,False,False,False,False,False,False,False,True,False,12.0
1488,2023-01-01,BK0048,Understanding Mechanical,Mechanical,3.0,16.0,10.333333333333334,12,0,0,1,53,0,0,2004,False,False,False,False,False,False,False,False,True,False,12.0
1608,2023-02-01,BK0048,Understanding Mechanical,Mechanical,12.0,3.0,9.0,13,0,0,1,53,0,0,2004,False,False,False,False,False,False,False,False,True,False,16.0
1728,2023-03-01,BK0048,Understanding Mechanical,Mechanical,12.0,12.0,13.333333333333334,14,0,0,1,53,2,4,2004,False,False,False,False,False,False,False,False,True,False,17.0
1848,2023-04-01,BK0048,Understanding Mechanical,Mechanical,16.0,12.0,15.0,15,1,0,1,53,0,2,2004,False,False,False,False,False,False,False,False,True,False,14.0
1968,2023-05-01,BK0048,Understanding Mechanical,Mechanical,17.0,16.0,15.666666666666666,16,1,0,1,53,0,1,2004,False,False,False,False,False,False,False,False,True,False,8.0
2088,2023-06-01,BK0048,Understanding Mechanical,Mechanical,14.0,17.0,13.0,17,0,1,1,53,0,2,2004,False,False,False,False,False,False,False,False,True,False,12.0
2208,2023-07-01,BK0048,Understanding Mechanical,Mechanical,8.0,14.0,11.333333333333334,18,0,0,0,53,0,2,2004,False,False,False,False,False,False,False,False,True,False,13.0
2328,2023-08-01,BK0048,Understanding Mechanical,Mechanical,12.0,8.0,11.0,19,0,0,0,53,0,2,2004,False,False,False,False,False,False,False,False,True,False,14.0
2448,2023-09-01,BK0048,Understanding Mechanical,Mechanical,13.0,12.0,13.0,20,0,0,0,53,0,3,2004,False,False,False,False,False,False,False,False,True,False,16.0
2568,2023-10-01,BK0048,Understanding Mechanical,Mechanical,14.0,13.0,14.333333333333334,21,1,0,0,53,0,1,2004,False,False,False,False,False,False,False,False,True,False,17.0
2688,2023-11-01,BK0048,Understanding Mechanical,Mechanical,16.0,14.0,15.666666666666666,22,1,0,0,53,0,3,2004,False,False,False,False,False,False,False,False,True,False,0.0
2808,2023-12-01,BK0048,Understanding Mechanical,Mechanical,17.0,16.0,11.0,23,0,1,0,53,0,0,2004,False,False,False,False,False,False,False,False,True,False,9.0
2928,2024-01-01,BK0048,Understanding Mechanical,Mechanical,0.0,17.0,8.666666666666666,24,0,0,1,53,0,1,2004,False,False,False,False,False,False,False,False,True,False,10.0
3048,2024-02-01,BK0048,Understanding Mechanical,Mechanical,9.0,0.0,6.333333333333333,25,0,0,1,53,2,1,2004,False,False,False,False,False,False,False,False,True,False,9.0
3168,2024-03-01,BK0048,Understanding Mechanical,Mechanical,10.0,9.0,9.333333333333334,26,0,0,1,53,0,1,2004,False,False,False,False,False,False,False,False,True,False,13.0
3288,2024-04-01,BK0048,Understanding Mechanical,Mechanical,9.0,10.0,10.666666666666666,27,1,0,1,53,2,1,2004,False,False,False,False,False,False,False,False,True,False,20.0
3408,2024-05-01,BK0048,Understanding Mechanical,Mechanical,13.0,9.0,14.0,28,1,0,1,53,0,2,2004,False,False,False,False,False,False,False,False,True,False,5.0
289,2022-03-01,BK0049,Introduction to Civil,Civil,18.0,16.0,17.666666666666668,2,0,0,1,21,0,2,2000,False,False,True,False,False,False,False,False,False,False,31.0
409,2022-04-01,BK0049,Introduction to Civil,Civil,19.0,18.0,22.666666666666668,3,1,0,1,21,5,5,2000,False,False,True,False,False,False,False,False,False,False,20.0
529,2022-05-01,BK0049,Introduction to Civil,Civil,31.0,19.0,23.333333333333332,4,1,0,1,21,0,2,2000,False,False,True,False,False,False,False,False,False,False,10.0
649,2022-06-01,BK0049,Introduction to Civil,Civil,20.0,31.0,20.333333333333332,5,0,1,1,21,0,3,2000,False,False,True,False,False,False,False,False,False,False,18.0
769,2022-07-01,BK0049,Introduction to Civil,Civil,10.0,20.0,16.0,6,0,0,0,21,0,1,2000,False,False,True,False,False,False,False,False,False,False,21.0
889,2022-08-01,BK0049,Introduction to Civil,Civil,18.0,10.0,16.333333333333332,7,0,0,0,21,0,3,2000,False,False,True,False,False,False,False,False,False,False,22.0
1009,2022-09-01,BK0049,Introduction to Civil,Civil,21.0,18.0,20.333333333333332,8,0,0,0,21,3,3,2000,False,False,True,False,False,False,False,False,False,False,26.0
1129,2022-10-01,BK0049,Introduction to Civil,Civil,22.0,21.0,23.0,9,1,0,0,21,4,2,2000,False,False,True,False,False,False,False,False,False,False,28.0
1249,2022-11-01,BK0049,Introduction to Civil,Civil,26.0,22.0,25.333333333333332,10,1,0,0,21,4,4,2000,False,False,True,False,False,False,False,False,False,False,9.0
1369,2022-12-01,BK0049,Introduction to Civil,Civil,28.0,26.0,21.0,11,0,1,0,21,0,0,2000,False,False,True,False,False,False,False,False,False,False,22.0
1489,2023-01-01,BK0049,Introduction to Civil,Civil,9.0,28.0,19.666666666666668,12,0,0,1,21,2,4,2000,False,False,True,False,False,False,False,False,False,False,20.0
1609,2023-02-01,BK0049,Introduction to Civil,Civil,22.0,9.0,17.0,13,0,0,1,21,0,3,2000,False,False,True,False,False,False,False,False,False,False,21.0
1729,2023-03-01,BK0049,Introduction to Civil,Civil,20.0,22.0,21.0,14,0,0,1,21,1,4,2000,False,False,True,False,False,False,False,False,False,False,25.0
1849,2023-04-01,BK0049,Introduction to Civil,Civil,21.0,20.0,22.0,15,1,0,1,21,2,4,2000,False,False,True,False,False,False,False,False,False,False,33.0
1969,2023-05-01,BK0049,Introduction to Civil,Civil,25.0,21.0,26.333333333333332,16,1,0,1,21,6,2,2000,False,False,True,False,False,False,False,False,False,False,8.0
2089,2023-06-01,BK0049,Introduction to Civil,Civil,33.0,25.0,22.0,17,0,1,1,21,0,2,2000,False,False,True,False,False,False,False,False,False,False,15.0
2209,2023-07-01,BK0049,Introduction to Civil,Civil,8.0,33.0,18.666666666666668,18,0,0,0,21,0,2,2000,False,False,True,False,False,False,False,False,False,False,9.0
2329,2023-08-01,BK0049,Introduction to Civil,Civil,15.0,8.0,10.666666666666666,19,0,0,0,21,0,4,2000,False,False,True,False,False,False,False,False,False,False,25.0
2449,2023-09-01,BK0049,Introduction to Civil,Civil,9.0,15.0,16.333333333333332,20,0,0,0,21,1,3,2000,False,False,True,False,False,False,False,False,False,False,26.0
2569,2023-10-01,BK0049,Introduction to Civil,Civil,25.0,9.0,20.0,21,1,0,0,21,2,5,2000,False,False,True,False,False,False,False,False,False,False,25.0
2689,2023-11-01,BK0049,Introduction to Civil,Civil,26.0,25.0,25.333333333333332,22,1,0,0,21,2,8,2000,False,False,True,False,False,False,False,False,False,False,8.0
2809,2023-12-01,BK0049,Introduction to Civil,Civil,25.0,26.0,19.666666666666668,23,0,1,0,21,0,2,2000,False,False,True,False,False,False,False,False,False,False,23.0
2929,2024-01-01,BK0049,Introduction to Civil,Civil,8.0,25.0,18.666666666666668,24,0,0,1,21,1,1,2000,False,False,True,False,False,False,False,False,False,False,20.0
3049,2024-02-01,BK0049,Introduction to Civil,Civil,23.0,8.0,17.0,25,0,0,1,21,2,2,2000,False,False,True,False,False,False,False,False,False,False,17.0
3169,2024-03-01,BK0049,Introduction to Civil,Civil,20.0,23.0,20.0,26,0,0,1,21,1,4,2000,False,False,True,False,False,False,False,False,False,False,32.0
3289,2024-04-01,BK0049,Introduction to Civil,Civil,17.0,20.0,23.0,27,1,0,1,21,7,4,2000,False,False,True,False,False,False,False,False,False,False,21.0
3409,2024-05-01,BK0049,Introduction to Civil,Civil,32.0,17.0,23.333333333333332,28,1,0,1,21,0,2,2000,False,False,True,False,False,False,False,False,False,False,5.0
290,2022-03-01,BK0050,Fundamentals of Civil,Civil,48.0,39.0,45.666666666666664,2,0,0,1,62,1,9,2002,False,False,True,False,False,False,False,False,False,False,51.0
410,2022-04-01,BK0050,Fundamentals of Civil,Civil,50.0,48.0,49.666666666666664,3,1,0,1,62,1,5,2002,False,False,True,False,False,False,False,False,False,False,70.0
530,2022-05-01,BK0050,Fundamentals of Civil,Civil,51.0,50.0,57.0,4,1,0,1,62,7,16,2002,False,False,True,False,False,False,False,False,False,False,8.0
650,2022-06-01,BK0050,Fundamentals of Civil,Civil,70.0,51.0,43.0,5,0,1,1,62,0,0,2002,False,False,True,False,False,False,False,False,False,False,34.0
770,2022-07-01,BK0050,Fundamentals of Civil,Civil,8.0,70.0,37.333333333333336,6,0,0,0,62,0,3,2002,False,False,True,False,False,False,False,False,False,False,31.0
890,2022-08-01,BK0050,Fundamentals of Civil,Civil,34.0,8.0,24.333333333333332,7,0,0,0,62,0,5,2002,False,False,True,False,False,False,False,False,False,False,46.0
1010,2022-09-01,BK0050,Fundamentals of Civil,Civil,31.0,34.0,37.0,8,0,0,0,62,0,6,2002,False,False,True,False,False,False,False,False,False,False,46.0
1130,2022-10-01,BK0050,Fundamentals of Civil,Civil,46.0,31.0,41.0,9,1,0,0,62,0,4,2002,False,False,True,False,False,False,False,False,False,False,54.0
1250,2022-11-01,BK0050,Fundamentals of Civil,Civil,46.0,46.0,48.666666666666664,10,1,0,0,62,0,7,2002,False,False,True,False,False,False,False,False,False,False,15.0
1370,2022-12-01,BK0050,Fundamentals of Civil,Civil,54.0,46.0,38.333333333333336,11,0,1,0,62,0,2,2002,False,False,True,False,False,False,False,False,False,False,38.0
1490,2023-01-01,BK0050,Fundamentals of Civil,Civil,15.0,54.0,35.666666666666664,12,0,0,1,62,0,4,2002,False,False,True,False,False,False,False,False,False,False,34.0
1610,2023-02-01,BK0050,Fundamentals of Civil,Civil,38.0,15.0,29.0,13,0,0,1,62,0,2,2002,False,False,True,False,False,False,False,False,False,False,46.0
1730,2023-03-01,BK0050,Fundamentals of Civil,Civil,34.0,38.0,39.333333333333336,14,0,0,1,62,0,7,2002,False,False,True,False,False,False,False,False,False,False,63.0
1850,2023-04-01,BK0050,Fundamentals of Civil,Civil,46.0,34.0,47.666666666666664,15,1,0,1,62,0,11,2002,False,False,True,False,False,False,False,False,False,False,63.0
1970,2023-05-01,BK0050,Fundamentals of Civil,Civil,63.0,46.0,57.333333333333336,16,1,0,1,62,0,9,2002,False,False,True,False,False,False,False,False,False,False,10.0
2090,2023-06-01,BK0050,Fundamentals of Civil,Civil,63.0,63.0,45.333333333333336,17,0,1,1,62,1,2,2002,False,False,True,False,False,False,False,False,False,False,27.0
2210,2023-07-01,BK0050,Fundamentals of Civil,Civil,10.0,63.0,33.333333333333336,18,0,0,0,62,0,8,2002,False,False,True,False,False,False,False,False,False,False,35.0
2330,2023-08-01,BK0050,Fundamentals of Civil,Civil,27.0,10.0,24.0,19,0,0,0,62,0,5,2002,False,False,True,False,False,False,False,False,False,False,47.0
2450,2023-09-01,BK0050,Fundamentals of Civil,Civil,35.0,27.0,36.333333333333336,20,0,0,0,62,0,8,2002,False,False,True,False,False,False,False,False,False,False,61.0
2570,2023-10-01,BK0050,Fundamentals of Civil,Civil,47.0,35.0,47.666666666666664,21,1,0,0,62,0,12,2002,False,False,True,False,False,False,False,False,False,False,54.0
2690,2023-11-01,BK0050,Fundamentals of Civil,Civil,61.0,47.0,54.0,22,1,0,0,62,0,5,2002,False,False,True,False,False,False,False,False,False,False,14.0
2810,2023-12-01,BK0050,Fundamentals of Civil,Civil,54.0,61.0,43.0,23,0,1,0,62,1,2,2002,False,False,True,False,False,False,False,False,False,False,39.0
2930,2024-01-01,BK0050,Fundamentals of Civil,Civil,14.0,54.0,35.666666666666664,24,0,0,1,62,0,4,2002,False,False,True,False,False,False,False,False,False,False,48.0
3050,2024-02-01,BK0050,Fundamentals of Civil,Civil,39.0,14.0,33.666666666666664,25,0,0,1,62,0,5,2002,False,False,True,False,False,False,False,False,False,False,37.0
3170,2024-03-01,BK0050,Fundamentals of Civil,Civil,48.0,39.0,41.333333333333336,26,0,0,1,62,0,7,2002,False,False,True,False,False,False,False,False,False,False,56.0
3290,2024-04-01,BK0050,Fundamentals of Civil,Civil,37.0,48.0,47.0,27,1,0,1,62,0,7,2002,False,False,True,False,False,False,False,False,False,False,56.0
3410,2024-05-01,BK0050,Fundamentals of Civil,Civil,56.0,37.0,49.666666666666664,28,1,0,1,62,0,5,2002,False,False,True,False,False,False,False,False,False,False,17.0
291,2022-03-01,BK0051,Civil: A Practical Approach,Civil,12.0,5.0,9.0,2,0,0,1,59,0,3,1997,False,False,True,False,False,False,False,False,False,False,12.0
411,2022-04-01,BK0051,Civil: A Practical Approach,Civil,10.0,12.0,11.333333333333334,3,1,0,1,59,0,4,1997,False,False,True,False,False,False,False,False,False,False,15.0
531,2022-05-01,BK0051,Civil: A Practical Approach,Civil,12.0,10.0,12.333333333333334,4,1,0,1,59,0,3,1997,False,False,True,False,False,False,False,False,False,False,4.0
651,2022-06-01,BK0051,Civil: A Practical Approach,Civil,15.0,12.0,10.333333333333334,5,0,1,1,59,0,0,1997,False,False,True,False,False,False,False,False,False,False,11.0
771,2022-07-01,BK0051,Civil: A Practical Approach,Civil,4.0,15.0,10.0,6,0,0,0,59,1,2,1997,False,False,True,False,False,False,False,False,False,False,10.0
891,2022-08-01,BK0051,Civil: A Practical Approach,Civil,11.0,4.0,8.333333333333334,7,0,0,0,59,1,2,1997,False,False,True,False,False,False,False,False,False,False,10.0
1011,2022-09-01,BK0051,Civil: A Practical Approach,Civil,10.0,11.0,10.333333333333334,8,0,0,0,59,0,4,1997,False,False,True,False,False,False,False,False,False,False,16.0
1131,2022-10-01,BK0051,Civil: A Practical Approach,Civil,10.0,10.0,12.0,9,1,0,0,59,1,4,1997,False,False,True,False,False,False,False,False,False,False,19.0
1251,2022-11-01,BK0051,Civil: A Practical Approach,Civil,16.0,10.0,15.0,10,1,0,0,59,0,2,1997,False,False,True,False,False,False,False,False,False,False,3.0
1371,2022-12-01,BK0051,Civil: A Practical Approach,Civil,19.0,16.0,12.666666666666666,11,0,1,0,59,0,0,1997,False,False,True,False,False,False,False,False,False,False,5.0
1491,2023-01-01,BK0051,Civil: A Practical Approach,Civil,3.0,19.0,9.0,12,0,0,1,59,0,0,1997,False,False,True,False,False,False,False,False,False,False,11.0
1611,2023-02-01,BK0051,Civil: A Practical Approach,Civil,5.0,3.0,6.333333333333333,13,0,0,1,59,0,1,1997,False,False,True,False,False,False,False,False,False,False,12.0
1731,2023-03-01,BK0051,Civil: A Practical Approach,Civil,11.0,5.0,9.333333333333334,14,0,0,1,59,0,3,1997,False,False,True,False,False,False,False,False,False,False,11.0
1851,2023-04-01,BK0051,Civil: A Practical Approach,Civil,12.0,11.0,11.333333333333334,15,1,0,1,59,0,4,1997,False,False,True,False,False,False,False,False,False,False,19.0
1971,2023-05-01,BK0051,Civil: A Practical Approach,Civil,11.0,12.0,14.0,16,1,0,1,59,0,3,1997,False,False,True,False,False,False,False,False,False,False,4.0
2091,2023-06-01,BK0051,Civil: A Practical Approach,Civil,19.0,11.0,11.333333333333334,17,0,1,1,59,2,0,1997,False,False,True,False,False,False,False,False,False,False,10.0
2211,2023-07-01,BK0051,Civil: A Practical Approach,Civil,4.0,19.0,11.0,18,0,0,0,59,0,1,1997,False,False,True,False,False,False,False,False,False,False,7.0
2331,2023-08-01,BK0051,Civil: A Practical Approach,Civil,10.0,4.0,7.0,19,0,0,0,59,0,2,1997,False,False,True,False,False,False,False,False,False,False,8.0
2451,2023-09-01,BK0051,Civil: A Practical Approach,Civil,7.0,10.0,8.333333333333334,20,0,0,0,59,0,4,1997,False,False,True,False,False,False,False,False,False,False,9.0
2571,2023-10-01,BK0051,Civil: A Practical Approach,Civil,8.0,7.0,8.0,21,1,0,0,59,0,2,1997,False,False,True,False,False,False,False,False,False,False,17.0
2691,2023-11-01,BK0051,Civil: A Practical Approach,Civil,9.0,8.0,11.333333333333334,22,1,0,0,59,0,1,1997,False,False,True,False,False,False,False,False,False,False,3.0
2811,2023-12-01,BK0051,Civil: A Practical Approach,Civil,17.0,9.0,9.666666666666666,23,0,1,0,59,1,0,1997,False,False,True,False,False,False,False,False,False,False,7.0
2931,2024-01-01,BK0051,Civil: A Practical Approach,Civil,3.0,17.0,9.0,24,0,0,1,59,0,0,1997,False,False,True,False,False,False,False,False,False,False,8.0
3051,2024-02-01,BK0051,Civil: A Practical Approach,Civil,7.0,3.0,6.0,25,0,0,1,59,0,0,1997,False,False,True,False,False,False,False,False,False,False,7.0
3171,2024-03-01,BK0051,Civil: A Practical Approach,Civil,8.0,7.0,7.333333333333333,26,0,0,1,59,0,2,1997,False,False,True,False,False,False,False,False,False,False,10.0
3291,2024-04-01,BK0051,Civil: A Practical Approach,Civil,7.0,8.0,8.333333333333334,27,1,0,1,59,0,1,1997,False,False,True,False,False,False,False,False,False,False,14.0
3411,2024-05-01,BK0051,Civil: A Practical Approach,Civil,10.0,7.0,10.333333333333334,28,1,0,1,59,0,2,1997,False,False,True,False,False,False,False,False,False,False,12.0
292,2022-03-01,BK0052,Advanced Civil,Civil,11.0,8.0,11.333333333333334,2,0,0,1,27,0,1,1997,False,False,True,False,False,False,False,False,False,False,17.0
412,2022-04-01,BK0052,Advanced Civil,Civil,15.0,11.0,14.333333333333334,3,1,0,1,27,0,1,1997,False,False,True,False,False,False,False,False,False,False,21.0
532,2022-05-01,BK0052,Advanced Civil,Civil,17.0,15.0,17.666666666666668,4,1,0,1,27,1,4,1997,False,False,True,False,False,False,False,False,False,False,4.0
652,2022-06-01,BK0052,Advanced Civil,Civil,21.0,17.0,14.0,5,0,1,1,27,0,0,1997,False,False,True,False,False,False,False,False,False,False,21.0
772,2022-07-01,BK0052,Advanced Civil,Civil,4.0,21.0,15.333333333333334,6,0,0,0,27,1,4,1997,False,False,True,False,False,False,False,False,False,False,12.0
892,2022-08-01,BK0052,Advanced Civil,Civil,21.0,4.0,12.333333333333334,7,0,0,0,27,0,2,1997,False,False,True,False,False,False,False,False,False,False,13.0
1012,2022-09-01,BK0052,Advanced Civil,Civil,12.0,21.0,15.333333333333334,8,0,0,0,27,0,1,1997,False,False,True,False,False,False,False,False,False,False,21.0
1132,2022-10-01,BK0052,Advanced Civil,Civil,13.0,12.0,15.333333333333334,9,1,0,0,27,0,5,1997,False,False,True,False,False,False,False,False,False,False,19.0
1252,2022-11-01,BK0052,Advanced Civil,Civil,21.0,13.0,17.666666666666668,10,1,0,0,27,0,4,1997,False,False,True,False,False,False,False,False,False,False,8.0
1372,2022-12-01,BK0052,Advanced Civil,Civil,19.0,21.0,16.0,11,0,1,0,27,0,2,1997,False,False,True,False,False,False,False,False,False,False,7.0
1492,2023-01-01,BK0052,Advanced Civil,Civil,8.0,19.0,11.333333333333334,12,0,0,1,27,1,1,1997,False,False,True,False,False,False,False,False,False,False,9.0
1612,2023-02-01,BK0052,Advanced Civil,Civil,7.0,8.0,8.0,13,0,0,1,27,0,1,1997,False,False,True,False,False,False,False,False,False,False,11.0
1732,2023-03-01,BK0052,Advanced Civil,Civil,9.0,7.0,9.0,14,0,0,1,27,0,0,1997,False,False,True,False,False,False,False,False,False,False,20.0
1852,2023-04-01,BK0052,Advanced Civil,Civil,11.0,9.0,13.333333333333334,15,1,0,1,27,1,2,1997,False,False,True,False,False,False,False,False,False,False,25.0
1972,2023-05-01,BK0052,Advanced Civil,Civil,20.0,11.0,18.666666666666668,16,1,0,1,27,1,7,1997,False,False,True,False,False,False,False,False,False,False,7.0
2092,2023-06-01,BK0052,Advanced Civil,Civil,25.0,20.0,17.333333333333332,17,0,1,1,27,1,1,1997,False,False,True,False,False,False,False,False,False,False,10.0
2212,2023-07-01,BK0052,Advanced Civil,Civil,7.0,25.0,14.0,18,0,0,0,27,1,0,1997,False,False,True,False,False,False,False,False,False,False,17.0
2332,2023-08-01,BK0052,Advanced Civil,Civil,10.0,7.0,11.333333333333334,19,0,0,0,27,0,3,1997,False,False,True,False,False,False,False,False,False,False,14.0
2452,2023-09-01,BK0052,Advanced Civil,Civil,17.0,10.0,13.666666666666666,20,0,0,0,27,1,3,1997,False,False,True,False,False,False,False,False,False,False,13.0
2572,2023-10-01,BK0052,Advanced Civil,Civil,14.0,17.0,14.666666666666666,21,1,0,0,27,0,4,1997,False,False,True,False,False,False,False,False,False,False,32.0
2692,2023-11-01,BK0052,Advanced Civil,Civil,13.0,14.0,19.666666666666668,22,1,0,0,27,4,4,1997,False,False,True,False,False,False,False,False,False,False,6.0
2812,2023-12-01,BK0052,Advanced Civil,Civil,32.0,13.0,17.0,23,0,1,0,27,1,0,1997,False,False,True,False,False,False,False,False,False,False,12.0
2932,2024-01-01,BK0052,Advanced Civil,Civil,6.0,32.0,16.666666666666668,24,0,0,1,27,0,1,1997,False,False,True,False,False,False,False,False,False,False,15.0
3052,2024-02-01,BK0052,Advanced Civil,Civil,12.0,6.0,11.0,25,0,0,1,27,1,3,1997,False,False,True,False,False,False,False,False,False,False,18.0
3172,2024-03-01,BK0052,Advanced Civil,Civil,15.0,12.0,15.0,26,0,0,1,27,0,2,1997,False,False,True,False,False,False,False,False,False,False,19.0
3292,2024-04-01,BK0052,Advanced Civil,Civil,18.0,15.0,17.333333333333332,27,1,0,1,27,0,4,1997,False,False,True,False,False,False,False,False,False,False,17.0
3412,2024-05-01,BK0052,Advanced Civil,Civil,19.0,18.0,18.0,28,1,0,1,27,1,3,1997,False,False,True,False,False,False,False,False,False,False,4.0
293,2022-03-01,BK0053,Principles of Civil,Civil,30.0,23.0,28.0,2,0,0,1,30,1,4,2015,False,False,True,False,False,False,False,False,False,False,26.0
413,2022-04-01,BK0053,Principles of Civil,Civil,31.0,30.0,29.0,3,1,0,1,30,0,1,2015,False,False,True,False,False,False,False,False,False,False,43.0
533,2022-05-01,BK0053,Principles of Civil,Civil,26.0,31.0,33.333333333333336,4,1,0,1,30,14,7,2015,False,False,True,False,False,False,False,False,False,False,4.0
653,2022-06-01,BK0053,Principles of Civil,Civil,43.0,26.0,24.333333333333332,5,0,1,1,30,1,1,2015,False,False,True,False,False,False,False,False,False,False,27.0
773,2022-07-01,BK0053,Principles of Civil,Civil,4.0,43.0,24.666666666666668,6,0,0,0,30,0,4,2015,False,False,True,False,False,False,False,False,False,False,17.0
893,2022-08-01,BK0053,Principles of Civil,Civil,27.0,4.0,16.0,7,0,0,0,30,0,3,2015,False,False,True,False,False,False,False,False,False,False,27.0
1013,2022-09-01,BK0053,Principles of Civil,Civil,17.0,27.0,23.666666666666668,8,0,0,0,30,1,2,2015,False,False,True,False,False,False,False,False,False,False,38.0
1133,2022-10-01,BK0053,Principles of Civil,Civil,27.0,17.0,27.333333333333332,9,1,0,0,30,2,6,2015,False,False,True,False,False,False,False,False,False,False,32.0
1253,2022-11-01,BK0053,Principles of Civil,Civil,38.0,27.0,32.333333333333336,10,1,0,0,30,0,5,2015,False,False,True,False,False,False,False,False,False,False,8.0
1373,2022-12-01,BK0053,Principles of Civil,Civil,32.0,38.0,26.0,11,0,1,0,30,1,2,2015,False,False,True,False,False,False,False,False,False,False,26.0
1493,2023-01-01,BK0053,Principles of Civil,Civil,8.0,32.0,22.0,12,0,0,1,30,0,1,2015,False,False,True,False,False,False,False,False,False,False,12.0
1613,2023-02-01,BK0053,Principles of Civil,Civil,26.0,8.0,15.333333333333334,13,0,0,1,30,0,0,2015,False,False,True,False,False,False,False,False,False,False,30.0
1733,2023-03-01,BK0053,Principles of Civil,Civil,12.0,26.0,22.666666666666668,14,0,0,1,30,0,4,2015,False,False,True,False,False,False,False,False,False,False,30.0
1853,2023-04-01,BK0053,Principles of Civil,Civil,30.0,12.0,24.0,15,1,0,1,30,0,1,2015,False,False,True,False,False,False,False,False,False,False,32.0
1973,2023-05-01,BK0053,Principles of Civil,Civil,30.0,30.0,30.666666666666668,16,1,0,1,30,0,7,2015,False,False,True,False,False,False,False,False,False,False,6.0
2093,2023-06-01,BK0053,Principles of Civil,Civil,32.0,30.0,22.666666666666668,17,0,1,1,30,0,1,2015,False,False,True,False,False,False,False,False,False,False,21.0
2213,2023-07-01,BK0053,Principles of Civil,Civil,6.0,32.0,19.666666666666668,18,0,0,0,30,0,4,2015,False,False,True,False,False,False,False,False,False,False,26.0
2333,2023-08-01,BK0053,Principles of Civil,Civil,21.0,6.0,17.666666666666668,19,0,0,0,30,0,7,2015,False,False,True,False,False,False,False,False,False,False,27.0
2453,2023-09-01,BK0053,Principles of Civil,Civil,26.0,21.0,24.666666666666668,20,0,0,0,30,1,1,2015,False,False,True,False,False,False,False,False,False,False,38.0
2573,2023-10-01,BK0053,Principles of Civil,Civil,27.0,26.0,30.333333333333332,21,1,0,0,30,2,9,2015,False,False,True,False,False,False,False,False,False,False,29.0
2693,2023-11-01,BK0053,Principles of Civil,Civil,38.0,27.0,31.333333333333332,22,1,0,0,30,0,0,2015,False,False,True,False,False,False,False,False,False,False,11.0
2813,2023-12-01,BK0053,Principles of Civil,Civil,29.0,38.0,26.0,23,0,1,0,30,0,2,2015,False,False,True,False,False,False,False,False,False,False,24.0
2933,2024-01-01,BK0053,Principles of Civil,Civil,11.0,29.0,21.333333333333332,24,0,0,1,30,2,6,2015,False,False,True,False,False,False,False,False,False,False,26.0
3053,2024-02-01,BK0053,Principles of Civil,Civil,24.0,11.0,20.333333333333332,25,0,0,1,30,1,6,2015,False,False,True,False,False,False,False,False,False,False,22.0
3173,2024-03-01,BK0053,Principles of Civil,Civil,26.0,24.0,24.0,26,0,0,1,30,0,2,2015,False,False,True,False,False,False,False,False,False,False,28.0
3293,2024-04-01,BK0053,Principles of Civil,Civil,22.0,26.0,25.333333333333332,27,1,0,1,30,1,6,2015,False,False,True,False,False,False,False,False,False,False,33.0
3413,2024-05-01,BK0053,Principles of Civil,Civil,28.0,22.0,27.666666666666668,28,1,0,1,30,2,2,2015,False,False,True,False,False,False,False,False,False,False,8.0
294,2022-03-01,BK0054,Civil for Engineers,Civil,12.0,10.0,13.333333333333334,2,0,0,1,63,0,2,2003,False,False,True,False,False,False,False,False,False,False,19.0
414,2022-04-01,BK0054,Civil for Engineers,Civil,18.0,12.0,16.333333333333332,3,1,0,1,63,0,7,2003,False,False,True,False,False,False,False,False,False,False,15.0
534,2022-05-01,BK0054,Civil for Engineers,Civil,19.0,18.0,17.333333333333332,4,1,0,1,63,0,2,2003,False,False,True,False,False,False,False,False,False,False,5.0
654,2022-06-01,BK0054,Civil for Engineers,Civil,15.0,19.0,13.0,5,0,1,1,63,0,1,2003,False,False,True,False,False,False,False,False,False,False,24.0
774,2022-07-01,BK0054,Civil for Engineers,Civil,5.0,15.0,14.666666666666666,6,0,0,0,63,0,3,2003,False,False,True,False,False,False,False,False,False,False,14.0
894,2022-08-01,BK0054,Civil for Engineers,Civil,24.0,5.0,14.333333333333334,7,0,0,0,63,1,2,2003,False,False,True,False,False,False,False,False,False,False,13.0
1014,2022-09-01,BK0054,Civil for Engineers,Civil,14.0,24.0,17.0,8,0,0,0,63,0,3,2003,False,False,True,False,False,False,False,False,False,False,25.0
1134,2022-10-01,BK0054,Civil for Engineers,Civil,13.0,14.0,17.333333333333332,9,1,0,0,63,1,6,2003,False,False,True,False,False,False,False,False,False,False,29.0
1254,2022-11-01,BK0054,Civil for Engineers,Civil,25.0,13.0,22.333333333333332,10,1,0,0,63,0,2,2003,False,False,True,False,False,False,False,False,False,False,5.0
1374,2022-12-01,BK0054,Civil for Engineers,Civil,29.0,25.0,19.666666666666668,11,0,1,0,63,0,3,2003,False,False,True,False,False,False,False,False,False,False,17.0
1494,2023-01-01,BK0054,Civil for Engineers,Civil,5.0,29.0,17.0,12,0,0,1,63,0,4,2003,False,False,True,False,False,False,False,False,False,False,11.0
1614,2023-02-01,BK0054,Civil for Engineers,Civil,17.0,5.0,11.0,13,0,0,1,63,0,0,2003,False,False,True,False,False,False,False,False,False,False,19.0
1734,2023-03-01,BK0054,Civil for Engineers,Civil,11.0,17.0,15.666666666666666,14,0,0,1,63,1,1,2003,False,False,True,False,False,False,False,False,False,False,25.0
1854,2023-04-01,BK0054,Civil for Engineers,Civil,19.0,11.0,18.333333333333332,15,1,0,1,63,1,3,2003,False,False,True,False,False,False,False,False,False,False,20.0
1974,2023-05-01,BK0054,Civil for Engineers,Civil,25.0,19.0,21.333333333333332,16,1,0,1,63,1,4,2003,False,False,True,False,False,False,False,False,False,False,5.0
2094,2023-06-01,BK0054,Civil for Engineers,Civil,20.0,25.0,16.666666666666668,17,0,1,1,63,1,1,2003,False,False,True,False,False,False,False,False,False,False,16.0
2214,2023-07-01,BK0054,Civil for Engineers,Civil,5.0,20.0,13.666666666666666,18,0,0,0,63,1,2,2003,False,False,True,False,False,False,False,False,False,False,20.0
2334,2023-08-01,BK0054,Civil for Engineers,Civil,16.0,5.0,13.666666666666666,19,0,0,0,63,0,3,2003,False,False,True,False,False,False,False,False,False,False,16.0
2454,2023-09-01,BK0054,Civil for Engineers,Civil,20.0,16.0,17.333333333333332,20,0,0,0,63,3,6,2003,False,False,True,False,False,False,False,False,False,False,35.0
2574,2023-10-01,BK0054,Civil for Engineers,Civil,16.0,20.0,23.666666666666668,21,1,0,0,63,0,5,2003,False,False,True,False,False,False,False,False,False,False,30.0
2694,2023-11-01,BK0054,Civil for Engineers,Civil,35.0,16.0,27.0,22,1,0,0,63,0,4,2003,False,False,True,False,False,False,False,False,False,False,6.0
2814,2023-12-01,BK0054,Civil for Engineers,Civil,30.0,35.0,23.666666666666668,23,0,1,0,63,0,2,2003,False,False,True,False,False,False,False,False,False,False,19.0
2934,2024-01-01,BK0054,Civil for Engineers,Civil,6.0,30.0,18.333333333333332,24,0,0,1,63,0,1,2003,False,False,True,False,False,False,False,False,False,False,20.0
3054,2024-02-01,BK0054,Civil for Engineers,Civil,19.0,6.0,15.0,25,0,0,1,63,0,4,2003,False,False,True,False,False,False,False,False,False,False,19.0
3174,2024-03-01,BK0054,Civil for Engineers,Civil,20.0,19.0,19.333333333333332,26,0,0,1,63,0,2,2003,False,False,True,False,False,False,False,False,False,False,35.0
3294,2024-04-01,BK0054,Civil for Engineers,Civil,19.0,20.0,24.666666666666668,27,1,0,1,63,0,5,2003,False,False,True,False,False,False,False,False,False,False,33.0
3414,2024-05-01,BK0054,Civil for Engineers,Civil,35.0,19.0,29.0,28,1,0,1,63,0,4,2003,False,False,True,False,False,False,False,False,False,False,8.0
295,2022-03-01,BK0055,Modern Civil,Civil,9.0,7.0,9.333333333333334,2,0,0,1,42,0,1,2018,False,False,True,False,False,False,False,False,False,False,12.0
415,2022-04-01,BK0055,Modern Civil,Civil,12.0,9.0,11.0,3,1,0,1,42,0,1,2018,False,False,True,False,False,False,False,False,False,False,11.0
535,2022-05-01,BK0055,Modern Civil,Civil,12.0,12.0,11.666666666666666,4,1,0,1,42,0,0,2018,False,False,True,False,False,False,False,False,False,False,2.0
655,2022-06-01,BK0055,Modern Civil,Civil,11.0,12.0,8.333333333333334,5,0,1,1,42,0,1,2018,False,False,True,False,False,False,False,False,False,False,11.0
775,2022-07-01,BK0055,Modern Civil,Civil,2.0,11.0,8.0,6,0,0,0,42,0,1,2018,False,False,True,False,False,False,False,False,False,False,13.0
895,2022-08-01,BK0055,Modern Civil,Civil,11.0,2.0,8.666666666666666,7,0,0,0,42,2,1,2018,False,False,True,False,False,False,False,False,False,False,9.0
1015,2022-09-01,BK0055,Modern Civil,Civil,13.0,11.0,11.0,8,0,0,0,42,1,1,2018,False,False,True,False,False,False,False,False,False,False,10.0
1135,2022-10-01,BK0055,Modern Civil,Civil,9.0,13.0,10.666666666666666,9,1,0,0,42,0,2,2018,False,False,True,False,False,False,False,False,False,False,11.0
1255,2022-11-01,BK0055,Modern Civil,Civil,10.0,9.0,10.0,10,1,0,0,42,0,2,2018,False,False,True,False,False,False,False,False,False,False,1.0
1375,2022-12-01,BK0055,Modern Civil,Civil,11.0,10.0,7.333333333333333,11,0,1,0,42,0,0,2018,False,False,True,False,False,False,False,False,False,False,10.0
1495,2023-01-01,BK0055,Modern Civil,Civil,1.0,11.0,7.333333333333333,12,0,0,1,42,0,0,2018,False,False,True,False,False,False,False,False,False,False,4.0
1615,2023-02-01,BK0055,Modern Civil,Civil,10.0,1.0,5.0,13,0,0,1,42,0,1,2018,False,False,True,False,False,False,False,False,False,False,6.0
1735,2023-03-01,BK0055,Modern Civil,Civil,4.0,10.0,6.666666666666667,14,0,0,1,42,2,0,2018,False,False,True,False,False,False,False,False,False,False,12.0
1855,2023-04-01,BK0055,Modern Civil,Civil,6.0,4.0,7.333333333333333,15,1,0,1,42,2,1,2018,False,False,True,False,False,False,False,False,False,False,11.0
1975,2023-05-01,BK0055,Modern Civil,Civil,12.0,6.0,9.666666666666666,16,1,0,1,42,0,3,2018,False,False,True,False,False,False,False,False,False,False,4.0
2095,2023-06-01,BK0055,Modern Civil,Civil,11.0,12.0,9.0,17,0,1,1,42,0,1,2018,False,False,True,False,False,False,False,False,False,False,10.0
2215,2023-07-01,BK0055,Modern Civil,Civil,4.0,11.0,8.333333333333334,18,0,0,0,42,1,0,2018,False,False,True,False,False,False,False,False,False,False,9.0
2335,2023-08-01,BK0055,Modern Civil,Civil,10.0,4.0,7.666666666666667,19,0,0,0,42,0,1,2018,False,False,True,False,False,False,False,False,False,False,8.0
2455,2023-09-01,BK0055,Modern Civil,Civil,9.0,10.0,9.0,20,0,0,0,42,0,0,2018,False,False,True,False,False,False,False,False,False,False,13.0
2575,2023-10-01,BK0055,Modern Civil,Civil,8.0,9.0,10.0,21,1,0,0,42,2,3,2018,False,False,True,False,False,False,False,False,False,False,13.0
2695,2023-11-01,BK0055,Modern Civil,Civil,13.0,8.0,11.333333333333334,22,1,0,0,42,0,2,2018,False,False,True,False,False,False,False,False,False,False,4.0
2815,2023-12-01,BK0055,Modern Civil,Civil,13.0,13.0,10.0,23,0,1,0,42,0,0,2018,False,False,True,False,False,False,False,False,False,False,8.0
2935,2024-01-01,BK0055,Modern Civil,Civil,4.0,13.0,8.333333333333334,24,0,0,1,42,0,2,2018,False,False,True,False,False,False,False,False,False,False,14.0
3055,2024-02-01,BK0055,Modern Civil,Civil,8.0,4.0,8.666666666666666,25,0,0,1,42,0,2,2018,False,False,True,False,False,False,False,False,False,False,10.0
3175,2024-03-01,BK0055,Modern Civil,Civil,14.0,8.0,10.666666666666666,26,0,0,1,42,0,1,2018,False,False,True,False,False,False,False,False,False,False,11.0
3295,2024-04-01,BK0055,Modern Civil,Civil,10.0,14.0,11.666666666666666,27,1,0,1,42,0,1,2018,False,False,True,False,False,False,False,False,False,False,9.0
3415,2024-05-01,BK0055,Modern Civil,Civil,11.0,10.0,10.0,28,1,0,1,42,1,1,2018,False,False,True,False,False,False,False,False,False,False,3.0
296,2022-03-01,BK0056,Applied Civil,Civil,44.0,34.0,40.666666666666664,2,0,0,1,55,0,7,1999,False,False,True,False,False,False,False,False,False,False,56.0
416,2022-04-01,BK0056,Applied Civil,Civil,44.0,44.0,48.0,3,1,0,1,55,1,15,1999,False,False,True,False,False,False,False,False,False,False,59.0
536,2022-05-01,BK0056,Applied Civil,Civil,56.0,44.0,53.0,4,1,0,1,55,2,5,1999,False,False,True,False,False,False,False,False,False,False,13.0
656,2022-06-01,BK0056,Applied Civil,Civil,59.0,56.0,42.666666666666664,5,0,1,1,55,0,3,1999,False,False,True,False,False,False,False,False,False,False,34.0
776,2022-07-01,BK0056,Applied Civil,Civil,13.0,59.0,35.333333333333336,6,0,0,0,55,0,4,1999,False,False,True,False,False,False,False,False,False,False,35.0
896,2022-08-01,BK0056,Applied Civil,Civil,34.0,13.0,27.333333333333332,7,0,0,0,55,0,8,1999,False,False,True,False,False,False,False,False,False,False,41.0
1016,2022-09-01,BK0056,Applied Civil,Civil,35.0,34.0,36.666666666666664,8,0,0,0,55,0,6,1999,False,False,True,False,False,False,False,False,False,False,53.0
1136,2022-10-01,BK0056,Applied Civil,Civil,41.0,35.0,43.0,9,1,0,0,55,0,8,1999,False,False,True,False,False,False,False,False,False,False,38.0
1256,2022-11-01,BK0056,Applied Civil,Civil,53.0,41.0,44.0,10,1,0,0,55,0,11,1999,False,False,True,False,False,False,False,False,False,False,16.0
1376,2022-12-01,BK0056,Applied Civil,Civil,38.0,53.0,35.666666666666664,11,0,1,0,55,0,2,1999,False,False,True,False,False,False,False,False,False,False,27.0
1496,2023-01-01,BK0056,Applied Civil,Civil,16.0,38.0,27.0,12,0,0,1,55,0,4,1999,False,False,True,False,False,False,False,False,False,False,33.0
1616,2023-02-01,BK0056,Applied Civil,Civil,27.0,16.0,25.333333333333332,13,0,0,1,55,1,4,1999,False,False,True,False,False,False,False,False,False,False,30.0
1736,2023-03-01,BK0056,Applied Civil,Civil,33.0,27.0,30.0,14,0,0,1,55,0,3,1999,False,False,True,False,False,False,False,False,False,False,59.0
1856,2023-04-01,BK0056,Applied Civil,Civil,30.0,33.0,40.666666666666664,15,1,0,1,55,1,5,1999,False,False,True,False,False,False,False,False,False,False,37.0
1976,2023-05-01,BK0056,Applied Civil,Civil,59.0,30.0,42.0,16,1,0,1,55,1,4,1999,False,False,True,False,False,False,False,False,False,False,13.0
2096,2023-06-01,BK0056,Applied Civil,Civil,37.0,59.0,36.333333333333336,17,0,1,1,55,1,1,1999,False,False,True,False,False,False,False,False,False,False,48.0
2216,2023-07-01,BK0056,Applied Civil,Civil,13.0,37.0,32.666666666666664,18,0,0,0,55,0,6,1999,False,False,True,False,False,False,False,False,False,False,29.0
2336,2023-08-01,BK0056,Applied Civil,Civil,48.0,13.0,30.0,19,0,0,0,55,0,2,1999,False,False,True,False,False,False,False,False,False,False,36.0
2456,2023-09-01,BK0056,Applied Civil,Civil,29.0,48.0,37.666666666666664,20,0,0,0,55,0,6,1999,False,False,True,False,False,False,False,False,False,False,46.0
2576,2023-10-01,BK0056,Applied Civil,Civil,36.0,29.0,37.0,21,1,0,0,55,1,6,1999,False,False,True,False,False,False,False,False,False,False,63.0
2696,2023-11-01,BK0056,Applied Civil,Civil,46.0,36.0,48.333333333333336,22,1,0,0,55,3,8,1999,False,False,True,False,False,False,False,False,False,False,18.0
2816,2023-12-01,BK0056,Applied Civil,Civil,63.0,46.0,42.333333333333336,23,0,1,0,55,1,2,1999,False,False,True,False,False,False,False,False,False,False,40.0
2936,2024-01-01,BK0056,Applied Civil,Civil,18.0,63.0,40.333333333333336,24,0,0,1,55,0,2,1999,False,False,True,False,False,False,False,False,False,False,41.0
3056,2024-02-01,BK0056,Applied Civil,Civil,40.0,18.0,33.0,25,0,0,1,55,1,6,1999,False,False,True,False,False,False,False,False,False,False,37.0
3176,2024-03-01,BK0056,Applied Civil,Civil,41.0,40.0,39.333333333333336,26,0,0,1,55,0,7,1999,False,False,True,False,False,False,False,False,False,False,41.0
3296,2024-04-01,BK0056,Applied Civil,Civil,37.0,41.0,39.666666666666664,27,1,0,1,55,0,8,1999,False,False,True,False,False,False,False,False,False,False,51.0
3416,2024-05-01,BK0056,Applied Civil,Civil,41.0,37.0,43.0,28,1,0,1,55,0,4,1999,False,False,True,False,False,False,False,False,False,False,15.0
297,2022-03-01,BK0057,Civil Concepts and Applications,Civil,12.0,27.0,18.0,2,0,0,1,20,0,1,2023,False,False,True,False,False,False,False,False,False,False,27.0
417,2022-04-01,BK0057,Civil Concepts and Applications,Civil,15.0,12.0,18.0,3,1,0,1,20,1,4,2023,False,False,True,False,False,False,False,False,False,False,28.0
537,2022-05-01,BK0057,Civil Concepts and Applications,Civil,27.0,15.0,23.333333333333332,4,1,0,1,20,3,4,2023,False,False,True,False,False,False,False,False,False,False,6.0
657,2022-06-01,BK0057,Civil Concepts and Applications,Civil,28.0,27.0,20.333333333333332,5,0,1,1,20,0,0,2023,False,False,True,False,False,False,False,False,False,False,21.0
777,2022-07-01,BK0057,Civil Concepts and Applications,Civil,6.0,28.0,18.333333333333332,6,0,0,0,20,2,4,2023,False,False,True,False,False,False,False,False,False,False,19.0
897,2022-08-01,BK0057,Civil Concepts and Applications,Civil,21.0,6.0,15.333333333333334,7,0,0,0,20,0,3,2023,False,False,True,False,False,False,False,False,False,False,19.0
1017,2022-09-01,BK0057,Civil Concepts and Applications,Civil,19.0,21.0,19.666666666666668,8,0,0,0,20,1,2,2023,False,False,True,False,False,False,False,False,False,False,28.0
1137,2022-10-01,BK0057,Civil Concepts and Applications,Civil,19.0,19.0,22.0,9,1,0,0,20,0,6,2023,False,False,True,False,False,False,False,False,False,False,23.0
1257,2022-11-01,BK0057,Civil Concepts and Applications,Civil,28.0,19.0,23.333333333333332,10,1,0,0,20,4,2,2023,False,False,True,False,False,False,False,False,False,False,12.0
1377,2022-12-01,BK0057,Civil Concepts and Applications,Civil,23.0,28.0,21.0,11,0,1,0,20,0,2,2023,False,False,True,False,False,False,False,False,False,False,17.0
1497,2023-01-01,BK0057,Civil Concepts and Applications,Civil,12.0,23.0,17.333333333333332,12,0,0,1,20,1,6,2023,False,False,True,False,False,False,False,False,False,False,25.0
1617,2023-02-01,BK0057,Civil Concepts and Applications,Civil,17.0,12.0,18.0,13,0,0,1,20,1,7,2023,False,False,True,False,False,False,False,False,False,False,17.0
1737,2023-03-01,BK0057,Civil Concepts and Applications,Civil,25.0,17.0,19.666666666666668,14,0,0,1,20,1,4,2023,False,False,True,False,False,False,False,False,False,False,29.0
1857,2023-04-01,BK0057,Civil Concepts and Applications,Civil,17.0,25.0,23.666666666666668,15,1,0,1,20,3,4,2023,False,False,True,False,False,False,False,False,False,False,26.0
1977,2023-05-01,BK0057,Civil Concepts and Applications,Civil,29.0,17.0,24.0,16,1,0,1,20,1,2,2023,False,False,True,False,False,False,False,False,False,False,2.0
2097,2023-06-01,BK0057,Civil Concepts and Applications,Civil,26.0,29.0,19.0,17,0,1,1,20,0,1,2023,False,False,True,False,False,False,False,False,False,False,15.0
2217,2023-07-01,BK0057,Civil Concepts and Applications,Civil,2.0,26.0,14.333333333333334,18,0,0,0,20,0,1,2023,False,False,True,False,False,False,False,False,False,False,15.0
2337,2023-08-01,BK0057,Civil Concepts and Applications,Civil,15.0,2.0,10.666666666666666,19,0,0,0,20,0,2,2023,False,False,True,False,False,False,False,False,False,False,17.0
2457,2023-09-01,BK0057,Civil Concepts and Applications,Civil,15.0,15.0,15.666666666666666,20,0,0,0,20,0,3,2023,False,False,True,False,False,False,False,False,False,False,24.0
2577,2023-10-01,BK0057,Civil Concepts and Applications,Civil,17.0,15.0,18.666666666666668,21,1,0,0,20,2,1,2023,False,False,True,False,False,False,False,False,False,False,32.0
2697,2023-11-01,BK0057,Civil Concepts and Applications,Civil,24.0,17.0,24.333333333333332,22,1,0,0,20,6,7,2023,False,False,True,False,False,False,False,False,False,False,4.0
2817,2023-12-01,BK0057,Civil Concepts and Applications,Civil,32.0,24.0,20.0,23,0,1,0,20,1,0,2023,False,False,True,False,False,False,False,False,False,False,24.0
2937,2024-01-01,BK0057,Civil Concepts and Applications,Civil,4.0,32.0,20.0,24,0,0,1,20,2,3,2023,False,False,True,False,False,False,False,False,False,False,22.0
3057,2024-02-01,BK0057,Civil Concepts and Applications,Civil,24.0,4.0,16.666666666666668,25,0,0,1,20,1,2,2023,False,False,True,False,False,False,False,False,False,False,23.0
3177,2024-03-01,BK0057,Civil Concepts and Applications,Civil,22.0,24.0,23.0,26,0,0,1,20,1,1,2023,False,False,True,False,False,False,False,False,False,False,24.0
3297,2024-04-01,BK0057,Civil Concepts and Applications,Civil,23.0,22.0,23.0,27,1,0,1,20,2,3,2023,False,False,True,False,False,False,False,False,False,False,18.0
3417,2024-05-01,BK0057,Civil Concepts and Applications,Civil,24.0,23.0,21.666666666666668,28,1,0,1,20,0,3,2023,False,False,True,False,False,False,False,False,False,False,6.0
298,2022-03-01,BK0058,Essentials of Civil,Civil,39.0,44.0,40.666666666666664,2,0,0,1,19,9,11,2007,False,False,True,False,False,False,False,False,False,False,58.0
418,2022-04-01,BK0058,Essentials of Civil,Civil,39.0,39.0,45.333333333333336,3,1,0,1,19,21,5,2007,False,False,True,False,False,False,False,False,False,False,61.0
538,2022-05-01,BK0058,Essentials of Civil,Civil,58.0,39.0,52.666666666666664,4,1,0,1,19,20,7,2007,False,False,True,False,False,False,False,False,False,False,13.0
658,2022-06-01,BK0058,Essentials of Civil,Civil,61.0,58.0,44.0,5,0,1,1,19,0,1,2007,False,False,True,False,False,False,False,False,False,False,37.0
778,2022-07-01,BK0058,Essentials of Civil,Civil,13.0,61.0,37.0,6,0,0,0,19,8,4,2007,False,False,True,False,False,False,False,False,False,False,45.0
898,2022-08-01,BK0058,Essentials of Civil,Civil,37.0,13.0,31.666666666666668,7,0,0,0,19,14,4,2007,False,False,True,False,False,False,False,False,False,False,39.0
1018,2022-09-01,BK0058,Essentials of Civil,Civil,45.0,37.0,40.333333333333336,8,0,0,0,19,6,4,2007,False,False,True,False,False,False,False,False,False,False,55.0
1138,2022-10-01,BK0058,Essentials of Civil,Civil,39.0,45.0,46.333333333333336,9,1,0,0,19,11,7,2007,False,False,True,False,False,False,False,False,False,False,65.0
1258,2022-11-01,BK0058,Essentials of Civil,Civil,55.0,39.0,53.0,10,1,0,0,19,26,13,2007,False,False,True,False,False,False,False,False,False,False,24.0
1378,2022-12-01,BK0058,Essentials of Civil,Civil,65.0,55.0,48.0,11,0,1,0,19,5,6,2007,False,False,True,False,False,False,False,False,False,False,55.0
1498,2023-01-01,BK0058,Essentials of Civil,Civil,24.0,65.0,48.0,12,0,0,1,19,16,6,2007,False,False,True,False,False,False,False,False,False,False,44.0
1618,2023-02-01,BK0058,Essentials of Civil,Civil,55.0,24.0,41.0,13,0,0,1,19,9,9,2007,False,False,True,False,False,False,False,False,False,False,50.0
1738,2023-03-01,BK0058,Essentials of Civil,Civil,44.0,55.0,49.666666666666664,14,0,0,1,19,17,7,2007,False,False,True,False,False,False,False,False,False,False,75.0
1858,2023-04-01,BK0058,Essentials of Civil,Civil,50.0,44.0,56.333333333333336,15,1,0,1,19,22,13,2007,False,False,True,False,False,False,False,False,False,False,53.0
1978,2023-05-01,BK0058,Essentials of Civil,Civil,75.0,50.0,59.333333333333336,16,1,0,1,19,18,7,2007,False,False,True,False,False,False,False,False,False,False,16.0
2098,2023-06-01,BK0058,Essentials of Civil,Civil,53.0,75.0,48.0,17,0,1,1,19,0,4,2007,False,False,True,False,False,False,False,False,False,False,48.0
2218,2023-07-01,BK0058,Essentials of Civil,Civil,16.0,53.0,39.0,18,0,0,0,19,17,2,2007,False,False,True,False,False,False,False,False,False,False,42.0
2338,2023-08-01,BK0058,Essentials of Civil,Civil,48.0,16.0,35.333333333333336,19,0,0,0,19,7,4,2007,False,False,True,False,False,False,False,False,False,False,33.0
2458,2023-09-01,BK0058,Essentials of Civil,Civil,42.0,48.0,41.0,20,0,0,0,19,12,4,2007,False,False,True,False,False,False,False,False,False,False,52.0
2578,2023-10-01,BK0058,Essentials of Civil,Civil,33.0,42.0,42.333333333333336,21,1,0,0,19,24,4,2007,False,False,True,False,False,False,False,False,False,False,62.0
2698,2023-11-01,BK0058,Essentials of Civil,Civil,52.0,33.0,49.0,22,1,0,0,19,19,8,2007,False,False,True,False,False,False,False,False,False,False,13.0
2818,2023-12-01,BK0058,Essentials of Civil,Civil,62.0,52.0,42.333333333333336,23,0,1,0,19,0,3,2007,False,False,True,False,False,False,False,False,False,False,52.0
2938,2024-01-01,BK0058,Essentials of Civil,Civil,13.0,62.0,42.333333333333336,24,0,0,1,19,19,7,2007,False,False,True,False,False,False,False,False,False,False,45.0
3058,2024-02-01,BK0058,Essentials of Civil,Civil,52.0,13.0,36.666666666666664,25,0,0,1,19,16,8,2007,False,False,True,False,False,False,False,False,False,False,34.0
3178,2024-03-01,BK0058,Essentials of Civil,Civil,45.0,52.0,43.666666666666664,26,0,0,1,19,7,4,2007,False,False,True,False,False,False,False,False,False,False,53.0
3298,2024-04-01,BK0058,Essentials of Civil,Civil,34.0,45.0,44.0,27,1,0,1,19,22,13,2007,False,False,True,False,False,False,False,False,False,False,67.0
3418,2024-05-01,BK0058,Essentials of Civil,Civil,53.0,34.0,51.333333333333336,28,1,0,1,19,20,12,2007,False,False,True,False,False,False,False,False,False,False,21.0
299,2022-03-01,BK0059,Civil: Theory and Practice,Civil,24.0,27.0,30.333333333333332,2,0,0,1,63,0,7,2021,False,False,True,False,False,False,False,False,False,False,41.0
419,2022-04-01,BK0059,Civil: Theory and Practice,Civil,40.0,24.0,35.0,3,1,0,1,63,0,4,2021,False,False,True,False,False,False,False,False,False,False,36.0
539,2022-05-01,BK0059,Civil: Theory and Practice,Civil,41.0,40.0,39.0,4,1,0,1,63,0,4,2021,False,False,True,False,False,False,False,False,False,False,15.0
659,2022-06-01,BK0059,Civil: Theory and Practice,Civil,36.0,41.0,30.666666666666668,5,0,1,1,63,1,1,2021,False,False,True,False,False,False,False,False,False,False,33.0
779,2022-07-01,BK0059,Civil: Theory and Practice,Civil,15.0,36.0,28.0,6,0,0,0,63,0,3,2021,False,False,True,False,False,False,False,False,False,False,44.0
899,2022-08-01,BK0059,Civil: Theory and Practice,Civil,33.0,15.0,30.666666666666668,7,0,0,0,63,1,6,2021,False,False,True,False,False,False,False,False,False,False,29.0
1019,2022-09-01,BK0059,Civil: Theory and Practice,Civil,44.0,33.0,35.333333333333336,8,0,0,0,63,1,2,2021,False,False,True,False,False,False,False,False,False,False,38.0
1139,2022-10-01,BK0059,Civil: Theory and Practice,Civil,29.0,44.0,37.0,9,1,0,0,63,0,9,2021,False,False,True,False,False,False,False,False,False,False,47.0
1259,2022-11-01,BK0059,Civil: Theory and Practice,Civil,38.0,29.0,38.0,10,1,0,0,63,0,6,2021,False,False,True,False,False,False,False,False,False,False,18.0
1379,2022-12-01,BK0059,Civil: Theory and Practice,Civil,47.0,38.0,34.333333333333336,11,0,1,0,63,0,1,2021,False,False,True,False,False,False,False,False,False,False,40.0
1499,2023-01-01,BK0059,Civil: Theory and Practice,Civil,18.0,47.0,35.0,12,0,0,1,63,1,5,2021,False,False,True,False,False,False,False,False,False,False,47.0
1619,2023-02-01,BK0059,Civil: Theory and Practice,Civil,40.0,18.0,35.0,13,0,0,1,63,0,6,2021,False,False,True,False,False,False,False,False,False,False,46.0
1739,2023-03-01,BK0059,Civil: Theory and Practice,Civil,47.0,40.0,44.333333333333336,14,0,0,1,63,1,5,2021,False,False,True,False,False,False,False,False,False,False,64.0
1859,2023-04-01,BK0059,Civil: Theory and Practice,Civil,46.0,47.0,52.333333333333336,15,1,0,1,63,1,6,2021,False,False,True,False,False,False,False,False,False,False,59.0
1979,2023-05-01,BK0059,Civil: Theory and Practice,Civil,64.0,46.0,56.333333333333336,16,1,0,1,63,0,8,2021,False,False,True,False,False,False,False,False,False,False,17.0
2099,2023-06-01,BK0059,Civil: Theory and Practice,Civil,59.0,64.0,46.666666666666664,17,0,1,1,63,0,1,2021,False,False,True,False,False,False,False,False,False,False,51.0
2219,2023-07-01,BK0059,Civil: Theory and Practice,Civil,17.0,59.0,42.333333333333336,18,0,0,0,63,0,8,2021,False,False,True,False,False,False,False,False,False,False,51.0
2339,2023-08-01,BK0059,Civil: Theory and Practice,Civil,51.0,17.0,39.666666666666664,19,0,0,0,63,0,10,2021,False,False,True,False,False,False,False,False,False,False,41.0
2459,2023-09-01,BK0059,Civil: Theory and Practice,Civil,51.0,51.0,47.666666666666664,20,0,0,0,63,0,4,2021,False,False,True,False,False,False,False,False,False,False,71.0
2579,2023-10-01,BK0059,Civil: Theory and Practice,Civil,41.0,51.0,54.333333333333336,21,1,0,0,63,4,13,2021,False,False,True,False,False,False,False,False,False,False,49.0
2699,2023-11-01,BK0059,Civil: Theory and Practice,Civil,71.0,41.0,53.666666666666664,22,1,0,0,63,0,10,2021,False,False,True,False,False,False,False,False,False,False,27.0
2819,2023-12-01,BK0059,Civil: Theory and Practice,Civil,49.0,71.0,49.0,23,0,1,0,63,0,7,2021,False,False,True,False,False,False,False,False,False,False,56.0
2939,2024-01-01,BK0059,Civil: Theory and Practice,Civil,27.0,49.0,44.0,24,0,0,1,63,0,10,2021,False,False,True,False,False,False,False,False,False,False,48.0
3059,2024-02-01,BK0059,Civil: Theory and Practice,Civil,56.0,27.0,43.666666666666664,25,0,0,1,63,0,4,2021,False,False,True,False,False,False,False,False,False,False,52.0
3179,2024-03-01,BK0059,Civil: Theory and Practice,Civil,48.0,56.0,52.0,26,0,0,1,63,2,7,2021,False,False,True,False,False,False,False,False,False,False,71.0
3299,2024-04-01,BK0059,Civil: Theory and Practice,Civil,52.0,48.0,57.0,27,1,0,1,63,3,12,2021,False,False,True,False,False,False,False,False,False,False,64.0
3419,2024-05-01,BK0059,Civil: Theory and Practice,Civil,71.0,52.0,62.333333333333336,28,1,0,1,63,0,9,2021,False,False,True,False,False,False,False,False,False,False,29.0
300,2022-03-01,BK0060,Understanding Civil,Civil,15.0,10.0,11.666666666666666,2,0,0,1,45,1,0,1999,False,False,True,False,False,False,False,False,False,False,18.0
420,2022-04-01,BK0060,Understanding Civil,Civil,10.0,15.0,14.333333333333334,3,1,0,1,45,0,2,1999,False,False,True,False,False,False,False,False,False,False,11.0
540,2022-05-01,BK0060,Understanding Civil,Civil,18.0,10.0,13.0,4,1,0,1,45,0,2,1999,False,False,True,False,False,False,False,False,False,False,5.0
660,2022-06-01,BK0060,Understanding Civil,Civil,11.0,18.0,11.333333333333334,5,0,1,1,45,0,0,1999,False,False,True,False,False,False,False,False,False,False,15.0
780,2022-07-01,BK0060,Understanding Civil,Civil,5.0,11.0,10.333333333333334,6,0,0,0,45,0,0,1999,False,False,True,False,False,False,False,False,False,False,19.0
900,2022-08-01,BK0060,Understanding Civil,Civil,15.0,5.0,13.0,7,0,0,0,45,1,3,1999,False,False,True,False,False,False,False,False,False,False,13.0
1020,2022-09-01,BK0060,Understanding Civil,Civil,19.0,15.0,15.666666666666666,8,0,0,0,45,0,3,1999,False,False,True,False,False,False,False,False,False,False,22.0
1140,2022-10-01,BK0060,Understanding Civil,Civil,13.0,19.0,18.0,9,1,0,0,45,0,0,1999,False,False,True,False,False,False,False,False,False,False,20.0
1260,2022-11-01,BK0060,Understanding Civil,Civil,22.0,13.0,18.333333333333332,10,1,0,0,45,0,3,1999,False,False,True,False,False,False,False,False,False,False,3.0
1380,2022-12-01,BK0060,Understanding Civil,Civil,20.0,22.0,15.0,11,0,1,0,45,1,0,1999,False,False,True,False,False,False,False,False,False,False,12.0
1500,2023-01-01,BK0060,Understanding Civil,Civil,3.0,20.0,11.666666666666666,12,0,0,1,45,0,2,1999,False,False,True,False,False,False,False,False,False,False,12.0
1620,2023-02-01,BK0060,Understanding Civil,Civil,12.0,3.0,9.0,13,0,0,1,45,0,1,1999,False,False,True,False,False,False,False,False,False,False,11.0
1740,2023-03-01,BK0060,Understanding Civil,Civil,12.0,12.0,11.666666666666666,14,0,0,1,45,0,2,1999,False,False,True,False,False,False,False,False,False,False,21.0
1860,2023-04-01,BK0060,Understanding Civil,Civil,11.0,12.0,14.666666666666666,15,1,0,1,45,0,2,1999,False,False,True,False,False,False,False,False,False,False,17.0
1980,2023-05-01,BK0060,Understanding Civil,Civil,21.0,11.0,16.333333333333332,16,1,0,1,45,0,4,1999,False,False,True,False,False,False,False,False,False,False,6.0
2100,2023-06-01,BK0060,Understanding Civil,Civil,17.0,21.0,14.666666666666666,17,0,1,1,45,0,1,1999,False,False,True,False,False,False,False,False,False,False,14.0
2220,2023-07-01,BK0060,Understanding Civil,Civil,6.0,17.0,12.333333333333334,18,0,0,0,45,0,2,1999,False,False,True,False,False,False,False,False,False,False,11.0
2340,2023-08-01,BK0060,Understanding Civil,Civil,14.0,6.0,10.333333333333334,19,0,0,0,45,0,2,1999,False,False,True,False,False,False,False,False,False,False,12.0
2460,2023-09-01,BK0060,Understanding Civil,Civil,11.0,14.0,12.333333333333334,20,0,0,0,45,0,4,1999,False,False,True,False,False,False,False,False,False,False,24.0
2580,2023-10-01,BK0060,Understanding Civil,Civil,12.0,11.0,15.666666666666666,21,1,0,0,45,0,4,1999,False,False,True,False,False,False,False,False,False,False,21.0
2700,2023-11-01,BK0060,Understanding Civil,Civil,24.0,12.0,19.0,22,1,0,0,45,1,7,1999,False,False,True,False,False,False,False,False,False,False,11.0
2820,2023-12-01,BK0060,Understanding Civil,Civil,21.0,24.0,18.666666666666668,23,0,1,0,45,0,0,1999,False,False,True,False,False,False,False,False,False,False,16.0
2940,2024-01-01,BK0060,Understanding Civil,Civil,11.0,21.0,16.0,24,0,0,1,45,0,0,1999,False,False,True,False,False,False,False,False,False,False,14.0
3060,2024-02-01,BK0060,Understanding Civil,Civil,16.0,11.0,13.666666666666666,25,0,0,1,45,0,3,1999,False,False,True,False,False,False,False,False,False,False,22.0
3180,2024-03-01,BK0060,Understanding Civil,Civil,14.0,16.0,17.333333333333332,26,0,0,1,45,0,2,1999,False,False,True,False,False,False,False,False,False,False,26.0
3300,2024-04-01,BK0060,Understanding Civil,Civil,22.0,14.0,20.666666666666668,27,1,0,1,45,0,2,1999,False,False,True,False,False,False,False,False,False,False,25.0
3420,2024-05-01,BK0060,Understanding Civil,Civil,26.0,22.0,24.333333333333332,28,1,0,1,45,1,3,1999,False,False,True,False,False,False,False,False,False,False,4.0
301,2022-03-01,BK0061,Introduction to Mathematics,Mathematics,18.0,15.0,17.0,2,0,0,1,65,1,3,1995,False,False,False,False,False,False,False,True,False,False,45.0
421,2022-04-01,BK0061,Introduction to Mathematics,Mathematics,18.0,18.0,27.0,3,1,0,1,65,1,10,1995,False,False,False,False,False,False,False,True,False,False,18.0
541,2022-05-01,BK0061,Introduction to Mathematics,Mathematics,45.0,18.0,27.0,4,1,0,1,65,1,1,1995,False,False,False,False,False,False,False,True,False,False,5.0
661,2022-06-01,BK0061,Introduction to Mathematics,Mathematics,18.0,45.0,22.666666666666668,5,0,1,1,65,1,0,1995,False,False,False,False,False,False,False,True,False,False,23.0
781,2022-07-01,BK0061,Introduction to Mathematics,Mathematics,5.0,18.0,15.333333333333334,6,0,0,0,65,1,1,1995,False,False,False,False,False,False,False,True,False,False,25.0
901,2022-08-01,BK0061,Introduction to Mathematics,Mathematics,23.0,5.0,17.666666666666668,7,0,0,0,65,0,4,1995,False,False,False,False,False,False,False,True,False,False,19.0
1021,2022-09-01,BK0061,Introduction to Mathematics,Mathematics,25.0,23.0,22.333333333333332,8,0,0,0,65,0,1,1995,False,False,False,False,False,False,False,True,False,False,32.0
1141,2022-10-01,BK0061,Introduction to Mathematics,Mathematics,19.0,25.0,25.333333333333332,9,1,0,0,65,1,1,1995,False,False,False,False,False,False,False,True,False,False,28.0
1261,2022-11-01,BK0061,Introduction to Mathematics,Mathematics,32.0,19.0,26.333333333333332,10,1,0,0,65,0,5,1995,False,False,False,False,False,False,False,True,False,False,7.0
1381,2022-12-01,BK0061,Introduction to Mathematics,Mathematics,28.0,32.0,22.333333333333332,11,0,1,0,65,0,0,1995,False,False,False,False,False,False,False,True,False,False,19.0
1501,2023-01-01,BK0061,Introduction to Mathematics,Mathematics,7.0,28.0,18.0,12,0,0,1,65,1,5,1995,False,False,False,False,False,False,False,True,False,False,18.0
1621,2023-02-01,BK0061,Introduction to Mathematics,Mathematics,19.0,7.0,14.666666666666666,13,0,0,1,65,0,3,1995,False,False,False,False,False,False,False,True,False,False,21.0
1741,2023-03-01,BK0061,Introduction to Mathematics,Mathematics,18.0,19.0,19.333333333333332,14,0,0,1,65,0,3,1995,False,False,False,False,False,False,False,True,False,False,28.0
1861,2023-04-01,BK0061,Introduction to Mathematics,Mathematics,21.0,18.0,22.333333333333332,15,1,0,1,65,1,6,1995,False,False,False,False,False,False,False,True,False,False,20.0
1981,2023-05-01,BK0061,Introduction to Mathematics,Mathematics,28.0,21.0,23.0,16,1,0,1,65,0,2,1995,False,False,False,False,False,False,False,True,False,False,7.0
2101,2023-06-01,BK0061,Introduction to Mathematics,Mathematics,20.0,28.0,18.333333333333332,17,0,1,1,65,1,0,1995,False,False,False,False,False,False,False,True,False,False,18.0
2221,2023-07-01,BK0061,Introduction to Mathematics,Mathematics,7.0,20.0,15.0,18,0,0,0,65,1,2,1995,False,False,False,False,False,False,False,True,False,False,21.0
2341,2023-08-01,BK0061,Introduction to Mathematics,Mathematics,18.0,7.0,15.333333333333334,19,0,0,0,65,0,0,1995,False,False,False,False,False,False,False,True,False,False,16.0
2461,2023-09-01,BK0061,Introduction to Mathematics,Mathematics,21.0,18.0,18.333333333333332,20,0,0,0,65,0,5,1995,False,False,False,False,False,False,False,True,False,False,24.0
2581,2023-10-01,BK0061,Introduction to Mathematics,Mathematics,16.0,21.0,20.333333333333332,21,1,0,0,65,0,4,1995,False,False,False,False,False,False,False,True,False,False,29.0
2701,2023-11-01,BK0061,Introduction to Mathematics,Mathematics,24.0,16.0,23.0,22,1,0,0,65,0,1,1995,False,False,False,False,False,False,False,True,False,False,6.0
2821,2023-12-01,BK0061,Introduction to Mathematics,Mathematics,29.0,24.0,19.666666666666668,23,0,1,0,65,0,2,1995,False,False,False,False,False,False,False,True,False,False,15.0
2941,2024-01-01,BK0061,Introduction to Mathematics,Mathematics,6.0,29.0,16.666666666666668,24,0,0,1,65,0,3,1995,False,False,False,False,False,False,False,True,False,False,15.0
3061,2024-02-01,BK0061,Introduction to Mathematics,Mathematics,15.0,6.0,12.0,25,0,0,1,65,1,2,1995,False,False,False,False,False,False,False,True,False,False,24.0
3181,2024-03-01,BK0061,Introduction to Mathematics,Mathematics,15.0,15.0,18.0,26,0,0,1,65,0,5,1995,False,False,False,False,False,False,False,True,False,False,29.0
3301,2024-04-01,BK0061,Introduction to Mathematics,Mathematics,24.0,15.0,22.666666666666668,27,1,0,1,65,2,1,1995,False,False,False,False,False,False,False,True,False,False,19.0
3421,2024-05-01,BK0061,Introduction to Mathematics,Mathematics,29.0,24.0,24.0,28,1,0,1,65,0,5,1995,False,False,False,False,False,False,False,True,False,False,9.0
302,2022-03-01,BK0062,Fundamentals of Mathematics,Mathematics,21.0,26.0,25.666666666666668,2,0,0,1,68,0,5,1996,False,False,False,False,False,False,False,True,False,False,41.0
422,2022-04-01,BK0062,Fundamentals of Mathematics,Mathematics,30.0,21.0,30.666666666666668,3,1,0,1,68,1,6,1996,False,False,False,False,False,False,False,True,False,False,43.0
542,2022-05-01,BK0062,Fundamentals of Mathematics,Mathematics,41.0,30.0,38.0,4,1,0,1,68,1,7,1996,False,False,False,False,False,False,False,True,False,False,10.0
662,2022-06-01,BK0062,Fundamentals of Mathematics,Mathematics,43.0,41.0,31.333333333333332,5,0,1,1,68,2,1,1996,False,False,False,False,False,False,False,True,False,False,28.0
782,2022-07-01,BK0062,Fundamentals of Mathematics,Mathematics,10.0,43.0,27.0,6,0,0,0,68,1,6,1996,False,False,False,False,False,False,False,True,False,False,22.0
902,2022-08-01,BK0062,Fundamentals of Mathematics,Mathematics,28.0,10.0,20.0,7,0,0,0,68,0,3,1996,False,False,False,False,False,False,False,True,False,False,24.0
1022,2022-09-01,BK0062,Fundamentals of Mathematics,Mathematics,22.0,28.0,24.666666666666668,8,0,0,0,68,1,5,1996,False,False,False,False,False,False,False,True,False,False,44.0
1142,2022-10-01,BK0062,Fundamentals of Mathematics,Mathematics,24.0,22.0,30.0,9,1,0,0,68,0,10,1996,False,False,False,False,False,False,False,True,False,False,63.0
1262,2022-11-01,BK0062,Fundamentals of Mathematics,Mathematics,44.0,24.0,43.666666666666664,10,1,0,0,68,0,9,1996,False,False,False,False,False,False,False,True,False,False,15.0
1382,2022-12-01,BK0062,Fundamentals of Mathematics,Mathematics,63.0,44.0,40.666666666666664,11,0,1,0,68,0,2,1996,False,False,False,False,False,False,False,True,False,False,27.0
1502,2023-01-01,BK0062,Fundamentals of Mathematics,Mathematics,15.0,63.0,35.0,12,0,0,1,68,1,4,1996,False,False,False,False,False,False,False,True,False,False,21.0
1622,2023-02-01,BK0062,Fundamentals of Mathematics,Mathematics,27.0,15.0,21.0,13,0,0,1,68,0,5,1996,False,False,False,False,False,False,False,True,False,False,21.0
1742,2023-03-01,BK0062,Fundamentals of Mathematics,Mathematics,21.0,27.0,23.0,14,0,0,1,68,1,5,1996,False,False,False,False,False,False,False,True,False,False,49.0
1862,2023-04-01,BK0062,Fundamentals of Mathematics,Mathematics,21.0,21.0,30.333333333333332,15,1,0,1,68,0,13,1996,False,False,False,False,False,False,False,True,False,False,38.0
1982,2023-05-01,BK0062,Fundamentals of Mathematics,Mathematics,49.0,21.0,36.0,16,1,0,1,68,0,8,1996,False,False,False,False,False,False,False,True,False,False,9.0
2102,2023-06-01,BK0062,Fundamentals of Mathematics,Mathematics,38.0,49.0,32.0,17,0,1,1,68,0,0,1996,False,False,False,False,False,False,False,True,False,False,27.0
2222,2023-07-01,BK0062,Fundamentals of Mathematics,Mathematics,9.0,38.0,24.666666666666668,18,0,0,0,68,0,5,1996,False,False,False,False,False,False,False,True,False,False,19.0
2342,2023-08-01,BK0062,Fundamentals of Mathematics,Mathematics,27.0,9.0,18.333333333333332,19,0,0,0,68,0,1,1996,False,False,False,False,False,False,False,True,False,False,24.0
2462,2023-09-01,BK0062,Fundamentals of Mathematics,Mathematics,19.0,27.0,23.333333333333332,20,0,0,0,68,1,9,1996,False,False,False,False,False,False,False,True,False,False,49.0
2582,2023-10-01,BK0062,Fundamentals of Mathematics,Mathematics,24.0,19.0,30.666666666666668,21,1,0,0,68,0,9,1996,False,False,False,False,False,False,False,True,False,False,44.0
2702,2023-11-01,BK0062,Fundamentals of Mathematics,Mathematics,49.0,24.0,39.0,22,1,0,0,68,0,7,1996,False,False,False,False,False,False,False,True,False,False,13.0
2822,2023-12-01,BK0062,Fundamentals of Mathematics,Mathematics,44.0,49.0,35.333333333333336,23,0,1,0,68,0,5,1996,False,False,False,False,False,False,False,True,False,False,27.0
2942,2024-01-01,BK0062,Fundamentals of Mathematics,Mathematics,13.0,44.0,28.0,24,0,0,1,68,0,4,1996,False,False,False,False,False,False,False,True,False,False,25.0
3062,2024-02-01,BK0062,Fundamentals of Mathematics,Mathematics,27.0,13.0,21.666666666666668,25,0,0,1,68,0,2,1996,False,False,False,False,False,False,False,True,False,False,31.0
3182,2024-03-01,BK0062,Fundamentals of Mathematics,Mathematics,25.0,27.0,27.666666666666668,26,0,0,1,68,0,6,1996,False,False,False,False,False,False,False,True,False,False,58.0
3302,2024-04-01,BK0062,Fundamentals of Mathematics,Mathematics,31.0,25.0,38.0,27,1,0,1,68,1,10,1996,False,False,False,False,False,False,False,True,False,False,36.0
3422,2024-05-01,BK0062,Fundamentals of Mathematics,Mathematics,58.0,31.0,41.666666666666664,28,1,0,1,68,0,7,1996,False,False,False,False,False,False,False,True,False,False,14.0
303,2022-03-01,BK0063,Mathematics: A Practical Approach,Mathematics,37.0,32.0,35.666666666666664,2,0,0,1,37,2,8,2009,False,False,False,False,False,False,False,True,False,False,55.0
423,2022-04-01,BK0063,Mathematics: A Practical Approach,Mathematics,38.0,37.0,43.333333333333336,3,1,0,1,37,8,9,2009,False,False,False,False,False,False,False,True,False,False,64.0
543,2022-05-01,BK0063,Mathematics: A Practical Approach,Mathematics,55.0,38.0,52.333333333333336,4,1,0,1,37,12,9,2009,False,False,False,False,False,False,False,True,False,False,13.0
663,2022-06-01,BK0063,Mathematics: A Practical Approach,Mathematics,64.0,55.0,44.0,5,0,1,1,37,0,0,2009,False,False,False,False,False,False,False,True,False,False,22.0
783,2022-07-01,BK0063,Mathematics: A Practical Approach,Mathematics,13.0,64.0,33.0,6,0,0,0,37,0,3,2009,False,False,False,False,False,False,False,True,False,False,28.0
903,2022-08-01,BK0063,Mathematics: A Practical Approach,Mathematics,22.0,13.0,21.0,7,0,0,0,37,1,5,2009,False,False,False,False,False,False,False,True,False,False,30.0
1023,2022-09-01,BK0063,Mathematics: A Practical Approach,Mathematics,28.0,22.0,26.666666666666668,8,0,0,0,37,0,4,2009,False,False,False,False,False,False,False,True,False,False,46.0
1143,2022-10-01,BK0063,Mathematics: A Practical Approach,Mathematics,30.0,28.0,34.666666666666664,9,1,0,0,37,4,5,2009,False,False,False,False,False,False,False,True,False,False,48.0
1263,2022-11-01,BK0063,Mathematics: A Practical Approach,Mathematics,46.0,30.0,41.333333333333336,10,1,0,0,37,5,6,2009,False,False,False,False,False,False,False,True,False,False,9.0
1383,2022-12-01,BK0063,Mathematics: A Practical Approach,Mathematics,48.0,46.0,34.333333333333336,11,0,1,0,37,0,1,2009,False,False,False,False,False,False,False,True,False,False,29.0
1503,2023-01-01,BK0063,Mathematics: A Practical Approach,Mathematics,9.0,48.0,28.666666666666668,12,0,0,1,37,0,6,2009,False,False,False,False,False,False,False,True,False,False,33.0
1623,2023-02-01,BK0063,Mathematics: A Practical Approach,Mathematics,29.0,9.0,23.666666666666668,13,0,0,1,37,0,4,2009,False,False,False,False,False,False,False,True,False,False,28.0
1743,2023-03-01,BK0063,Mathematics: A Practical Approach,Mathematics,33.0,29.0,30.0,14,0,0,1,37,0,2,2009,False,False,False,False,False,False,False,True,False,False,58.0
1863,2023-04-01,BK0063,Mathematics: A Practical Approach,Mathematics,28.0,33.0,39.666666666666664,15,1,0,1,37,9,8,2009,False,False,False,False,False,False,False,True,False,False,48.0
1983,2023-05-01,BK0063,Mathematics: A Practical Approach,Mathematics,58.0,28.0,44.666666666666664,16,1,0,1,37,7,8,2009,False,False,False,False,False,False,False,True,False,False,10.0
2103,2023-06-01,BK0063,Mathematics: A Practical Approach,Mathematics,48.0,58.0,38.666666666666664,17,0,1,1,37,0,1,2009,False,False,False,False,False,False,False,True,False,False,27.0
2223,2023-07-01,BK0063,Mathematics: A Practical Approach,Mathematics,10.0,48.0,28.333333333333332,18,0,0,0,37,0,1,2009,False,False,False,False,False,False,False,True,False,False,25.0
2343,2023-08-01,BK0063,Mathematics: A Practical Approach,Mathematics,27.0,10.0,20.666666666666668,19,0,0,0,37,0,2,2009,False,False,False,False,False,False,False,True,False,False,36.0
2463,2023-09-01,BK0063,Mathematics: A Practical Approach,Mathematics,25.0,27.0,29.333333333333332,20,0,0,0,37,1,7,2009,False,False,False,False,False,False,False,True,False,False,53.0
2583,2023-10-01,BK0063,Mathematics: A Practical Approach,Mathematics,36.0,25.0,38.0,21,1,0,0,37,6,8,2009,False,False,False,False,False,False,False,True,False,False,62.0
2703,2023-11-01,BK0063,Mathematics: A Practical Approach,Mathematics,53.0,36.0,50.333333333333336,22,1,0,0,37,16,10,2009,False,False,False,False,False,False,False,True,False,False,10.0
2823,2023-12-01,BK0063,Mathematics: A Practical Approach,Mathematics,62.0,53.0,41.666666666666664,23,0,1,0,37,1,1,2009,False,False,False,False,False,False,False,True,False,False,25.0
2943,2024-01-01,BK0063,Mathematics: A Practical Approach,Mathematics,10.0,62.0,32.333333333333336,24,0,0,1,37,0,5,2009,False,False,False,False,False,False,False,True,False,False,37.0
3063,2024-02-01,BK0063,Mathematics: A Practical Approach,Mathematics,25.0,10.0,24.0,25,0,0,1,37,1,8,2009,False,False,False,False,False,False,False,True,False,False,38.0
3183,2024-03-01,BK0063,Mathematics: A Practical Approach,Mathematics,37.0,25.0,33.333333333333336,26,0,0,1,37,0,8,2009,False,False,False,False,False,False,False,True,False,False,51.0
3303,2024-04-01,BK0063,Mathematics: A Practical Approach,Mathematics,38.0,37.0,42.0,27,1,0,1,37,5,5,2009,False,False,False,False,False,False,False,True,False,False,52.0
3423,2024-05-01,BK0063,Mathematics: A Practical Approach,Mathematics,51.0,38.0,47.0,28,1,0,1,37,13,9,2009,False,False,False,False,False,False,False,True,False,False,13.0
304,2022-03-01,BK0064,Advanced Mathematics,Mathematics,13.0,21.0,16.666666666666668,2,0,0,1,48,0,1,2012,False,False,False,False,False,False,False,True,False,False,28.0
424,2022-04-01,BK0064,Advanced Mathematics,Mathematics,16.0,13.0,19.0,3,1,0,1,48,0,5,2012,False,False,False,False,False,False,False,True,False,False,30.0
544,2022-05-01,BK0064,Advanced Mathematics,Mathematics,28.0,16.0,24.666666666666668,4,1,0,1,48,1,1,2012,False,False,False,False,False,False,False,True,False,False,10.0
664,2022-06-01,BK0064,Advanced Mathematics,Mathematics,30.0,28.0,22.666666666666668,5,0,1,1,48,0,1,2012,False,False,False,False,False,False,False,True,False,False,18.0
784,2022-07-01,BK0064,Advanced Mathematics,Mathematics,10.0,30.0,19.333333333333332,6,0,0,0,48,0,2,2012,False,False,False,False,False,False,False,True,False,False,12.0
904,2022-08-01,BK0064,Advanced Mathematics,Mathematics,18.0,10.0,13.333333333333334,7,0,0,0,48,0,1,2012,False,False,False,False,False,False,False,True,False,False,15.0
1024,2022-09-01,BK0064,Advanced Mathematics,Mathematics,12.0,18.0,15.0,8,0,0,0,48,1,2,2012,False,False,False,False,False,False,False,True,False,False,46.0
1144,2022-10-01,BK0064,Advanced Mathematics,Mathematics,15.0,12.0,24.333333333333332,9,1,0,0,48,0,7,2012,False,False,False,False,False,False,False,True,False,False,39.0
1264,2022-11-01,BK0064,Advanced Mathematics,Mathematics,46.0,15.0,33.333333333333336,10,1,0,0,48,1,8,2012,False,False,False,False,False,False,False,True,False,False,6.0
1384,2022-12-01,BK0064,Advanced Mathematics,Mathematics,39.0,46.0,30.333333333333332,11,0,1,0,48,0,0,2012,False,False,False,False,False,False,False,True,False,False,19.0
1504,2023-01-01,BK0064,Advanced Mathematics,Mathematics,6.0,39.0,21.333333333333332,12,0,0,1,48,1,1,2012,False,False,False,False,False,False,False,True,False,False,14.0
1624,2023-02-01,BK0064,Advanced Mathematics,Mathematics,19.0,6.0,13.0,13,0,0,1,48,0,3,2012,False,False,False,False,False,False,False,True,False,False,17.0
1744,2023-03-01,BK0064,Advanced Mathematics,Mathematics,14.0,19.0,16.666666666666668,14,0,0,1,48,0,2,2012,False,False,False,False,False,False,False,True,False,False,25.0
1864,2023-04-01,BK0064,Advanced Mathematics,Mathematics,17.0,14.0,18.666666666666668,15,1,0,1,48,0,2,2012,False,False,False,False,False,False,False,True,False,False,37.0
1984,2023-05-01,BK0064,Advanced Mathematics,Mathematics,25.0,17.0,26.333333333333332,16,1,0,1,48,0,5,2012,False,False,False,False,False,False,False,True,False,False,9.0
2104,2023-06-01,BK0064,Advanced Mathematics,Mathematics,37.0,25.0,23.666666666666668,17,0,1,1,48,1,1,2012,False,False,False,False,False,False,False,True,False,False,14.0
2224,2023-07-01,BK0064,Advanced Mathematics,Mathematics,9.0,37.0,20.0,18,0,0,0,48,1,1,2012,False,False,False,False,False,False,False,True,False,False,20.0
2344,2023-08-01,BK0064,Advanced Mathematics,Mathematics,14.0,9.0,14.333333333333334,19,0,0,0,48,1,0,2012,False,False,False,False,False,False,False,True,False,False,7.0
2464,2023-09-01,BK0064,Advanced Mathematics,Mathematics,20.0,14.0,13.666666666666666,20,0,0,0,48,0,2,2012,False,False,False,False,False,False,False,True,False,False,25.0
2584,2023-10-01,BK0064,Advanced Mathematics,Mathematics,7.0,20.0,17.333333333333332,21,1,0,0,48,0,3,2012,False,False,False,False,False,False,False,True,False,False,29.0
2704,2023-11-01,BK0064,Advanced Mathematics,Mathematics,25.0,7.0,20.333333333333332,22,1,0,0,48,0,7,2012,False,False,False,False,False,False,False,True,False,False,7.0
2824,2023-12-01,BK0064,Advanced Mathematics,Mathematics,29.0,25.0,20.333333333333332,23,0,1,0,48,1,0,2012,False,False,False,False,False,False,False,True,False,False,13.0
2944,2024-01-01,BK0064,Advanced Mathematics,Mathematics,7.0,29.0,16.333333333333332,24,0,0,1,48,1,4,2012,False,False,False,False,False,False,False,True,False,False,16.0
3064,2024-02-01,BK0064,Advanced Mathematics,Mathematics,13.0,7.0,12.0,25,0,0,1,48,1,3,2012,False,False,False,False,False,False,False,True,False,False,24.0
3184,2024-03-01,BK0064,Advanced Mathematics,Mathematics,16.0,13.0,17.666666666666668,26,0,0,1,48,0,2,2012,False,False,False,False,False,False,False,True,False,False,38.0
3304,2024-04-01,BK0064,Advanced Mathematics,Mathematics,24.0,16.0,26.0,27,1,0,1,48,0,5,2012,False,False,False,False,False,False,False,True,False,False,33.0
3424,2024-05-01,BK0064,Advanced Mathematics,Mathematics,38.0,24.0,31.666666666666668,28,1,0,1,48,0,4,2012,False,False,False,False,False,False,False,True,False,False,6.0
305,2022-03-01,BK0065,Principles of Mathematics,Mathematics,24.0,18.0,20.0,2,0,0,1,19,0,2,2011,False,False,False,False,False,False,False,True,False,False,32.0
425,2022-04-01,BK0065,Principles of Mathematics,Mathematics,18.0,24.0,24.666666666666668,3,1,0,1,19,3,7,2011,False,False,False,False,False,False,False,True,False,False,28.0
545,2022-05-01,BK0065,Principles of Mathematics,Mathematics,32.0,18.0,26.0,4,1,0,1,19,3,5,2011,False,False,False,False,False,False,False,True,False,False,6.0
665,2022-06-01,BK0065,Principles of Mathematics,Mathematics,28.0,32.0,22.0,5,0,1,1,19,0,0,2011,False,False,False,False,False,False,False,True,False,False,21.0
785,2022-07-01,BK0065,Principles of Mathematics,Mathematics,6.0,28.0,18.333333333333332,6,0,0,0,19,0,1,2011,False,False,False,False,False,False,False,True,False,False,20.0
905,2022-08-01,BK0065,Principles of Mathematics,Mathematics,21.0,6.0,15.666666666666666,7,0,0,0,19,0,2,2011,False,False,False,False,False,False,False,True,False,False,16.0
1025,2022-09-01,BK0065,Principles of Mathematics,Mathematics,20.0,21.0,19.0,8,0,0,0,19,0,4,2011,False,False,False,False,False,False,False,True,False,False,21.0
1145,2022-10-01,BK0065,Principles of Mathematics,Mathematics,16.0,20.0,19.0,9,1,0,0,19,1,2,2011,False,False,False,False,False,False,False,True,False,False,21.0
1265,2022-11-01,BK0065,Principles of Mathematics,Mathematics,21.0,16.0,19.333333333333332,10,1,0,0,19,3,2,2011,False,False,False,False,False,False,False,True,False,False,10.0
1385,2022-12-01,BK0065,Principles of Mathematics,Mathematics,21.0,21.0,17.333333333333332,11,0,1,0,19,0,2,2011,False,False,False,False,False,False,False,True,False,False,13.0
1505,2023-01-01,BK0065,Principles of Mathematics,Mathematics,10.0,21.0,14.666666666666666,12,0,0,1,19,0,3,2011,False,False,False,False,False,False,False,True,False,False,15.0
1625,2023-02-01,BK0065,Principles of Mathematics,Mathematics,13.0,10.0,12.666666666666666,13,0,0,1,19,0,2,2011,False,False,False,False,False,False,False,True,False,False,15.0
1745,2023-03-01,BK0065,Principles of Mathematics,Mathematics,15.0,13.0,14.333333333333334,14,0,0,1,19,0,3,2011,False,False,False,False,False,False,False,True,False,False,25.0
1865,2023-04-01,BK0065,Principles of Mathematics,Mathematics,15.0,15.0,18.333333333333332,15,1,0,1,19,3,4,2011,False,False,False,False,False,False,False,True,False,False,32.0
1985,2023-05-01,BK0065,Principles of Mathematics,Mathematics,25.0,15.0,24.0,16,1,0,1,19,8,3,2011,False,False,False,False,False,False,False,True,False,False,9.0
2105,2023-06-01,BK0065,Principles of Mathematics,Mathematics,32.0,25.0,22.0,17,0,1,1,19,1,1,2011,False,False,False,False,False,False,False,True,False,False,11.0
2225,2023-07-01,BK0065,Principles of Mathematics,Mathematics,9.0,32.0,17.333333333333332,18,0,0,0,19,0,1,2011,False,False,False,False,False,False,False,True,False,False,9.0
2345,2023-08-01,BK0065,Principles of Mathematics,Mathematics,11.0,9.0,9.666666666666666,19,0,0,0,19,1,2,2011,False,False,False,False,False,False,False,True,False,False,18.0
2465,2023-09-01,BK0065,Principles of Mathematics,Mathematics,9.0,11.0,12.666666666666666,20,0,0,0,19,0,2,2011,False,False,False,False,False,False,False,True,False,False,27.0
2585,2023-10-01,BK0065,Principles of Mathematics,Mathematics,18.0,9.0,18.0,21,1,0,0,19,4,4,2011,False,False,False,False,False,False,False,True,False,False,15.0
2705,2023-11-01,BK0065,Principles of Mathematics,Mathematics,27.0,18.0,20.0,22,1,0,0,19,0,3,2011,False,False,False,False,False,False,False,True,False,False,4.0
2825,2023-12-01,BK0065,Principles of Mathematics,Mathematics,15.0,27.0,15.333333333333334,23,0,1,0,19,1,1,2011,False,False,False,False,False,False,False,True,False,False,9.0
2945,2024-01-01,BK0065,Principles of Mathematics,Mathematics,4.0,15.0,9.333333333333334,24,0,0,1,19,0,1,2011,False,False,False,False,False,False,False,True,False,False,12.0
3065,2024-02-01,BK0065,Principles of Mathematics,Mathematics,9.0,4.0,8.333333333333334,25,0,0,1,19,0,1,2011,False,False,False,False,False,False,False,True,False,False,14.0
3185,2024-03-01,BK0065,Principles of Mathematics,Mathematics,12.0,9.0,11.666666666666666,26,0,0,1,19,0,1,2011,False,False,False,False,False,False,False,True,False,False,22.0
3305,2024-04-01,BK0065,Principles of Mathematics,Mathematics,14.0,12.0,16.0,27,1,0,1,19,1,5,2011,False,False,False,False,False,False,False,True,False,False,12.0
3425,2024-05-01,BK0065,Principles of Mathematics,Mathematics,22.0,14.0,16.0,28,1,0,1,19,0,2,2011,False,False,False,False,False,False,False,True,False,False,2.0
306,2022-03-01,BK0066,Mathematics for Engineers,Mathematics,13.0,12.0,12.666666666666666,2,0,0,1,16,0,1,2015,False,False,False,False,False,False,False,True,False,False,20.0
426,2022-04-01,BK0066,Mathematics for Engineers,Mathematics,13.0,13.0,15.333333333333334,3,1,0,1,16,4,4,2015,False,False,False,False,False,False,False,True,False,False,20.0
546,2022-05-01,BK0066,Mathematics for Engineers,Mathematics,20.0,13.0,17.666666666666668,4,1,0,1,16,1,2,2015,False,False,False,False,False,False,False,True,False,False,6.0
666,2022-06-01,BK0066,Mathematics for Engineers,Mathematics,20.0,20.0,15.333333333333334,5,0,1,1,16,0,0,2015,False,False,False,False,False,False,False,True,False,False,16.0
786,2022-07-01,BK0066,Mathematics for Engineers,Mathematics,6.0,20.0,14.0,6,0,0,0,16,0,3,2015,False,False,False,False,False,False,False,True,False,False,10.0
906,2022-08-01,BK0066,Mathematics for Engineers,Mathematics,16.0,6.0,10.666666666666666,7,0,0,0,16,0,1,2015,False,False,False,False,False,False,False,True,False,False,9.0
1026,2022-09-01,BK0066,Mathematics for Engineers,Mathematics,10.0,16.0,11.666666666666666,8,0,0,0,16,0,1,2015,False,False,False,False,False,False,False,True,False,False,21.0
1146,2022-10-01,BK0066,Mathematics for Engineers,Mathematics,9.0,10.0,13.333333333333334,9,1,0,0,16,3,1,2015,False,False,False,False,False,False,False,True,False,False,8.0
1266,2022-11-01,BK0066,Mathematics for Engineers,Mathematics,21.0,9.0,12.666666666666666,10,1,0,0,16,1,1,2015,False,False,False,False,False,False,False,True,False,False,7.0
1386,2022-12-01,BK0066,Mathematics for Engineers,Mathematics,8.0,21.0,12.0,11,0,1,0,16,0,0,2015,False,False,False,False,False,False,False,True,False,False,6.0
1506,2023-01-01,BK0066,Mathematics for Engineers,Mathematics,7.0,8.0,7.0,12,0,0,1,16,0,0,2015,False,False,False,False,False,False,False,True,False,False,9.0
1626,2023-02-01,BK0066,Mathematics for Engineers,Mathematics,6.0,7.0,7.333333333333333,13,0,0,1,16,0,2,2015,False,False,False,False,False,False,False,True,False,False,5.0
1746,2023-03-01,BK0066,Mathematics for Engineers,Mathematics,9.0,6.0,6.666666666666667,14,0,0,1,16,0,2,2015,False,False,False,False,False,False,False,True,False,False,10.0
1866,2023-04-01,BK0066,Mathematics for Engineers,Mathematics,5.0,9.0,8.0,15,1,0,1,16,0,1,2015,False,False,False,False,False,False,False,True,False,False,16.0
1986,2023-05-01,BK0066,Mathematics for Engineers,Mathematics,10.0,5.0,10.333333333333334,16,1,0,1,16,1,3,2015,False,False,False,False,False,False,False,True,False,False,1.0
2106,2023-06-01,BK0066,Mathematics for Engineers,Mathematics,16.0,10.0,9.0,17,0,1,1,16,0,0,2015,False,False,False,False,False,False,False,True,False,False,5.0
2226,2023-07-01,BK0066,Mathematics for Engineers,Mathematics,1.0,16.0,7.333333333333333,18,0,0,0,16,0,0,2015,False,False,False,False,False,False,False,True,False,False,9.0
2346,2023-08-01,BK0066,Mathematics for Engineers,Mathematics,5.0,1.0,5.0,19,0,0,0,16,0,2,2015,False,False,False,False,False,False,False,True,False,False,12.0
2466,2023-09-01,BK0066,Mathematics for Engineers,Mathematics,9.0,5.0,8.666666666666666,20,0,0,0,16,0,5,2015,False,False,False,False,False,False,False,True,False,False,12.0
2586,2023-10-01,BK0066,Mathematics for Engineers,Mathematics,12.0,9.0,11.0,21,1,0,0,16,0,3,2015,False,False,False,False,False,False,False,True,False,False,14.0
2706,2023-11-01,BK0066,Mathematics for Engineers,Mathematics,12.0,12.0,12.666666666666666,22,1,0,0,16,0,1,2015,False,False,False,False,False,False,False,True,False,False,3.0
2826,2023-12-01,BK0066,Mathematics for Engineers,Mathematics,14.0,12.0,9.666666666666666,23,0,1,0,16,1,0,2015,False,False,False,False,False,False,False,True,False,False,5.0
2946,2024-01-01,BK0066,Mathematics for Engineers,Mathematics,3.0,14.0,7.333333333333333,24,0,0,1,16,0,1,2015,False,False,False,False,False,False,False,True,False,False,8.0
3066,2024-02-01,BK0066,Mathematics for Engineers,Mathematics,5.0,3.0,5.333333333333333,25,0,0,1,16,0,1,2015,False,False,False,False,False,False,False,True,False,False,5.0
3186,2024-03-01,BK0066,Mathematics for Engineers,Mathematics,8.0,5.0,6.0,26,0,0,1,16,0,1,2015,False,False,False,False,False,False,False,True,False,False,4.0
3306,2024-04-01,BK0066,Mathematics for Engineers,Mathematics,5.0,8.0,5.666666666666667,27,1,0,1,16,0,0,2015,False,False,False,False,False,False,False,True,False,False,10.0
3426,2024-05-01,BK0066,Mathematics for Engineers,Mathematics,4.0,5.0,6.333333333333333,28,1,0,1,16,0,1,2015,False,False,False,False,False,False,False,True,False,False,2.0
307,2022-03-01,BK0067,Modern Mathematics,Mathematics,52.0,49.0,50.666666666666664,2,0,0,1,41,7,10,1997,False,False,False,False,False,False,False,True,False,False,91.0
427,2022-04-01,BK0067,Modern Mathematics,Mathematics,51.0,52.0,64.66666666666667,3,1,0,1,41,26,15,1997,False,False,False,False,False,False,False,True,False,False,85.0
547,2022-05-01,BK0067,Modern Mathematics,Mathematics,91.0,51.0,75.66666666666667,4,1,0,1,41,24,11,1997,False,False,False,False,False,False,False,True,False,False,14.0
667,2022-06-01,BK0067,Modern Mathematics,Mathematics,85.0,91.0,63.333333333333336,5,0,1,1,41,0,2,1997,False,False,False,False,False,False,False,True,False,False,52.0
787,2022-07-01,BK0067,Modern Mathematics,Mathematics,14.0,85.0,50.333333333333336,6,0,0,0,41,9,11,1997,False,False,False,False,False,False,False,True,False,False,51.0
907,2022-08-01,BK0067,Modern Mathematics,Mathematics,52.0,14.0,39.0,7,0,0,0,41,7,8,1997,False,False,False,False,False,False,False,True,False,False,62.0
1027,2022-09-01,BK0067,Modern Mathematics,Mathematics,51.0,52.0,55.0,8,0,0,0,41,11,12,1997,False,False,False,False,False,False,False,True,False,False,81.0
1147,2022-10-01,BK0067,Modern Mathematics,Mathematics,62.0,51.0,64.66666666666667,9,1,0,0,41,25,10,1997,False,False,False,False,False,False,False,True,False,False,87.0
1267,2022-11-01,BK0067,Modern Mathematics,Mathematics,81.0,62.0,76.66666666666667,10,1,0,0,41,25,8,1997,False,False,False,False,False,False,False,True,False,False,17.0
1387,2022-12-01,BK0067,Modern Mathematics,Mathematics,87.0,81.0,61.666666666666664,11,0,1,0,41,0,7,1997,False,False,False,False,False,False,False,True,False,False,39.0
1507,2023-01-01,BK0067,Modern Mathematics,Mathematics,17.0,87.0,47.666666666666664,12,0,0,1,41,0,8,1997,False,False,False,False,False,False,False,True,False,False,46.0
1627,2023-02-01,BK0067,Modern Mathematics,Mathematics,39.0,17.0,34.0,13,0,0,1,41,3,5,1997,False,False,False,False,False,False,False,True,False,False,41.0
1747,2023-03-01,BK0067,Modern Mathematics,Mathematics,46.0,39.0,42.0,14,0,0,1,41,0,7,1997,False,False,False,False,False,False,False,True,False,False,104.0
1867,2023-04-01,BK0067,Modern Mathematics,Mathematics,41.0,46.0,63.666666666666664,15,1,0,1,41,38,21,1997,False,False,False,False,False,False,False,True,False,False,77.0
1987,2023-05-01,BK0067,Modern Mathematics,Mathematics,104.0,41.0,74.0,16,1,0,1,41,17,17,1997,False,False,False,False,False,False,False,True,False,False,25.0
2107,2023-06-01,BK0067,Modern Mathematics,Mathematics,77.0,104.0,68.66666666666667,17,0,1,1,41,0,4,1997,False,False,False,False,False,False,False,True,False,False,48.0
2227,2023-07-01,BK0067,Modern Mathematics,Mathematics,25.0,77.0,50.0,18,0,0,0,41,2,7,1997,False,False,False,False,False,False,False,True,False,False,44.0
2347,2023-08-01,BK0067,Modern Mathematics,Mathematics,48.0,25.0,39.0,19,0,0,0,41,0,7,1997,False,False,False,False,False,False,False,True,False,False,66.0
2467,2023-09-01,BK0067,Modern Mathematics,Mathematics,44.0,48.0,52.666666666666664,20,0,0,0,41,11,11,1997,False,False,False,False,False,False,False,True,False,False,85.0
2587,2023-10-01,BK0067,Modern Mathematics,Mathematics,66.0,44.0,65.0,21,1,0,0,41,13,16,1997,False,False,False,False,False,False,False,True,False,False,97.0
2707,2023-11-01,BK0067,Modern Mathematics,Mathematics,85.0,66.0,82.66666666666667,22,1,0,0,41,26,14,1997,False,False,False,False,False,False,False,True,False,False,26.0
2827,2023-12-01,BK0067,Modern Mathematics,Mathematics,97.0,85.0,69.33333333333333,23,0,1,0,41,1,2,1997,False,False,False,False,False,False,False,True,False,False,44.0
2947,2024-01-01,BK0067,Modern Mathematics,Mathematics,26.0,97.0,55.666666666666664,24,0,0,1,41,2,11,1997,False,False,False,False,False,False,False,True,False,False,55.0
3067,2024-02-01,BK0067,Modern Mathematics,Mathematics,44.0,26.0,41.666666666666664,25,0,0,1,41,5,6,1997,False,False,False,False,False,False,False,True,False,False,52.0
3187,2024-03-01,BK0067,Modern Mathematics,Mathematics,55.0,44.0,50.333333333333336,26,0,0,1,41,5,15,1997,False,False,False,False,False,False,False,True,False,False,107.0
3307,2024-04-01,BK0067,Modern Mathematics,Mathematics,52.0,55.0,71.33333333333333,27,1,0,1,41,32,17,1997,False,False,False,False,False,False,False,True,False,False,70.0
3427,2024-05-01,BK0067,Modern Mathematics,Mathematics,107.0,52.0,76.33333333333333,28,1,0,1,41,19,13,1997,False,False,False,False,False,False,False,True,False,False,23.0
308,2022-03-01,BK0068,Applied Mathematics,Mathematics,6.0,9.0,7.333333333333333,2,0,0,1,15,0,3,2000,False,False,False,False,False,False,False,True,False,False,15.0
428,2022-04-01,BK0068,Applied Mathematics,Mathematics,7.0,6.0,9.333333333333334,3,1,0,1,15,0,2,2000,False,False,False,False,False,False,False,True,False,False,14.0
548,2022-05-01,BK0068,Applied Mathematics,Mathematics,15.0,7.0,12.0,4,1,0,1,15,0,0,2000,False,False,False,False,False,False,False,True,False,False,5.0
668,2022-06-01,BK0068,Applied Mathematics,Mathematics,14.0,15.0,11.333333333333334,5,0,1,1,15,0,2,2000,False,False,False,False,False,False,False,True,False,False,4.0
788,2022-07-01,BK0068,Applied Mathematics,Mathematics,5.0,14.0,7.666666666666667,6,0,0,0,15,1,0,2000,False,False,False,False,False,False,False,True,False,False,8.0
908,2022-08-01,BK0068,Applied Mathematics,Mathematics,4.0,5.0,5.666666666666667,7,0,0,0,15,0,2,2000,False,False,False,False,False,False,False,True,False,False,9.0
1028,2022-09-01,BK0068,Applied Mathematics,Mathematics,8.0,4.0,7.0,8,0,0,0,15,1,2,2000,False,False,False,False,False,False,False,True,False,False,15.0
1148,2022-10-01,BK0068,Applied Mathematics,Mathematics,9.0,8.0,10.666666666666666,9,1,0,0,15,0,1,2000,False,False,False,False,False,False,False,True,False,False,12.0
1268,2022-11-01,BK0068,Applied Mathematics,Mathematics,15.0,9.0,12.0,10,1,0,0,15,0,5,2000,False,False,False,False,False,False,False,True,False,False,0.0
1388,2022-12-01,BK0068,Applied Mathematics,Mathematics,12.0,15.0,9.0,11,0,1,0,15,0,0,2000,False,False,False,False,False,False,False,True,False,False,13.0
1508,2023-01-01,BK0068,Applied Mathematics,Mathematics,0.0,12.0,8.333333333333334,12,0,0,1,15,0,1,2000,False,False,False,False,False,False,False,True,False,False,8.0
1628,2023-02-01,BK0068,Applied Mathematics,Mathematics,13.0,0.0,7.0,13,0,0,1,15,0,4,2000,False,False,False,False,False,False,False,True,False,False,5.0
1748,2023-03-01,BK0068,Applied Mathematics,Mathematics,8.0,13.0,8.666666666666666,14,0,0,1,15,0,1,2000,False,False,False,False,False,False,False,True,False,False,11.0
1868,2023-04-01,BK0068,Applied Mathematics,Mathematics,5.0,8.0,8.0,15,1,0,1,15,0,1,2000,False,False,False,False,False,False,False,True,False,False,12.0
1988,2023-05-01,BK0068,Applied Mathematics,Mathematics,11.0,5.0,9.333333333333334,16,1,0,1,15,0,3,2000,False,False,False,False,False,False,False,True,False,False,3.0
2108,2023-06-01,BK0068,Applied Mathematics,Mathematics,12.0,11.0,8.666666666666666,17,0,1,1,15,1,0,2000,False,False,False,False,False,False,False,True,False,False,8.0
2228,2023-07-01,BK0068,Applied Mathematics,Mathematics,3.0,12.0,7.666666666666667,18,0,0,0,15,1,0,2000,False,False,False,False,False,False,False,True,False,False,7.0
2348,2023-08-01,BK0068,Applied Mathematics,Mathematics,8.0,3.0,6.0,19,0,0,0,15,0,1,2000,False,False,False,False,False,False,False,True,False,False,6.0
2468,2023-09-01,BK0068,Applied Mathematics,Mathematics,7.0,8.0,7.0,20,0,0,0,15,0,0,2000,False,False,False,False,False,False,False,True,False,False,12.0
2588,2023-10-01,BK0068,Applied Mathematics,Mathematics,6.0,7.0,8.333333333333334,21,1,0,0,15,1,3,2000,False,False,False,False,False,False,False,True,False,False,7.0
2708,2023-11-01,BK0068,Applied Mathematics,Mathematics,12.0,6.0,8.333333333333334,22,1,0,0,15,0,1,2000,False,False,False,False,False,False,False,True,False,False,2.0
2828,2023-12-01,BK0068,Applied Mathematics,Mathematics,7.0,12.0,7.0,23,0,1,0,15,0,0,2000,False,False,False,False,False,False,False,True,False,False,7.0
2948,2024-01-01,BK0068,Applied Mathematics,Mathematics,2.0,7.0,5.333333333333333,24,0,0,1,15,0,0,2000,False,False,False,False,False,False,False,True,False,False,8.0
3068,2024-02-01,BK0068,Applied Mathematics,Mathematics,7.0,2.0,5.666666666666667,25,0,0,1,15,0,1,2000,False,False,False,False,False,False,False,True,False,False,8.0
3188,2024-03-01,BK0068,Applied Mathematics,Mathematics,8.0,7.0,7.666666666666667,26,0,0,1,15,0,2,2000,False,False,False,False,False,False,False,True,False,False,11.0
3308,2024-04-01,BK0068,Applied Mathematics,Mathematics,8.0,8.0,9.0,27,1,0,1,15,0,2,2000,False,False,False,False,False,False,False,True,False,False,15.0
3428,2024-05-01,BK0068,Applied Mathematics,Mathematics,11.0,8.0,11.333333333333334,28,1,0,1,15,0,3,2000,False,False,False,False,False,False,False,True,False,False,2.0
309,2022-03-01,BK0069,Mathematics Concepts and Applications,Mathematics,23.0,33.0,26.0,2,0,0,1,61,0,1,2016,False,False,False,False,False,False,False,True,False,False,40.0
429,2022-04-01,BK0069,Mathematics Concepts and Applications,Mathematics,22.0,23.0,28.333333333333332,3,1,0,1,61,1,9,2016,False,False,False,False,False,False,False,True,False,False,38.0
549,2022-05-01,BK0069,Mathematics Concepts and Applications,Mathematics,40.0,22.0,33.333333333333336,4,1,0,1,61,0,3,2016,False,False,False,False,False,False,False,True,False,False,10.0
669,2022-06-01,BK0069,Mathematics Concepts and Applications,Mathematics,38.0,40.0,29.333333333333332,5,0,1,1,61,1,2,2016,False,False,False,False,False,False,False,True,False,False,24.0
789,2022-07-01,BK0069,Mathematics Concepts and Applications,Mathematics,10.0,38.0,24.0,6,0,0,0,61,0,1,2016,False,False,False,False,False,False,False,True,False,False,30.0
909,2022-08-01,BK0069,Mathematics Concepts and Applications,Mathematics,24.0,10.0,21.333333333333332,7,0,0,0,61,0,4,2016,False,False,False,False,False,False,False,True,False,False,16.0
1029,2022-09-01,BK0069,Mathematics Concepts and Applications,Mathematics,30.0,24.0,23.333333333333332,8,0,0,0,61,0,4,2016,False,False,False,False,False,False,False,True,False,False,41.0
1149,2022-10-01,BK0069,Mathematics Concepts and Applications,Mathematics,16.0,30.0,29.0,9,1,0,0,61,0,5,2016,False,False,False,False,False,False,False,True,False,False,41.0
1269,2022-11-01,BK0069,Mathematics Concepts and Applications,Mathematics,41.0,16.0,32.666666666666664,10,1,0,0,61,0,9,2016,False,False,False,False,False,False,False,True,False,False,5.0
1389,2022-12-01,BK0069,Mathematics Concepts and Applications,Mathematics,41.0,41.0,29.0,11,0,1,0,61,0,1,2016,False,False,False,False,False,False,False,True,False,False,27.0
1509,2023-01-01,BK0069,Mathematics Concepts and Applications,Mathematics,5.0,41.0,24.333333333333332,12,0,0,1,61,0,8,2016,False,False,False,False,False,False,False,True,False,False,24.0
1629,2023-02-01,BK0069,Mathematics Concepts and Applications,Mathematics,27.0,5.0,18.666666666666668,13,0,0,1,61,2,2,2016,False,False,False,False,False,False,False,True,False,False,27.0
1749,2023-03-01,BK0069,Mathematics Concepts and Applications,Mathematics,24.0,27.0,26.0,14,0,0,1,61,1,3,2016,False,False,False,False,False,False,False,True,False,False,40.0
1869,2023-04-01,BK0069,Mathematics Concepts and Applications,Mathematics,27.0,24.0,30.333333333333332,15,1,0,1,61,0,7,2016,False,False,False,False,False,False,False,True,False,False,31.0
1989,2023-05-01,BK0069,Mathematics Concepts and Applications,Mathematics,40.0,27.0,32.666666666666664,16,1,0,1,61,0,8,2016,False,False,False,False,False,False,False,True,False,False,11.0
2109,2023-06-01,BK0069,Mathematics Concepts and Applications,Mathematics,31.0,40.0,27.333333333333332,17,0,1,1,61,0,3,2016,False,False,False,False,False,False,False,True,False,False,21.0
2229,2023-07-01,BK0069,Mathematics Concepts and Applications,Mathematics,11.0,31.0,21.0,18,0,0,0,61,0,3,2016,False,False,False,False,False,False,False,True,False,False,14.0
2349,2023-08-01,BK0069,Mathematics Concepts and Applications,Mathematics,21.0,11.0,15.333333333333334,19,0,0,0,61,0,1,2016,False,False,False,False,False,False,False,True,False,False,15.0
2469,2023-09-01,BK0069,Mathematics Concepts and Applications,Mathematics,14.0,21.0,16.666666666666668,20,0,0,0,61,1,1,2016,False,False,False,False,False,False,False,True,False,False,23.0
2589,2023-10-01,BK0069,Mathematics Concepts and Applications,Mathematics,15.0,14.0,17.333333333333332,21,1,0,0,61,0,4,2016,False,False,False,False,False,False,False,True,False,False,22.0
2709,2023-11-01,BK0069,Mathematics Concepts and Applications,Mathematics,23.0,15.0,20.0,22,1,0,0,61,0,2,2016,False,False,False,False,False,False,False,True,False,False,8.0
2829,2023-12-01,BK0069,Mathematics Concepts and Applications,Mathematics,22.0,23.0,17.666666666666668,23,0,1,0,61,0,1,2016,False,False,False,False,False,False,False,True,False,False,20.0
2949,2024-01-01,BK0069,Mathematics Concepts and Applications,Mathematics,8.0,22.0,16.666666666666668,24,0,0,1,61,0,2,2016,False,False,False,False,False,False,False,True,False,False,16.0
3069,2024-02-01,BK0069,Mathematics Concepts and Applications,Mathematics,20.0,8.0,14.666666666666666,25,0,0,1,61,1,5,2016,False,False,False,False,False,False,False,True,False,False,14.0
3189,2024-03-01,BK0069,Mathematics Concepts and Applications,Mathematics,16.0,20.0,16.666666666666668,26,0,0,1,61,0,3,2016,False,False,False,False,False,False,False,True,False,False,31.0
3309,2024-04-01,BK0069,Mathematics Concepts and Applications,Mathematics,14.0,16.0,20.333333333333332,27,1,0,1,61,0,4,2016,False,False,False,False,False,False,False,True,False,False,21.0
3429,2024-05-01,BK0069,Mathematics Concepts and Applications,Mathematics,31.0,14.0,22.0,28,1,0,1,61,1,3,2016,False,False,False,False,False,False,False,True,False,False,5.0
310,2022-03-01,BK0070,Essentials of Mathematics,Mathematics,18.0,14.0,15.666666666666666,2,0,0,1,66,0,2,2023,False,False,False,False,False,False,False,True,False,False,33.0
430,2022-04-01,BK0070,Essentials of Mathematics,Mathematics,15.0,18.0,22.0,3,1,0,1,66,1,4,2023,False,False,False,False,False,False,False,True,False,False,24.0
550,2022-05-01,BK0070,Essentials of Mathematics,Mathematics,33.0,15.0,24.0,4,1,0,1,66,0,3,2023,False,False,False,False,False,False,False,True,False,False,3.0
670,2022-06-01,BK0070,Essentials of Mathematics,Mathematics,24.0,33.0,20.0,5,0,1,1,66,0,0,2023,False,False,False,False,False,False,False,True,False,False,20.0
790,2022-07-01,BK0070,Essentials of Mathematics,Mathematics,3.0,24.0,15.666666666666666,6,0,0,0,66,1,6,2023,False,False,False,False,False,False,False,True,False,False,18.0
910,2022-08-01,BK0070,Essentials of Mathematics,Mathematics,20.0,3.0,13.666666666666666,7,0,0,0,66,0,4,2023,False,False,False,False,False,False,False,True,False,False,25.0
1030,2022-09-01,BK0070,Essentials of Mathematics,Mathematics,18.0,20.0,21.0,8,0,0,0,66,3,0,2023,False,False,False,False,False,False,False,True,False,False,30.0
1150,2022-10-01,BK0070,Essentials of Mathematics,Mathematics,25.0,18.0,24.333333333333332,9,1,0,0,66,0,6,2023,False,False,False,False,False,False,False,True,False,False,25.0
1270,2022-11-01,BK0070,Essentials of Mathematics,Mathematics,30.0,25.0,26.666666666666668,10,1,0,0,66,0,4,2023,False,False,False,False,False,False,False,True,False,False,3.0
1390,2022-12-01,BK0070,Essentials of Mathematics,Mathematics,25.0,30.0,19.333333333333332,11,0,1,0,66,0,0,2023,False,False,False,False,False,False,False,True,False,False,12.0
1510,2023-01-01,BK0070,Essentials of Mathematics,Mathematics,3.0,25.0,13.333333333333334,12,0,0,1,66,2,3,2023,False,False,False,False,False,False,False,True,False,False,21.0
1630,2023-02-01,BK0070,Essentials of Mathematics,Mathematics,12.0,3.0,12.0,13,0,0,1,66,0,4,2023,False,False,False,False,False,False,False,True,False,False,15.0
1750,2023-03-01,BK0070,Essentials of Mathematics,Mathematics,21.0,12.0,16.0,14,0,0,1,66,1,0,2023,False,False,False,False,False,False,False,True,False,False,31.0
1870,2023-04-01,BK0070,Essentials of Mathematics,Mathematics,15.0,21.0,22.333333333333332,15,1,0,1,66,0,5,2023,False,False,False,False,False,False,False,True,False,False,23.0
1990,2023-05-01,BK0070,Essentials of Mathematics,Mathematics,31.0,15.0,23.0,16,1,0,1,66,0,4,2023,False,False,False,False,False,False,False,True,False,False,6.0
2110,2023-06-01,BK0070,Essentials of Mathematics,Mathematics,23.0,31.0,20.0,17,0,1,1,66,0,1,2023,False,False,False,False,False,False,False,True,False,False,13.0
2230,2023-07-01,BK0070,Essentials of Mathematics,Mathematics,6.0,23.0,14.0,18,0,0,0,66,0,5,2023,False,False,False,False,False,False,False,True,False,False,17.0
2350,2023-08-01,BK0070,Essentials of Mathematics,Mathematics,13.0,6.0,12.0,19,0,0,0,66,0,1,2023,False,False,False,False,False,False,False,True,False,False,28.0
2470,2023-09-01,BK0070,Essentials of Mathematics,Mathematics,17.0,13.0,19.333333333333332,20,0,0,0,66,0,5,2023,False,False,False,False,False,False,False,True,False,False,37.0
2590,2023-10-01,BK0070,Essentials of Mathematics,Mathematics,28.0,17.0,27.333333333333332,21,1,0,0,66,0,5,2023,False,False,False,False,False,False,False,True,False,False,25.0
2710,2023-11-01,BK0070,Essentials of Mathematics,Mathematics,37.0,28.0,30.0,22,1,0,0,66,1,3,2023,False,False,False,False,False,False,False,True,False,False,7.0
2830,2023-12-01,BK0070,Essentials of Mathematics,Mathematics,25.0,37.0,23.0,23,0,1,0,66,1,1,2023,False,False,False,False,False,False,False,True,False,False,19.0
2950,2024-01-01,BK0070,Essentials of Mathematics,Mathematics,7.0,25.0,17.0,24,0,0,1,66,0,3,2023,False,False,False,False,False,False,False,True,False,False,30.0
3070,2024-02-01,BK0070,Essentials of Mathematics,Mathematics,19.0,7.0,18.666666666666668,25,0,0,1,66,0,6,2023,False,False,False,False,False,False,False,True,False,False,22.0
3190,2024-03-01,BK0070,Essentials of Mathematics,Mathematics,30.0,19.0,23.666666666666668,26,0,0,1,66,2,4,2023,False,False,False,False,False,False,False,True,False,False,29.0
3310,2024-04-01,BK0070,Essentials of Mathematics,Mathematics,22.0,30.0,27.0,27,1,0,1,66,0,7,2023,False,False,False,False,False,False,False,True,False,False,41.0
3430,2024-05-01,BK0070,Essentials of Mathematics,Mathematics,29.0,22.0,30.666666666666668,28,1,0,1,66,0,6,2023,False,False,False,False,False,False,False,True,False,False,5.0
311,2022-03-01,BK0071,Mathematics: Theory and Practice,Mathematics,17.0,26.0,23.333333333333332,2,0,0,1,61,0,2,1997,False,False,False,False,False,False,False,True,False,False,38.0
431,2022-04-01,BK0071,Mathematics: Theory and Practice,Mathematics,27.0,17.0,27.333333333333332,3,1,0,1,61,0,1,1997,False,False,False,False,False,False,False,True,False,False,55.0
551,2022-05-01,BK0071,Mathematics: Theory and Practice,Mathematics,38.0,27.0,40.0,4,1,0,1,61,0,6,1997,False,False,False,False,False,False,False,True,False,False,11.0
671,2022-06-01,BK0071,Mathematics: Theory and Practice,Mathematics,55.0,38.0,34.666666666666664,5,0,1,1,61,0,4,1997,False,False,False,False,False,False,False,True,False,False,32.0
791,2022-07-01,BK0071,Mathematics: Theory and Practice,Mathematics,11.0,55.0,32.666666666666664,6,0,0,0,61,0,7,1997,False,False,False,False,False,False,False,True,False,False,31.0
911,2022-08-01,BK0071,Mathematics: Theory and Practice,Mathematics,32.0,11.0,24.666666666666668,7,0,0,0,61,0,2,1997,False,False,False,False,False,False,False,True,False,False,19.0
1031,2022-09-01,BK0071,Mathematics: Theory and Practice,Mathematics,31.0,32.0,27.333333333333332,8,0,0,0,61,0,1,1997,False,False,False,False,False,False,False,True,False,False,31.0
1151,2022-10-01,BK0071,Mathematics: Theory and Practice,Mathematics,19.0,31.0,27.0,9,1,0,0,61,0,5,1997,False,False,False,False,False,False,False,True,False,False,37.0
1271,2022-11-01,BK0071,Mathematics: Theory and Practice,Mathematics,31.0,19.0,29.0,10,1,0,0,61,0,4,1997,False,False,False,False,False,False,False,True,False,False,8.0
1391,2022-12-01,BK0071,Mathematics: Theory and Practice,Mathematics,37.0,31.0,25.333333333333332,11,0,1,0,61,0,1,1997,False,False,False,False,False,False,False,True,False,False,29.0
1511,2023-01-01,BK0071,Mathematics: Theory and Practice,Mathematics,8.0,37.0,24.666666666666668,12,0,0,1,61,0,5,1997,False,False,False,False,False,False,False,True,False,False,21.0
1631,2023-02-01,BK0071,Mathematics: Theory and Practice,Mathematics,29.0,8.0,19.333333333333332,13,0,0,1,61,1,5,1997,False,False,False,False,False,False,False,True,False,False,27.0
1751,2023-03-01,BK0071,Mathematics: Theory and Practice,Mathematics,21.0,29.0,25.666666666666668,14,0,0,1,61,0,5,1997,False,False,False,False,False,False,False,True,False,False,45.0
1871,2023-04-01,BK0071,Mathematics: Theory and Practice,Mathematics,27.0,21.0,31.0,15,1,0,1,61,1,7,1997,False,False,False,False,False,False,False,True,False,False,30.0
1991,2023-05-01,BK0071,Mathematics: Theory and Practice,Mathematics,45.0,27.0,34.0,16,1,0,1,61,1,5,1997,False,False,False,False,False,False,False,True,False,False,11.0
2111,2023-06-01,BK0071,Mathematics: Theory and Practice,Mathematics,30.0,45.0,28.666666666666668,17,0,1,1,61,1,1,1997,False,False,False,False,False,False,False,True,False,False,26.0
2231,2023-07-01,BK0071,Mathematics: Theory and Practice,Mathematics,11.0,30.0,22.333333333333332,18,0,0,0,61,0,6,1997,False,False,False,False,False,False,False,True,False,False,25.0
2351,2023-08-01,BK0071,Mathematics: Theory and Practice,Mathematics,26.0,11.0,20.666666666666668,19,0,0,0,61,1,4,1997,False,False,False,False,False,False,False,True,False,False,28.0
2471,2023-09-01,BK0071,Mathematics: Theory and Practice,Mathematics,25.0,26.0,26.333333333333332,20,0,0,0,61,0,5,1997,False,False,False,False,False,False,False,True,False,False,35.0
2591,2023-10-01,BK0071,Mathematics: Theory and Practice,Mathematics,28.0,25.0,29.333333333333332,21,1,0,0,61,0,4,1997,False,False,False,False,False,False,False,True,False,False,37.0
2711,2023-11-01,BK0071,Mathematics: Theory and Practice,Mathematics,35.0,28.0,33.333333333333336,22,1,0,0,61,0,2,1997,False,False,False,False,False,False,False,True,False,False,9.0
2831,2023-12-01,BK0071,Mathematics: Theory and Practice,Mathematics,37.0,35.0,27.0,23,0,1,0,61,0,2,1997,False,False,False,False,False,False,False,True,False,False,21.0
2951,2024-01-01,BK0071,Mathematics: Theory and Practice,Mathematics,9.0,37.0,22.333333333333332,24,0,0,1,61,0,5,1997,False,False,False,False,False,False,False,True,False,False,28.0
3071,2024-02-01,BK0071,Mathematics: Theory and Practice,Mathematics,21.0,9.0,19.333333333333332,25,0,0,1,61,0,8,1997,False,False,False,False,False,False,False,True,False,False,26.0
3191,2024-03-01,BK0071,Mathematics: Theory and Practice,Mathematics,28.0,21.0,25.0,26,0,0,1,61,0,3,1997,False,False,False,False,False,False,False,True,False,False,41.0
3311,2024-04-01,BK0071,Mathematics: Theory and Practice,Mathematics,26.0,28.0,31.666666666666668,27,1,0,1,61,0,4,1997,False,False,False,False,False,False,False,True,False,False,43.0
3431,2024-05-01,BK0071,Mathematics: Theory and Practice,Mathematics,41.0,26.0,36.666666666666664,28,1,0,1,61,1,8,1997,False,False,False,False,False,False,False,True,False,False,8.0
312,2022-03-01,BK0072,Understanding Mathematics,Mathematics,11.0,13.0,12.0,2,0,0,1,69,0,2,2019,False,False,False,False,False,False,False,True,False,False,18.0
432,2022-04-01,BK0072,Understanding Mathematics,Mathematics,12.0,11.0,13.666666666666666,3,1,0,1,69,1,4,2019,False,False,False,False,False,False,False,True,False,False,23.0
552,2022-05-01,BK0072,Understanding Mathematics,Mathematics,18.0,12.0,17.666666666666668,4,1,0,1,69,0,2,2019,False,False,False,False,False,False,False,True,False,False,6.0
672,2022-06-01,BK0072,Understanding Mathematics,Mathematics,23.0,18.0,15.666666666666666,5,0,1,1,69,0,1,2019,False,False,False,False,False,False,False,True,False,False,10.0
792,2022-07-01,BK0072,Understanding Mathematics,Mathematics,6.0,23.0,13.0,6,0,0,0,69,0,1,2019,False,False,False,False,False,False,False,True,False,False,11.0
912,2022-08-01,BK0072,Understanding Mathematics,Mathematics,10.0,6.0,9.0,7,0,0,0,69,0,1,2019,False,False,False,False,False,False,False,True,False,False,11.0
1032,2022-09-01,BK0072,Understanding Mathematics,Mathematics,11.0,10.0,10.666666666666666,8,0,0,0,69,0,1,2019,False,False,False,False,False,False,False,True,False,False,17.0
1152,2022-10-01,BK0072,Understanding Mathematics,Mathematics,11.0,11.0,13.0,9,1,0,0,69,0,4,2019,False,False,False,False,False,False,False,True,False,False,19.0
1272,2022-11-01,BK0072,Understanding Mathematics,Mathematics,17.0,11.0,15.666666666666666,10,1,0,0,69,0,1,2019,False,False,False,False,False,False,False,True,False,False,5.0
1392,2022-12-01,BK0072,Understanding Mathematics,Mathematics,19.0,17.0,13.666666666666666,11,0,1,0,69,1,2,2019,False,False,False,False,False,False,False,True,False,False,17.0
1512,2023-01-01,BK0072,Understanding Mathematics,Mathematics,5.0,19.0,13.666666666666666,12,0,0,1,69,0,0,2019,False,False,False,False,False,False,False,True,False,False,15.0
1632,2023-02-01,BK0072,Understanding Mathematics,Mathematics,17.0,5.0,12.333333333333334,13,0,0,1,69,0,0,2019,False,False,False,False,False,False,False,True,False,False,19.0
1752,2023-03-01,BK0072,Understanding Mathematics,Mathematics,15.0,17.0,17.0,14,0,0,1,69,0,2,2019,False,False,False,False,False,False,False,True,False,False,27.0
1872,2023-04-01,BK0072,Understanding Mathematics,Mathematics,19.0,15.0,20.333333333333332,15,1,0,1,69,2,7,2019,False,False,False,False,False,False,False,True,False,False,22.0
1992,2023-05-01,BK0072,Understanding Mathematics,Mathematics,27.0,19.0,22.666666666666668,16,1,0,1,69,1,2,2019,False,False,False,False,False,False,False,True,False,False,5.0
2112,2023-06-01,BK0072,Understanding Mathematics,Mathematics,22.0,27.0,18.0,17,0,1,1,69,0,1,2019,False,False,False,False,False,False,False,True,False,False,12.0
2232,2023-07-01,BK0072,Understanding Mathematics,Mathematics,5.0,22.0,13.0,18,0,0,0,69,0,2,2019,False,False,False,False,False,False,False,True,False,False,16.0
2352,2023-08-01,BK0072,Understanding Mathematics,Mathematics,12.0,5.0,11.0,19,0,0,0,69,1,2,2019,False,False,False,False,False,False,False,True,False,False,12.0
2472,2023-09-01,BK0072,Understanding Mathematics,Mathematics,16.0,12.0,13.333333333333334,20,0,0,0,69,0,1,2019,False,False,False,False,False,False,False,True,False,False,31.0
2592,2023-10-01,BK0072,Understanding Mathematics,Mathematics,12.0,16.0,19.666666666666668,21,1,0,0,69,0,5,2019,False,False,False,False,False,False,False,True,False,False,23.0
2712,2023-11-01,BK0072,Understanding Mathematics,Mathematics,31.0,12.0,22.0,22,1,0,0,69,0,5,2019,False,False,False,False,False,False,False,True,False,False,9.0
2832,2023-12-01,BK0072,Understanding Mathematics,Mathematics,23.0,31.0,21.0,23,0,1,0,69,1,1,2019,False,False,False,False,False,False,False,True,False,False,19.0
2952,2024-01-01,BK0072,Understanding Mathematics,Mathematics,9.0,23.0,17.0,24,0,0,1,69,0,5,2019,False,False,False,False,False,False,False,True,False,False,19.0
3072,2024-02-01,BK0072,Understanding Mathematics,Mathematics,19.0,9.0,15.666666666666666,25,0,0,1,69,1,4,2019,False,False,False,False,False,False,False,True,False,False,25.0
3192,2024-03-01,BK0072,Understanding Mathematics,Mathematics,19.0,19.0,21.0,26,0,0,1,69,0,3,2019,False,False,False,False,False,False,False,True,False,False,31.0
3312,2024-04-01,BK0072,Understanding Mathematics,Mathematics,25.0,19.0,25.0,27,1,0,1,69,0,4,2019,False,False,False,False,False,False,False,True,False,False,27.0
3432,2024-05-01,BK0072,Understanding Mathematics,Mathematics,31.0,25.0,27.666666666666668,28,1,0,1,69,0,3,2019,False,False,False,False,False,False,False,True,False,False,7.0
313,2022-03-01,BK0073,Introduction to Physics,Physics,13.0,7.0,10.333333333333334,2,0,0,1,32,1,3,2007,False,False,False,False,False,False,False,False,False,True,22.0
433,2022-04-01,BK0073,Introduction to Physics,Physics,11.0,13.0,15.333333333333334,3,1,0,1,32,0,3,2007,False,False,False,False,False,False,False,False,False,True,17.0
553,2022-05-01,BK0073,Introduction to Physics,Physics,22.0,11.0,16.666666666666668,4,1,0,1,32,0,1,2007,False,False,False,False,False,False,False,False,False,True,7.0
673,2022-06-01,BK0073,Introduction to Physics,Physics,17.0,22.0,15.333333333333334,5,0,1,1,32,0,2,2007,False,False,False,False,False,False,False,False,False,True,15.0
793,2022-07-01,BK0073,Introduction to Physics,Physics,7.0,17.0,13.0,6,0,0,0,32,1,4,2007,False,False,False,False,False,False,False,False,False,True,15.0
913,2022-08-01,BK0073,Introduction to Physics,Physics,15.0,7.0,12.333333333333334,7,0,0,0,32,0,0,2007,False,False,False,False,False,False,False,False,False,True,11.0
1033,2022-09-01,BK0073,Introduction to Physics,Physics,15.0,15.0,13.666666666666666,8,0,0,0,32,3,3,2007,False,False,False,False,False,False,False,False,False,True,17.0
1153,2022-10-01,BK0073,Introduction to Physics,Physics,11.0,15.0,14.333333333333334,9,1,0,0,32,0,2,2007,False,False,False,False,False,False,False,False,False,True,24.0
1273,2022-11-01,BK0073,Introduction to Physics,Physics,17.0,11.0,17.333333333333332,10,1,0,0,32,1,1,2007,False,False,False,False,False,False,False,False,False,True,0.0
1393,2022-12-01,BK0073,Introduction to Physics,Physics,24.0,17.0,13.666666666666666,11,0,1,0,32,0,0,2007,False,False,False,False,False,False,False,False,False,True,11.0
1513,2023-01-01,BK0073,Introduction to Physics,Physics,0.0,24.0,11.666666666666666,12,0,0,1,32,0,1,2007,False,False,False,False,False,False,False,False,False,True,10.0
1633,2023-02-01,BK0073,Introduction to Physics,Physics,11.0,0.0,7.0,13,0,0,1,32,0,1,2007,False,False,False,False,False,False,False,False,False,True,9.0
1753,2023-03-01,BK0073,Introduction to Physics,Physics,10.0,11.0,10.0,14,0,0,1,32,0,1,2007,False,False,False,False,False,False,False,False,False,True,14.0
1873,2023-04-01,BK0073,Introduction to Physics,Physics,9.0,10.0,11.0,15,1,0,1,32,1,4,2007,False,False,False,False,False,False,False,False,False,True,15.0
1993,2023-05-01,BK0073,Introduction to Physics,Physics,14.0,9.0,12.666666666666666,16,1,0,1,32,0,3,2007,False,False,False,False,False,False,False,False,False,True,5.0
2113,2023-06-01,BK0073,Introduction to Physics,Physics,15.0,14.0,11.333333333333334,17,0,1,1,32,0,0,2007,False,False,False,False,False,False,False,False,False,True,13.0
2233,2023-07-01,BK0073,Introduction to Physics,Physics,5.0,15.0,11.0,18,0,0,0,32,1,3,2007,False,False,False,False,False,False,False,False,False,True,9.0
2353,2023-08-01,BK0073,Introduction to Physics,Physics,13.0,5.0,9.0,19,0,0,0,32,1,1,2007,False,False,False,False,False,False,False,False,False,True,12.0
2473,2023-09-01,BK0073,Introduction to Physics,Physics,9.0,13.0,11.333333333333334,20,0,0,0,32,0,0,2007,False,False,False,False,False,False,False,False,False,True,11.0
2593,2023-10-01,BK0073,Introduction to Physics,Physics,12.0,9.0,10.666666666666666,21,1,0,0,32,0,2,2007,False,False,False,False,False,False,False,False,False,True,14.0
2713,2023-11-01,BK0073,Introduction to Physics,Physics,11.0,12.0,12.333333333333334,22,1,0,0,32,1,1,2007,False,False,False,False,False,False,False,False,False,True,5.0
2833,2023-12-01,BK0073,Introduction to Physics,Physics,14.0,11.0,10.0,23,0,1,0,32,0,0,2007,False,False,False,False,False,False,False,False,False,True,10.0
2953,2024-01-01,BK0073,Introduction to Physics,Physics,5.0,14.0,9.666666666666666,24,0,0,1,32,0,1,2007,False,False,False,False,False,False,False,False,False,True,10.0
3073,2024-02-01,BK0073,Introduction to Physics,Physics,10.0,5.0,8.333333333333334,25,0,0,1,32,0,1,2007,False,False,False,False,False,False,False,False,False,True,13.0
3193,2024-03-01,BK0073,Introduction to Physics,Physics,10.0,10.0,11.0,26,0,0,1,32,0,3,2007,False,False,False,False,False,False,False,False,False,True,16.0
3313,2024-04-01,BK0073,Introduction to Physics,Physics,13.0,10.0,13.0,27,1,0,1,32,1,3,2007,False,False,False,False,False,False,False,False,False,True,16.0
3433,2024-05-01,BK0073,Introduction to Physics,Physics,16.0,13.0,15.0,28,1,0,1,32,0,0,2007,False,False,False,False,False,False,False,False,False,True,8.0
314,2022-03-01,BK0074,Fundamentals of Physics,Physics,9.0,4.0,7.666666666666667,2,0,0,1,66,0,1,2000,False,False,False,False,False,False,False,False,False,True,10.0
434,2022-04-01,BK0074,Fundamentals of Physics,Physics,10.0,9.0,9.666666666666666,3,1,0,1,66,2,0,2000,False,False,False,False,False,False,False,False,False,True,13.0
554,2022-05-01,BK0074,Fundamentals of Physics,Physics,10.0,10.0,11.0,4,1,0,1,66,1,3,2000,False,False,False,False,False,False,False,False,False,True,3.0
674,2022-06-01,BK0074,Fundamentals of Physics,Physics,13.0,10.0,8.666666666666666,5,0,1,1,66,0,1,2000,False,False,False,False,False,False,False,False,False,True,6.0
794,2022-07-01,BK0074,Fundamentals of Physics,Physics,3.0,13.0,7.333333333333333,6,0,0,0,66,0,0,2000,False,False,False,False,False,False,False,False,False,True,9.0
914,2022-08-01,BK0074,Fundamentals of Physics,Physics,6.0,3.0,6.0,7,0,0,0,66,0,3,2000,False,False,False,False,False,False,False,False,False,True,6.0
1034,2022-09-01,BK0074,Fundamentals of Physics,Physics,9.0,6.0,7.0,8,0,0,0,66,0,0,2000,False,False,False,False,False,False,False,False,False,True,19.0
1154,2022-10-01,BK0074,Fundamentals of Physics,Physics,6.0,9.0,11.333333333333334,9,1,0,0,66,0,0,2000,False,False,False,False,False,False,False,False,False,True,15.0
1274,2022-11-01,BK0074,Fundamentals of Physics,Physics,19.0,6.0,13.333333333333334,10,1,0,0,66,1,3,2000,False,False,False,False,False,False,False,False,False,True,2.0
1394,2022-12-01,BK0074,Fundamentals of Physics,Physics,15.0,19.0,12.0,11,0,1,0,66,0,0,2000,False,False,False,False,False,False,False,False,False,True,7.0
1514,2023-01-01,BK0074,Fundamentals of Physics,Physics,2.0,15.0,8.0,12,0,0,1,66,0,1,2000,False,False,False,False,False,False,False,False,False,True,4.0
1634,2023-02-01,BK0074,Fundamentals of Physics,Physics,7.0,2.0,4.333333333333333,13,0,0,1,66,0,0,2000,False,False,False,False,False,False,False,False,False,True,7.0
1754,2023-03-01,BK0074,Fundamentals of Physics,Physics,4.0,7.0,6.0,14,0,0,1,66,0,1,2000,False,False,False,False,False,False,False,False,False,True,12.0
1874,2023-04-01,BK0074,Fundamentals of Physics,Physics,7.0,4.0,7.666666666666667,15,1,0,1,66,0,2,2000,False,False,False,False,False,False,False,False,False,True,10.0
1994,2023-05-01,BK0074,Fundamentals of Physics,Physics,12.0,7.0,9.666666666666666,16,1,0,1,66,0,1,2000,False,False,False,False,False,False,False,False,False,True,2.0
2114,2023-06-01,BK0074,Fundamentals of Physics,Physics,10.0,12.0,8.0,17,0,1,1,66,0,0,2000,False,False,False,False,False,False,False,False,False,True,14.0
2234,2023-07-01,BK0074,Fundamentals of Physics,Physics,2.0,10.0,8.666666666666666,18,0,0,0,66,0,2,2000,False,False,False,False,False,False,False,False,False,True,7.0
2354,2023-08-01,BK0074,Fundamentals of Physics,Physics,14.0,2.0,7.666666666666667,19,0,0,0,66,0,2,2000,False,False,False,False,False,False,False,False,False,True,11.0
2474,2023-09-01,BK0074,Fundamentals of Physics,Physics,7.0,14.0,10.666666666666666,20,0,0,0,66,1,0,2000,False,False,False,False,False,False,False,False,False,True,12.0
2594,2023-10-01,BK0074,Fundamentals of Physics,Physics,11.0,7.0,10.0,21,1,0,0,66,0,2,2000,False,False,False,False,False,False,False,False,False,True,16.0
2714,2023-11-01,BK0074,Fundamentals of Physics,Physics,12.0,11.0,13.0,22,1,0,0,66,1,3,2000,False,False,False,False,False,False,False,False,False,True,0.0
2834,2023-12-01,BK0074,Fundamentals of Physics,Physics,16.0,12.0,9.333333333333334,23,0,1,0,66,1,0,2000,False,False,False,False,False,False,False,False,False,True,8.0
2954,2024-01-01,BK0074,Fundamentals of Physics,Physics,0.0,16.0,8.0,24,0,0,1,66,0,1,2000,False,False,False,False,False,False,False,False,False,True,9.0
3074,2024-02-01,BK0074,Fundamentals of Physics,Physics,8.0,0.0,5.666666666666667,25,0,0,1,66,0,1,2000,False,False,False,False,False,False,False,False,False,True,10.0
3194,2024-03-01,BK0074,Fundamentals of Physics,Physics,9.0,8.0,9.0,26,0,0,1,66,0,1,2000,False,False,False,False,False,False,False,False,False,True,10.0
3314,2024-04-01,BK0074,Fundamentals of Physics,Physics,10.0,9.0,9.666666666666666,27,1,0,1,66,1,1,2000,False,False,False,False,False,False,False,False,False,True,17.0
3434,2024-05-01,BK0074,Fundamentals of Physics,Physics,10.0,10.0,12.333333333333334,28,1,0,1,66,0,3,2000,False,False,False,False,False,False,False,False,False,True,2.0
315,2022-03-01,BK0075,Physics: A Practical Approach,Physics,8.0,15.0,14.333333333333334,2,0,0,1,18,1,4,2010,False,False,False,False,False,False,False,False,False,True,16.0
435,2022-04-01,BK0075,Physics: A Practical Approach,Physics,20.0,8.0,14.666666666666666,3,1,0,1,18,0,2,2010,False,False,False,False,False,False,False,False,False,True,18.0
555,2022-05-01,BK0075,Physics: A Practical Approach,Physics,16.0,20.0,18.0,4,1,0,1,18,1,4,2010,False,False,False,False,False,False,False,False,False,True,2.0
675,2022-06-01,BK0075,Physics: A Practical Approach,Physics,18.0,16.0,12.0,5,0,1,1,18,0,1,2010,False,False,False,False,False,False,False,False,False,True,18.0
795,2022-07-01,BK0075,Physics: A Practical Approach,Physics,2.0,18.0,12.666666666666666,6,0,0,0,18,0,2,2010,False,False,False,False,False,False,False,False,False,True,15.0
915,2022-08-01,BK0075,Physics: A Practical Approach,Physics,18.0,2.0,11.666666666666666,7,0,0,0,18,1,2,2010,False,False,False,False,False,False,False,False,False,True,15.0
1035,2022-09-01,BK0075,Physics: A Practical Approach,Physics,15.0,18.0,16.0,8,0,0,0,18,1,3,2010,False,False,False,False,False,False,False,False,False,True,18.0
1155,2022-10-01,BK0075,Physics: A Practical Approach,Physics,15.0,15.0,16.0,9,1,0,0,18,0,1,2010,False,False,False,False,False,False,False,False,False,True,29.0
1275,2022-11-01,BK0075,Physics: A Practical Approach,Physics,18.0,15.0,20.666666666666668,10,1,0,0,18,3,3,2010,False,False,False,False,False,False,False,False,False,True,8.0
1395,2022-12-01,BK0075,Physics: A Practical Approach,Physics,29.0,18.0,18.333333333333332,11,0,1,0,18,1,0,2010,False,False,False,False,False,False,False,False,False,True,17.0
1515,2023-01-01,BK0075,Physics: A Practical Approach,Physics,8.0,29.0,18.0,12,0,0,1,18,1,0,2010,False,False,False,False,False,False,False,False,False,True,15.0
1635,2023-02-01,BK0075,Physics: A Practical Approach,Physics,17.0,8.0,13.333333333333334,13,0,0,1,18,0,1,2010,False,False,False,False,False,False,False,False,False,True,17.0
1755,2023-03-01,BK0075,Physics: A Practical Approach,Physics,15.0,17.0,16.333333333333332,14,0,0,1,18,0,1,2010,False,False,False,False,False,False,False,False,False,True,19.0
1875,2023-04-01,BK0075,Physics: A Practical Approach,Physics,17.0,15.0,17.0,15,1,0,1,18,0,6,2010,False,False,False,False,False,False,False,False,False,True,21.0
1995,2023-05-01,BK0075,Physics: A Practical Approach,Physics,19.0,17.0,19.0,16,1,0,1,18,1,3,2010,False,False,False,False,False,False,False,False,False,True,8.0
2115,2023-06-01,BK0075,Physics: A Practical Approach,Physics,21.0,19.0,16.0,17,0,1,1,18,0,1,2010,False,False,False,False,False,False,False,False,False,True,20.0
2235,2023-07-01,BK0075,Physics: A Practical Approach,Physics,8.0,21.0,16.333333333333332,18,0,0,0,18,2,2,2010,False,False,False,False,False,False,False,False,False,True,20.0
2355,2023-08-01,BK0075,Physics: A Practical Approach,Physics,20.0,8.0,16.0,19,0,0,0,18,0,2,2010,False,False,False,False,False,False,False,False,False,True,19.0
2475,2023-09-01,BK0075,Physics: A Practical Approach,Physics,20.0,20.0,19.666666666666668,20,0,0,0,18,1,1,2010,False,False,False,False,False,False,False,False,False,True,25.0
2595,2023-10-01,BK0075,Physics: A Practical Approach,Physics,19.0,20.0,21.333333333333332,21,1,0,0,18,4,3,2010,False,False,False,False,False,False,False,False,False,True,22.0
2715,2023-11-01,BK0075,Physics: A Practical Approach,Physics,25.0,19.0,22.0,22,1,0,0,18,4,9,2010,False,False,False,False,False,False,False,False,False,True,9.0
2835,2023-12-01,BK0075,Physics: A Practical Approach,Physics,22.0,25.0,18.666666666666668,23,0,1,0,18,1,2,2010,False,False,False,False,False,False,False,False,False,True,9.0
2955,2024-01-01,BK0075,Physics: A Practical Approach,Physics,9.0,22.0,13.333333333333334,24,0,0,1,18,1,1,2010,False,False,False,False,False,False,False,False,False,True,19.0
3075,2024-02-01,BK0075,Physics: A Practical Approach,Physics,9.0,9.0,12.333333333333334,25,0,0,1,18,1,4,2010,False,False,False,False,False,False,False,False,False,True,15.0
3195,2024-03-01,BK0075,Physics: A Practical Approach,Physics,19.0,9.0,14.333333333333334,26,0,0,1,18,1,1,2010,False,False,False,False,False,False,False,False,False,True,28.0
3315,2024-04-01,BK0075,Physics: A Practical Approach,Physics,15.0,19.0,20.666666666666668,27,1,0,1,18,5,5,2010,False,False,False,False,False,False,False,False,False,True,22.0
3435,2024-05-01,BK0075,Physics: A Practical Approach,Physics,28.0,15.0,21.666666666666668,28,1,0,1,18,6,4,2010,False,False,False,False,False,False,False,False,False,True,6.0
316,2022-03-01,BK0076,Advanced Physics,Physics,4.0,7.0,6.333333333333333,2,0,0,1,16,0,0,2000,False,False,False,False,False,False,False,False,False,True,9.0
436,2022-04-01,BK0076,Advanced Physics,Physics,8.0,4.0,7.0,3,1,0,1,16,1,1,2000,False,False,False,False,False,False,False,False,False,True,7.0
556,2022-05-01,BK0076,Advanced Physics,Physics,9.0,8.0,8.0,4,1,0,1,16,1,0,2000,False,False,False,False,False,False,False,False,False,True,5.0
676,2022-06-01,BK0076,Advanced Physics,Physics,7.0,9.0,7.0,5,0,1,1,16,2,0,2000,False,False,False,False,False,False,False,False,False,True,4.0
796,2022-07-01,BK0076,Advanced Physics,Physics,5.0,7.0,5.333333333333333,6,0,0,0,16,0,1,2000,False,False,False,False,False,False,False,False,False,True,9.0
916,2022-08-01,BK0076,Advanced Physics,Physics,4.0,5.0,6.0,7,0,0,0,16,0,2,2000,False,False,False,False,False,False,False,False,False,True,11.0
1036,2022-09-01,BK0076,Advanced Physics,Physics,9.0,4.0,8.0,8,0,0,0,16,2,1,2000,False,False,False,False,False,False,False,False,False,True,9.0
1156,2022-10-01,BK0076,Advanced Physics,Physics,11.0,9.0,9.666666666666666,9,1,0,0,16,0,0,2000,False,False,False,False,False,False,False,False,False,True,13.0
1276,2022-11-01,BK0076,Advanced Physics,Physics,9.0,11.0,11.0,10,1,0,0,16,0,2,2000,False,False,False,False,False,False,False,False,False,True,0.0
1396,2022-12-01,BK0076,Advanced Physics,Physics,13.0,9.0,7.333333333333333,11,0,1,0,16,0,0,2000,False,False,False,False,False,False,False,False,False,True,4.0
1516,2023-01-01,BK0076,Advanced Physics,Physics,0.0,13.0,5.666666666666667,12,0,0,1,16,1,0,2000,False,False,False,False,False,False,False,False,False,True,7.0
1636,2023-02-01,BK0076,Advanced Physics,Physics,4.0,0.0,3.6666666666666665,13,0,0,1,16,2,1,2000,False,False,False,False,False,False,False,False,False,True,6.0
1756,2023-03-01,BK0076,Advanced Physics,Physics,7.0,4.0,5.666666666666667,14,0,0,1,16,0,1,2000,False,False,False,False,False,False,False,False,False,True,7.0
1876,2023-04-01,BK0076,Advanced Physics,Physics,6.0,7.0,6.666666666666667,15,1,0,1,16,0,0,2000,False,False,False,False,False,False,False,False,False,True,5.0
1996,2023-05-01,BK0076,Advanced Physics,Physics,7.0,6.0,6.0,16,1,0,1,16,0,3,2000,False,False,False,False,False,False,False,False,False,True,2.0
2116,2023-06-01,BK0076,Advanced Physics,Physics,5.0,7.0,4.666666666666667,17,0,1,1,16,0,2,2000,False,False,False,False,False,False,False,False,False,True,4.0
2236,2023-07-01,BK0076,Advanced Physics,Physics,2.0,5.0,3.6666666666666665,18,0,0,0,16,0,2,2000,False,False,False,False,False,False,False,False,False,True,6.0
2356,2023-08-01,BK0076,Advanced Physics,Physics,4.0,2.0,4.0,19,0,0,0,16,0,1,2000,False,False,False,False,False,False,False,False,False,True,6.0
2476,2023-09-01,BK0076,Advanced Physics,Physics,6.0,4.0,5.333333333333333,20,0,0,0,16,0,1,2000,False,False,False,False,False,False,False,False,False,True,15.0
2596,2023-10-01,BK0076,Advanced Physics,Physics,6.0,6.0,9.0,21,1,0,0,16,1,1,2000,False,False,False,False,False,False,False,False,False,True,12.0
2716,2023-11-01,BK0076,Advanced Physics,Physics,15.0,6.0,11.0,22,1,0,0,16,0,4,2000,False,False,False,False,False,False,False,False,False,True,3.0
2836,2023-12-01,BK0076,Advanced Physics,Physics,12.0,15.0,10.0,23,0,1,0,16,0,0,2000,False,False,False,False,False,False,False,False,False,True,5.0
2956,2024-01-01,BK0076,Advanced Physics,Physics,3.0,12.0,6.666666666666667,24,0,0,1,16,1,0,2000,False,False,False,False,False,False,False,False,False,True,10.0
3076,2024-02-01,BK0076,Advanced Physics,Physics,5.0,3.0,6.0,25,0,0,1,16,0,1,2000,False,False,False,False,False,False,False,False,False,True,11.0
3196,2024-03-01,BK0076,Advanced Physics,Physics,10.0,5.0,8.666666666666666,26,0,0,1,16,1,1,2000,False,False,False,False,False,False,False,False,False,True,12.0
3316,2024-04-01,BK0076,Advanced Physics,Physics,11.0,10.0,11.0,27,1,0,1,16,1,4,2000,False,False,False,False,False,False,False,False,False,True,13.0
3436,2024-05-01,BK0076,Advanced Physics,Physics,12.0,11.0,12.0,28,1,0,1,16,0,3,2000,False,False,False,False,False,False,False,False,False,True,5.0
317,2022-03-01,BK0077,Principles of Physics,Physics,14.0,20.0,17.0,2,0,0,1,58,0,2,2007,False,False,False,False,False,False,False,False,False,True,28.0
437,2022-04-01,BK0077,Principles of Physics,Physics,17.0,14.0,19.666666666666668,3,1,0,1,58,0,3,2007,False,False,False,False,False,False,False,False,False,True,24.0
557,2022-05-01,BK0077,Principles of Physics,Physics,28.0,17.0,23.0,4,1,0,1,58,0,4,2007,False,False,False,False,False,False,False,False,False,True,3.0
677,2022-06-01,BK0077,Principles of Physics,Physics,24.0,28.0,18.333333333333332,5,0,1,1,58,1,2,2007,False,False,False,False,False,False,False,False,False,True,18.0
797,2022-07-01,BK0077,Principles of Physics,Physics,3.0,24.0,15.0,6,0,0,0,58,0,2,2007,False,False,False,False,False,False,False,False,False,True,15.0
917,2022-08-01,BK0077,Principles of Physics,Physics,18.0,3.0,12.0,7,0,0,0,58,1,2,2007,False,False,False,False,False,False,False,False,False,True,18.0
1037,2022-09-01,BK0077,Principles of Physics,Physics,15.0,18.0,17.0,8,0,0,0,58,0,4,2007,False,False,False,False,False,False,False,False,False,True,18.0
1157,2022-10-01,BK0077,Principles of Physics,Physics,18.0,15.0,17.0,9,1,0,0,58,0,0,2007,False,False,False,False,False,False,False,False,False,True,21.0
1277,2022-11-01,BK0077,Principles of Physics,Physics,18.0,18.0,19.0,10,1,0,0,58,0,2,2007,False,False,False,False,False,False,False,False,False,True,5.0
1397,2022-12-01,BK0077,Principles of Physics,Physics,21.0,18.0,14.666666666666666,11,0,1,0,58,0,0,2007,False,False,False,False,False,False,False,False,False,True,12.0
1517,2023-01-01,BK0077,Principles of Physics,Physics,5.0,21.0,12.666666666666666,12,0,0,1,58,0,2,2007,False,False,False,False,False,False,False,False,False,True,17.0
1637,2023-02-01,BK0077,Principles of Physics,Physics,12.0,5.0,11.333333333333334,13,0,0,1,58,0,3,2007,False,False,False,False,False,False,False,False,False,True,12.0
1757,2023-03-01,BK0077,Principles of Physics,Physics,17.0,12.0,13.666666666666666,14,0,0,1,58,0,1,2007,False,False,False,False,False,False,False,False,False,True,26.0
1877,2023-04-01,BK0077,Principles of Physics,Physics,12.0,17.0,18.333333333333332,15,1,0,1,58,1,1,2007,False,False,False,False,False,False,False,False,False,True,26.0
1997,2023-05-01,BK0077,Principles of Physics,Physics,26.0,12.0,21.333333333333332,16,1,0,1,58,0,8,2007,False,False,False,False,False,False,False,False,False,True,6.0
2117,2023-06-01,BK0077,Principles of Physics,Physics,26.0,26.0,19.333333333333332,17,0,1,1,58,0,2,2007,False,False,False,False,False,False,False,False,False,True,10.0
2237,2023-07-01,BK0077,Principles of Physics,Physics,6.0,26.0,14.0,18,0,0,0,58,0,1,2007,False,False,False,False,False,False,False,False,False,True,10.0
2357,2023-08-01,BK0077,Principles of Physics,Physics,10.0,6.0,8.666666666666666,19,0,0,0,58,0,2,2007,False,False,False,False,False,False,False,False,False,True,12.0
2477,2023-09-01,BK0077,Principles of Physics,Physics,10.0,10.0,10.666666666666666,20,0,0,0,58,0,4,2007,False,False,False,False,False,False,False,False,False,True,27.0
2597,2023-10-01,BK0077,Principles of Physics,Physics,12.0,10.0,16.333333333333332,21,1,0,0,58,0,4,2007,False,False,False,False,False,False,False,False,False,True,22.0
2717,2023-11-01,BK0077,Principles of Physics,Physics,27.0,12.0,20.333333333333332,22,1,0,0,58,0,3,2007,False,False,False,False,False,False,False,False,False,True,5.0
2837,2023-12-01,BK0077,Principles of Physics,Physics,22.0,27.0,18.0,23,0,1,0,58,0,1,2007,False,False,False,False,False,False,False,False,False,True,22.0
2957,2024-01-01,BK0077,Principles of Physics,Physics,5.0,22.0,16.333333333333332,24,0,0,1,58,0,1,2007,False,False,False,False,False,False,False,False,False,True,17.0
3077,2024-02-01,BK0077,Principles of Physics,Physics,22.0,5.0,14.666666666666666,25,0,0,1,58,0,6,2007,False,False,False,False,False,False,False,False,False,True,16.0
3197,2024-03-01,BK0077,Principles of Physics,Physics,17.0,22.0,18.333333333333332,26,0,0,1,58,0,4,2007,False,False,False,False,False,False,False,False,False,True,39.0
3317,2024-04-01,BK0077,Principles of Physics,Physics,16.0,17.0,24.0,27,1,0,1,58,0,5,2007,False,False,False,False,False,False,False,False,False,True,25.0
3437,2024-05-01,BK0077,Principles of Physics,Physics,39.0,16.0,26.666666666666668,28,1,0,1,58,0,2,2007,False,False,False,False,False,False,False,False,False,True,5.0
318,2022-03-01,BK0078,Physics for Engineers,Physics,22.0,22.0,21.666666666666668,2,0,0,1,40,0,4,1995,False,False,False,False,False,False,False,False,False,True,37.0
438,2022-04-01,BK0078,Physics for Engineers,Physics,21.0,22.0,26.666666666666668,3,1,0,1,40,0,6,1995,False,False,False,False,False,False,False,False,False,True,40.0
558,2022-05-01,BK0078,Physics for Engineers,Physics,37.0,21.0,32.666666666666664,4,1,0,1,40,0,3,1995,False,False,False,False,False,False,False,False,False,True,7.0
678,2022-06-01,BK0078,Physics for Engineers,Physics,40.0,37.0,28.0,5,0,1,1,40,0,1,1995,False,False,False,False,False,False,False,False,False,True,17.0
798,2022-07-01,BK0078,Physics for Engineers,Physics,7.0,40.0,21.333333333333332,6,0,0,0,40,0,2,1995,False,False,False,False,False,False,False,False,False,True,20.0
918,2022-08-01,BK0078,Physics for Engineers,Physics,17.0,7.0,14.666666666666666,7,0,0,0,40,1,2,1995,False,False,False,False,False,False,False,False,False,True,23.0
1038,2022-09-01,BK0078,Physics for Engineers,Physics,20.0,17.0,20.0,8,0,0,0,40,0,3,1995,False,False,False,False,False,False,False,False,False,True,34.0
1158,2022-10-01,BK0078,Physics for Engineers,Physics,23.0,20.0,25.666666666666668,9,1,0,0,40,0,2,1995,False,False,False,False,False,False,False,False,False,True,34.0
1278,2022-11-01,BK0078,Physics for Engineers,Physics,34.0,23.0,30.333333333333332,10,1,0,0,40,0,6,1995,False,False,False,False,False,False,False,False,False,True,9.0
1398,2022-12-01,BK0078,Physics for Engineers,Physics,34.0,34.0,25.666666666666668,11,0,1,0,40,0,0,1995,False,False,False,False,False,False,False,False,False,True,23.0
1518,2023-01-01,BK0078,Physics for Engineers,Physics,9.0,34.0,22.0,12,0,0,1,40,0,4,1995,False,False,False,False,False,False,False,False,False,True,19.0
1638,2023-02-01,BK0078,Physics for Engineers,Physics,23.0,9.0,17.0,13,0,0,1,40,0,3,1995,False,False,False,False,False,False,False,False,False,True,22.0
1758,2023-03-01,BK0078,Physics for Engineers,Physics,19.0,23.0,21.333333333333332,14,0,0,1,40,0,6,1995,False,False,False,False,False,False,False,False,False,True,40.0
1878,2023-04-01,BK0078,Physics for Engineers,Physics,22.0,19.0,27.0,15,1,0,1,40,0,4,1995,False,False,False,False,False,False,False,False,False,True,31.0
1998,2023-05-01,BK0078,Physics for Engineers,Physics,40.0,22.0,31.0,16,1,0,1,40,0,5,1995,False,False,False,False,False,False,False,False,False,True,2.0
2118,2023-06-01,BK0078,Physics for Engineers,Physics,31.0,40.0,24.333333333333332,17,0,1,1,40,1,0,1995,False,False,False,False,False,False,False,False,False,True,16.0
2238,2023-07-01,BK0078,Physics for Engineers,Physics,2.0,31.0,16.333333333333332,18,0,0,0,40,1,2,1995,False,False,False,False,False,False,False,False,False,True,29.0
2358,2023-08-01,BK0078,Physics for Engineers,Physics,16.0,2.0,15.666666666666666,19,0,0,0,40,1,3,1995,False,False,False,False,False,False,False,False,False,True,25.0
2478,2023-09-01,BK0078,Physics for Engineers,Physics,29.0,16.0,23.333333333333332,20,0,0,0,40,0,7,1995,False,False,False,False,False,False,False,False,False,True,39.0
2598,2023-10-01,BK0078,Physics for Engineers,Physics,25.0,29.0,31.0,21,1,0,0,40,0,7,1995,False,False,False,False,False,False,False,False,False,True,30.0
2718,2023-11-01,BK0078,Physics for Engineers,Physics,39.0,25.0,31.333333333333332,22,1,0,0,40,1,4,1995,False,False,False,False,False,False,False,False,False,True,4.0
2838,2023-12-01,BK0078,Physics for Engineers,Physics,30.0,39.0,24.333333333333332,23,0,1,0,40,0,0,1995,False,False,False,False,False,False,False,False,False,True,22.0
2958,2024-01-01,BK0078,Physics for Engineers,Physics,4.0,30.0,18.666666666666668,24,0,0,1,40,0,2,1995,False,False,False,False,False,False,False,False,False,True,21.0
3078,2024-02-01,BK0078,Physics for Engineers,Physics,22.0,4.0,15.666666666666666,25,0,0,1,40,0,5,1995,False,False,False,False,False,False,False,False,False,True,25.0
3198,2024-03-01,BK0078,Physics for Engineers,Physics,21.0,22.0,22.666666666666668,26,0,0,1,40,1,3,1995,False,False,False,False,False,False,False,False,False,True,32.0
3318,2024-04-01,BK0078,Physics for Engineers,Physics,25.0,21.0,26.0,27,1,0,1,40,0,3,1995,False,False,False,False,False,False,False,False,False,True,26.0
3438,2024-05-01,BK0078,Physics for Engineers,Physics,32.0,25.0,27.666666666666668,28,1,0,1,40,0,3,1995,False,False,False,False,False,False,False,False,False,True,10.0
319,2022-03-01,BK0079,Modern Physics,Physics,22.0,14.0,23.333333333333332,2,0,0,1,58,0,1,2004,False,False,False,False,False,False,False,False,False,True,33.0
439,2022-04-01,BK0079,Modern Physics,Physics,34.0,22.0,29.666666666666668,3,1,0,1,58,0,6,2004,False,False,False,False,False,False,False,False,False,True,31.0
559,2022-05-01,BK0079,Modern Physics,Physics,33.0,34.0,32.666666666666664,4,1,0,1,58,0,1,2004,False,False,False,False,False,False,False,False,False,True,11.0
679,2022-06-01,BK0079,Modern Physics,Physics,31.0,33.0,25.0,5,0,1,1,58,0,1,2004,False,False,False,False,False,False,False,False,False,True,23.0
799,2022-07-01,BK0079,Modern Physics,Physics,11.0,31.0,21.666666666666668,6,0,0,0,58,0,1,2004,False,False,False,False,False,False,False,False,False,True,30.0
919,2022-08-01,BK0079,Modern Physics,Physics,23.0,11.0,21.333333333333332,7,0,0,0,58,0,4,2004,False,False,False,False,False,False,False,False,False,True,30.0
1039,2022-09-01,BK0079,Modern Physics,Physics,30.0,23.0,27.666666666666668,8,0,0,0,58,0,3,2004,False,False,False,False,False,False,False,False,False,True,33.0
1159,2022-10-01,BK0079,Modern Physics,Physics,30.0,30.0,31.0,9,1,0,0,58,0,2,2004,False,False,False,False,False,False,False,False,False,True,25.0
1279,2022-11-01,BK0079,Modern Physics,Physics,33.0,30.0,29.333333333333332,10,1,0,0,58,0,3,2004,False,False,False,False,False,False,False,False,False,True,11.0
1399,2022-12-01,BK0079,Modern Physics,Physics,25.0,33.0,23.0,11,0,1,0,58,0,2,2004,False,False,False,False,False,False,False,False,False,True,15.0
1519,2023-01-01,BK0079,Modern Physics,Physics,11.0,25.0,17.0,12,0,0,1,58,0,3,2004,False,False,False,False,False,False,False,False,False,True,28.0
1639,2023-02-01,BK0079,Modern Physics,Physics,15.0,11.0,18.0,13,0,0,1,58,0,2,2004,False,False,False,False,False,False,False,False,False,True,21.0
1759,2023-03-01,BK0079,Modern Physics,Physics,28.0,15.0,21.333333333333332,14,0,0,1,58,0,1,2004,False,False,False,False,False,False,False,False,False,True,31.0
1879,2023-04-01,BK0079,Modern Physics,Physics,21.0,28.0,26.666666666666668,15,1,0,1,58,0,7,2004,False,False,False,False,False,False,False,False,False,True,48.0
1999,2023-05-01,BK0079,Modern Physics,Physics,31.0,21.0,33.333333333333336,16,1,0,1,58,0,7,2004,False,False,False,False,False,False,False,False,False,True,5.0
2119,2023-06-01,BK0079,Modern Physics,Physics,48.0,31.0,28.0,17,0,1,1,58,0,3,2004,False,False,False,False,False,False,False,False,False,True,31.0
2239,2023-07-01,BK0079,Modern Physics,Physics,5.0,48.0,28.0,18,0,0,0,58,0,11,2004,False,False,False,False,False,False,False,False,False,True,24.0
2359,2023-08-01,BK0079,Modern Physics,Physics,31.0,5.0,20.0,19,0,0,0,58,0,3,2004,False,False,False,False,False,False,False,False,False,True,23.0
2479,2023-09-01,BK0079,Modern Physics,Physics,24.0,31.0,26.0,20,0,0,0,58,0,5,2004,False,False,False,False,False,False,False,False,False,True,31.0
2599,2023-10-01,BK0079,Modern Physics,Physics,23.0,24.0,26.0,21,1,0,0,58,0,3,2004,False,False,False,False,False,False,False,False,False,True,46.0
2719,2023-11-01,BK0079,Modern Physics,Physics,31.0,23.0,33.333333333333336,22,1,0,0,58,0,2,2004,False,False,False,False,False,False,False,False,False,True,10.0
2839,2023-12-01,BK0079,Modern Physics,Physics,46.0,31.0,29.0,23,0,1,0,58,0,0,2004,False,False,False,False,False,False,False,False,False,True,17.0
2959,2024-01-01,BK0079,Modern Physics,Physics,10.0,46.0,24.333333333333332,24,0,0,1,58,0,1,2004,False,False,False,False,False,False,False,False,False,True,19.0
3079,2024-02-01,BK0079,Modern Physics,Physics,17.0,10.0,15.333333333333334,25,0,0,1,58,0,6,2004,False,False,False,False,False,False,False,False,False,True,15.0
3199,2024-03-01,BK0079,Modern Physics,Physics,19.0,17.0,17.0,26,0,0,1,58,0,2,2004,False,False,False,False,False,False,False,False,False,True,34.0
3319,2024-04-01,BK0079,Modern Physics,Physics,15.0,19.0,22.666666666666668,27,1,0,1,58,1,5,2004,False,False,False,False,False,False,False,False,False,True,34.0
3439,2024-05-01,BK0079,Modern Physics,Physics,34.0,15.0,27.666666666666668,28,1,0,1,58,0,1,2004,False,False,False,False,False,False,False,False,False,True,6.0
320,2022-03-01,BK0080,Applied Physics,Physics,29.0,14.0,20.333333333333332,2,0,0,1,52,2,6,2018,False,False,False,False,False,False,False,False,False,True,26.0
440,2022-04-01,BK0080,Applied Physics,Physics,18.0,29.0,24.333333333333332,3,1,0,1,52,1,3,2018,False,False,False,False,False,False,False,False,False,True,26.0
560,2022-05-01,BK0080,Applied Physics,Physics,26.0,18.0,23.333333333333332,4,1,0,1,52,1,5,2018,False,False,False,False,False,False,False,False,False,True,13.0
680,2022-06-01,BK0080,Applied Physics,Physics,26.0,26.0,21.666666666666668,5,0,1,1,52,0,1,2018,False,False,False,False,False,False,False,False,False,True,16.0
800,2022-07-01,BK0080,Applied Physics,Physics,13.0,26.0,18.333333333333332,6,0,0,0,52,0,3,2018,False,False,False,False,False,False,False,False,False,True,21.0
920,2022-08-01,BK0080,Applied Physics,Physics,16.0,13.0,16.666666666666668,7,0,0,0,52,0,3,2018,False,False,False,False,False,False,False,False,False,True,19.0
1040,2022-09-01,BK0080,Applied Physics,Physics,21.0,16.0,18.666666666666668,8,0,0,0,52,0,2,2018,False,False,False,False,False,False,False,False,False,True,30.0
1160,2022-10-01,BK0080,Applied Physics,Physics,19.0,21.0,23.333333333333332,9,1,0,0,52,0,2,2018,False,False,False,False,False,False,False,False,False,True,29.0
1280,2022-11-01,BK0080,Applied Physics,Physics,30.0,19.0,26.0,10,1,0,0,52,1,2,2018,False,False,False,False,False,False,False,False,False,True,6.0
1400,2022-12-01,BK0080,Applied Physics,Physics,29.0,30.0,21.666666666666668,11,0,1,0,52,0,1,2018,False,False,False,False,False,False,False,False,False,True,17.0
1520,2023-01-01,BK0080,Applied Physics,Physics,6.0,29.0,17.333333333333332,12,0,0,1,52,0,0,2018,False,False,False,False,False,False,False,False,False,True,28.0
1640,2023-02-01,BK0080,Applied Physics,Physics,17.0,6.0,17.0,13,0,0,1,52,0,2,2018,False,False,False,False,False,False,False,False,False,True,34.0
1760,2023-03-01,BK0080,Applied Physics,Physics,28.0,17.0,26.333333333333332,14,0,0,1,52,1,10,2018,False,False,False,False,False,False,False,False,False,True,47.0
1880,2023-04-01,BK0080,Applied Physics,Physics,34.0,28.0,36.333333333333336,15,1,0,1,52,0,5,2018,False,False,False,False,False,False,False,False,False,True,33.0
2000,2023-05-01,BK0080,Applied Physics,Physics,47.0,34.0,38.0,16,1,0,1,52,1,4,2018,False,False,False,False,False,False,False,False,False,True,8.0
2120,2023-06-01,BK0080,Applied Physics,Physics,33.0,47.0,29.333333333333332,17,0,1,1,52,0,0,2018,False,False,False,False,False,False,False,False,False,True,24.0
2240,2023-07-01,BK0080,Applied Physics,Physics,8.0,33.0,21.666666666666668,18,0,0,0,52,0,3,2018,False,False,False,False,False,False,False,False,False,True,29.0
2360,2023-08-01,BK0080,Applied Physics,Physics,24.0,8.0,20.333333333333332,19,0,0,0,52,0,2,2018,False,False,False,False,False,False,False,False,False,True,28.0
2480,2023-09-01,BK0080,Applied Physics,Physics,29.0,24.0,27.0,20,0,0,0,52,0,7,2018,False,False,False,False,False,False,False,False,False,True,37.0
2600,2023-10-01,BK0080,Applied Physics,Physics,28.0,29.0,31.333333333333332,21,1,0,0,52,0,1,2018,False,False,False,False,False,False,False,False,False,True,34.0
2720,2023-11-01,BK0080,Applied Physics,Physics,37.0,28.0,33.0,22,1,0,0,52,0,2,2018,False,False,False,False,False,False,False,False,False,True,7.0
2840,2023-12-01,BK0080,Applied Physics,Physics,34.0,37.0,26.0,23,0,1,0,52,2,2,2018,False,False,False,False,False,False,False,False,False,True,25.0
2960,2024-01-01,BK0080,Applied Physics,Physics,7.0,34.0,22.0,24,0,0,1,52,0,5,2018,False,False,False,False,False,False,False,False,False,True,25.0
3080,2024-02-01,BK0080,Applied Physics,Physics,25.0,7.0,19.0,25,0,0,1,52,1,4,2018,False,False,False,False,False,False,False,False,False,True,28.0
3200,2024-03-01,BK0080,Applied Physics,Physics,25.0,25.0,26.0,26,0,0,1,52,0,6,2018,False,False,False,False,False,False,False,False,False,True,48.0
3320,2024-04-01,BK0080,Applied Physics,Physics,28.0,25.0,33.666666666666664,27,1,0,1,52,0,8,2018,False,False,False,False,False,False,False,False,False,True,50.0
3440,2024-05-01,BK0080,Applied Physics,Physics,48.0,28.0,42.0,28,1,0,1,52,0,9,2018,False,False,False,False,False,False,False,False,False,True,8.0
321,2022-03-01,BK0081,Physics Concepts and Applications,Physics,29.0,26.0,25.0,2,0,0,1,49,0,5,2006,False,False,False,False,False,False,False,False,False,True,29.0
441,2022-04-01,BK0081,Physics Concepts and Applications,Physics,20.0,29.0,26.0,3,1,0,1,49,0,5,2006,False,False,False,False,False,False,False,False,False,True,39.0
561,2022-05-01,BK0081,Physics Concepts and Applications,Physics,29.0,20.0,29.333333333333332,4,1,0,1,49,1,8,2006,False,False,False,False,False,False,False,False,False,True,7.0
681,2022-06-01,BK0081,Physics Concepts and Applications,Physics,39.0,29.0,25.0,5,0,1,1,49,0,0,2006,False,False,False,False,False,False,False,False,False,True,30.0
801,2022-07-01,BK0081,Physics Concepts and Applications,Physics,7.0,39.0,25.333333333333332,6,0,0,0,49,0,3,2006,False,False,False,False,False,False,False,False,False,True,16.0
921,2022-08-01,BK0081,Physics Concepts and Applications,Physics,30.0,7.0,17.666666666666668,7,0,0,0,49,0,0,2006,False,False,False,False,False,False,False,False,False,True,19.0
1041,2022-09-01,BK0081,Physics Concepts and Applications,Physics,16.0,30.0,21.666666666666668,8,0,0,0,49,0,0,2006,False,False,False,False,False,False,False,False,False,True,31.0
1161,2022-10-01,BK0081,Physics Concepts and Applications,Physics,19.0,16.0,22.0,9,1,0,0,49,0,3,2006,False,False,False,False,False,False,False,False,False,True,28.0
1281,2022-11-01,BK0081,Physics Concepts and Applications,Physics,31.0,19.0,26.0,10,1,0,0,49,0,5,2006,False,False,False,False,False,False,False,False,False,True,9.0
1401,2022-12-01,BK0081,Physics Concepts and Applications,Physics,28.0,31.0,22.666666666666668,11,0,1,0,49,2,2,2006,False,False,False,False,False,False,False,False,False,True,29.0
1521,2023-01-01,BK0081,Physics Concepts and Applications,Physics,9.0,28.0,22.0,12,0,0,1,49,0,8,2006,False,False,False,False,False,False,False,False,False,True,22.0
1641,2023-02-01,BK0081,Physics Concepts and Applications,Physics,29.0,9.0,20.0,13,0,0,1,49,0,4,2006,False,False,False,False,False,False,False,False,False,True,26.0
1761,2023-03-01,BK0081,Physics Concepts and Applications,Physics,22.0,29.0,25.666666666666668,14,0,0,1,49,0,4,2006,False,False,False,False,False,False,False,False,False,True,38.0
1881,2023-04-01,BK0081,Physics Concepts and Applications,Physics,26.0,22.0,28.666666666666668,15,1,0,1,49,0,7,2006,False,False,False,False,False,False,False,False,False,True,34.0
2001,2023-05-01,BK0081,Physics Concepts and Applications,Physics,38.0,26.0,32.666666666666664,16,1,0,1,49,0,4,2006,False,False,False,False,False,False,False,False,False,True,15.0
2121,2023-06-01,BK0081,Physics Concepts and Applications,Physics,34.0,38.0,29.0,17,0,1,1,49,0,0,2006,False,False,False,False,False,False,False,False,False,True,17.0
2241,2023-07-01,BK0081,Physics Concepts and Applications,Physics,15.0,34.0,22.0,18,0,0,0,49,1,2,2006,False,False,False,False,False,False,False,False,False,True,23.0
2361,2023-08-01,BK0081,Physics Concepts and Applications,Physics,17.0,15.0,18.333333333333332,19,0,0,0,49,0,6,2006,False,False,False,False,False,False,False,False,False,True,23.0
2481,2023-09-01,BK0081,Physics Concepts and Applications,Physics,23.0,17.0,21.0,20,0,0,0,49,0,4,2006,False,False,False,False,False,False,False,False,False,True,32.0
2601,2023-10-01,BK0081,Physics Concepts and Applications,Physics,23.0,23.0,26.0,21,1,0,0,49,0,8,2006,False,False,False,False,False,False,False,False,False,True,35.0
2721,2023-11-01,BK0081,Physics Concepts and Applications,Physics,32.0,23.0,30.0,22,1,0,0,49,0,3,2006,False,False,False,False,False,False,False,False,False,True,10.0
2841,2023-12-01,BK0081,Physics Concepts and Applications,Physics,35.0,32.0,25.666666666666668,23,0,1,0,49,0,1,2006,False,False,False,False,False,False,False,False,False,True,23.0
2961,2024-01-01,BK0081,Physics Concepts and Applications,Physics,10.0,35.0,22.666666666666668,24,0,0,1,49,0,2,2006,False,False,False,False,False,False,False,False,False,True,22.0
3081,2024-02-01,BK0081,Physics Concepts and Applications,Physics,23.0,10.0,18.333333333333332,25,0,0,1,49,0,2,2006,False,False,False,False,False,False,False,False,False,True,16.0
3201,2024-03-01,BK0081,Physics Concepts and Applications,Physics,22.0,23.0,20.333333333333332,26,0,0,1,49,0,1,2006,False,False,False,False,False,False,False,False,False,True,39.0
3321,2024-04-01,BK0081,Physics Concepts and Applications,Physics,16.0,22.0,25.666666666666668,27,1,0,1,49,1,8,2006,False,False,False,False,False,False,False,False,False,True,35.0
3441,2024-05-01,BK0081,Physics Concepts and Applications,Physics,39.0,16.0,30.0,28,1,0,1,49,0,4,2006,False,False,False,False,False,False,False,False,False,True,13.0
322,2022-03-01,BK0082,Essentials of Physics,Physics,17.0,14.0,14.333333333333334,2,0,0,1,44,1,0,2008,False,False,False,False,False,False,False,False,False,True,25.0
442,2022-04-01,BK0082,Essentials of Physics,Physics,12.0,17.0,18.0,3,1,0,1,44,0,4,2008,False,False,False,False,False,False,False,False,False,True,15.0
562,2022-05-01,BK0082,Essentials of Physics,Physics,25.0,12.0,17.333333333333332,4,1,0,1,44,0,2,2008,False,False,False,False,False,False,False,False,False,True,4.0
682,2022-06-01,BK0082,Essentials of Physics,Physics,15.0,25.0,14.666666666666666,5,0,1,1,44,1,2,2008,False,False,False,False,False,False,False,False,False,True,12.0
802,2022-07-01,BK0082,Essentials of Physics,Physics,4.0,15.0,10.333333333333334,6,0,0,0,44,0,1,2008,False,False,False,False,False,False,False,False,False,True,12.0
922,2022-08-01,BK0082,Essentials of Physics,Physics,12.0,4.0,9.333333333333334,7,0,0,0,44,0,2,2008,False,False,False,False,False,False,False,False,False,True,17.0
1042,2022-09-01,BK0082,Essentials of Physics,Physics,12.0,12.0,13.666666666666666,8,0,0,0,44,1,3,2008,False,False,False,False,False,False,False,False,False,True,18.0
1162,2022-10-01,BK0082,Essentials of Physics,Physics,17.0,12.0,15.666666666666666,9,1,0,0,44,1,5,2008,False,False,False,False,False,False,False,False,False,True,17.0
1282,2022-11-01,BK0082,Essentials of Physics,Physics,18.0,17.0,17.333333333333332,10,1,0,0,44,0,4,2008,False,False,False,False,False,False,False,False,False,True,8.0
1402,2022-12-01,BK0082,Essentials of Physics,Physics,17.0,18.0,14.333333333333334,11,0,1,0,44,0,1,2008,False,False,False,False,False,False,False,False,False,True,11.0
1522,2023-01-01,BK0082,Essentials of Physics,Physics,8.0,17.0,12.0,12,0,0,1,44,0,5,2008,False,False,False,False,False,False,False,False,False,True,12.0
1642,2023-02-01,BK0082,Essentials of Physics,Physics,11.0,8.0,10.333333333333334,13,0,0,1,44,1,2,2008,False,False,False,False,False,False,False,False,False,True,23.0
1762,2023-03-01,BK0082,Essentials of Physics,Physics,12.0,11.0,15.333333333333334,14,0,0,1,44,0,4,2008,False,False,False,False,False,False,False,False,False,True,28.0
1882,2023-04-01,BK0082,Essentials of Physics,Physics,23.0,12.0,21.0,15,1,0,1,44,0,3,2008,False,False,False,False,False,False,False,False,False,True,16.0
2002,2023-05-01,BK0082,Essentials of Physics,Physics,28.0,23.0,22.333333333333332,16,1,0,1,44,0,1,2008,False,False,False,False,False,False,False,False,False,True,4.0
2122,2023-06-01,BK0082,Essentials of Physics,Physics,16.0,28.0,16.0,17,0,1,1,44,1,0,2008,False,False,False,False,False,False,False,False,False,True,16.0
2242,2023-07-01,BK0082,Essentials of Physics,Physics,4.0,16.0,12.0,18,0,0,0,44,1,4,2008,False,False,False,False,False,False,False,False,False,True,5.0
2362,2023-08-01,BK0082,Essentials of Physics,Physics,16.0,4.0,8.333333333333334,19,0,0,0,44,0,1,2008,False,False,False,False,False,False,False,False,False,True,10.0
2482,2023-09-01,BK0082,Essentials of Physics,Physics,5.0,16.0,10.333333333333334,20,0,0,0,44,1,1,2008,False,False,False,False,False,False,False,False,False,True,23.0
2602,2023-10-01,BK0082,Essentials of Physics,Physics,10.0,5.0,12.666666666666666,21,1,0,0,44,2,1,2008,False,False,False,False,False,False,False,False,False,True,23.0
2722,2023-11-01,BK0082,Essentials of Physics,Physics,23.0,10.0,18.666666666666668,22,1,0,0,44,0,2,2008,False,False,False,False,False,False,False,False,False,True,5.0
2842,2023-12-01,BK0082,Essentials of Physics,Physics,23.0,23.0,17.0,23,0,1,0,44,0,0,2008,False,False,False,False,False,False,False,False,False,True,11.0
2962,2024-01-01,BK0082,Essentials of Physics,Physics,5.0,23.0,13.0,24,0,0,1,44,0,2,2008,False,False,False,False,False,False,False,False,False,True,9.0
3082,2024-02-01,BK0082,Essentials of Physics,Physics,11.0,5.0,8.333333333333334,25,0,0,1,44,0,0,2008,False,False,False,False,False,False,False,False,False,True,13.0
3202,2024-03-01,BK0082,Essentials of Physics,Physics,9.0,11.0,11.0,26,0,0,1,44,0,0,2008,False,False,False,False,False,False,False,False,False,True,23.0
3322,2024-04-01,BK0082,Essentials of Physics,Physics,13.0,9.0,15.0,27,1,0,1,44,1,6,2008,False,False,False,False,False,False,False,False,False,True,30.0
3442,2024-05-01,BK0082,Essentials of Physics,Physics,23.0,13.0,22.0,28,1,0,1,44,0,3,2008,False,False,False,False,False,False,False,False,False,True,6.0
323,2022-03-01,BK0083,Physics: Theory and Practice,Physics,9.0,13.0,10.666666666666666,2,0,0,1,53,0,2,2002,False,False,False,False,False,False,False,False,False,True,21.0
443,2022-04-01,BK0083,Physics: Theory and Practice,Physics,10.0,9.0,13.333333333333334,3,1,0,1,53,1,4,2002,False,False,False,False,False,False,False,False,False,True,19.0
563,2022-05-01,BK0083,Physics: Theory and Practice,Physics,21.0,10.0,16.666666666666668,4,1,0,1,53,1,2,2002,False,False,False,False,False,False,False,False,False,True,6.0
683,2022-06-01,BK0083,Physics: Theory and Practice,Physics,19.0,21.0,15.333333333333334,5,0,1,1,53,0,0,2002,False,False,False,False,False,False,False,False,False,True,13.0
803,2022-07-01,BK0083,Physics: Theory and Practice,Physics,6.0,19.0,12.666666666666666,6,0,0,0,53,1,0,2002,False,False,False,False,False,False,False,False,False,True,6.0
923,2022-08-01,BK0083,Physics: Theory and Practice,Physics,13.0,6.0,8.333333333333334,7,0,0,0,53,0,3,2002,False,False,False,False,False,False,False,False,False,True,10.0
1043,2022-09-01,BK0083,Physics: Theory and Practice,Physics,6.0,13.0,9.666666666666666,8,0,0,0,53,0,2,2002,False,False,False,False,False,False,False,False,False,True,13.0
1163,2022-10-01,BK0083,Physics: Theory and Practice,Physics,10.0,6.0,9.666666666666666,9,1,0,0,53,0,0,2002,False,False,False,False,False,False,False,False,False,True,16.0
1283,2022-11-01,BK0083,Physics: Theory and Practice,Physics,13.0,10.0,13.0,10,1,0,0,53,0,4,2002,False,False,False,False,False,False,False,False,False,True,1.0
1403,2022-12-01,BK0083,Physics: Theory and Practice,Physics,16.0,13.0,10.0,11,0,1,0,53,0,1,2002,False,False,False,False,False,False,False,False,False,True,12.0
1523,2023-01-01,BK0083,Physics: Theory and Practice,Physics,1.0,16.0,9.666666666666666,12,0,0,1,53,1,1,2002,False,False,False,False,False,False,False,False,False,True,16.0
1643,2023-02-01,BK0083,Physics: Theory and Practice,Physics,12.0,1.0,9.666666666666666,13,0,0,1,53,0,3,2002,False,False,False,False,False,False,False,False,False,True,12.0
1763,2023-03-01,BK0083,Physics: Theory and Practice,Physics,16.0,12.0,13.333333333333334,14,0,0,1,53,0,2,2002,False,False,False,False,False,False,False,False,False,True,14.0
1883,2023-04-01,BK0083,Physics: Theory and Practice,Physics,12.0,16.0,14.0,15,1,0,1,53,0,0,2002,False,False,False,False,False,False,False,False,False,True,13.0
2003,2023-05-01,BK0083,Physics: Theory and Practice,Physics,14.0,12.0,13.0,16,1,0,1,53,0,2,2002,False,False,False,False,False,False,False,False,False,True,4.0
2123,2023-06-01,BK0083,Physics: Theory and Practice,Physics,13.0,14.0,10.333333333333334,17,0,1,1,53,0,1,2002,False,False,False,False,False,False,False,False,False,True,7.0
2243,2023-07-01,BK0083,Physics: Theory and Practice,Physics,4.0,13.0,8.0,18,0,0,0,53,0,1,2002,False,False,False,False,False,False,False,False,False,True,12.0
2363,2023-08-01,BK0083,Physics: Theory and Practice,Physics,7.0,4.0,7.666666666666667,19,0,0,0,53,1,1,2002,False,False,False,False,False,False,False,False,False,True,13.0
2483,2023-09-01,BK0083,Physics: Theory and Practice,Physics,12.0,7.0,10.666666666666666,20,0,0,0,53,0,2,2002,False,False,False,False,False,False,False,False,False,True,20.0
2603,2023-10-01,BK0083,Physics: Theory and Practice,Physics,13.0,12.0,15.0,21,1,0,0,53,0,3,2002,False,False,False,False,False,False,False,False,False,True,17.0
2723,2023-11-01,BK0083,Physics: Theory and Practice,Physics,20.0,13.0,16.666666666666668,22,1,0,0,53,0,3,2002,False,False,False,False,False,False,False,False,False,True,4.0
2843,2023-12-01,BK0083,Physics: Theory and Practice,Physics,17.0,20.0,13.666666666666666,23,0,1,0,53,0,1,2002,False,False,False,False,False,False,False,False,False,True,11.0
2963,2024-01-01,BK0083,Physics: Theory and Practice,Physics,4.0,17.0,10.666666666666666,24,0,0,1,53,0,1,2002,False,False,False,False,False,False,False,False,False,True,6.0
3083,2024-02-01,BK0083,Physics: Theory and Practice,Physics,11.0,4.0,7.0,25,0,0,1,53,0,2,2002,False,False,False,False,False,False,False,False,False,True,6.0
3203,2024-03-01,BK0083,Physics: Theory and Practice,Physics,6.0,11.0,7.666666666666667,26,0,0,1,53,0,0,2002,False,False,False,False,False,False,False,False,False,True,23.0
3323,2024-04-01,BK0083,Physics: Theory and Practice,Physics,6.0,6.0,11.666666666666666,27,1,0,1,53,2,1,2002,False,False,False,False,False,False,False,False,False,True,20.0
3443,2024-05-01,BK0083,Physics: Theory and Practice,Physics,23.0,6.0,16.333333333333332,28,1,0,1,53,0,2,2002,False,False,False,False,False,False,False,False,False,True,4.0
324,2022-03-01,BK0084,Understanding Physics,Physics,5.0,8.0,8.333333333333334,2,0,0,1,69,1,2,2009,False,False,False,False,False,False,False,False,False,True,13.0
444,2022-04-01,BK0084,Understanding Physics,Physics,12.0,5.0,10.0,3,1,0,1,69,0,3,2009,False,False,False,False,False,False,False,False,False,True,7.0
564,2022-05-01,BK0084,Understanding Physics,Physics,13.0,12.0,10.666666666666666,4,1,0,1,69,0,1,2009,False,False,False,False,False,False,False,False,False,True,2.0
684,2022-06-01,BK0084,Understanding Physics,Physics,7.0,13.0,7.333333333333333,5,0,1,1,69,0,1,2009,False,False,False,False,False,False,False,False,False,True,11.0
804,2022-07-01,BK0084,Understanding Physics,Physics,2.0,7.0,6.666666666666667,6,0,0,0,69,1,3,2009,False,False,False,False,False,False,False,False,False,True,10.0
924,2022-08-01,BK0084,Understanding Physics,Physics,11.0,2.0,7.666666666666667,7,0,0,0,69,1,5,2009,False,False,False,False,False,False,False,False,False,True,13.0
1044,2022-09-01,BK0084,Understanding Physics,Physics,10.0,11.0,11.333333333333334,8,0,0,0,69,0,1,2009,False,False,False,False,False,False,False,False,False,True,20.0
1164,2022-10-01,BK0084,Understanding Physics,Physics,13.0,10.0,14.333333333333334,9,1,0,0,69,0,5,2009,False,False,False,False,False,False,False,False,False,True,13.0
1284,2022-11-01,BK0084,Understanding Physics,Physics,20.0,13.0,15.333333333333334,10,1,0,0,69,1,2,2009,False,False,False,False,False,False,False,False,False,True,1.0
1404,2022-12-01,BK0084,Understanding Physics,Physics,13.0,20.0,11.333333333333334,11,0,1,0,69,1,0,2009,False,False,False,False,False,False,False,False,False,True,12.0
1524,2023-01-01,BK0084,Understanding Physics,Physics,1.0,13.0,8.666666666666666,12,0,0,1,69,0,4,2009,False,False,False,False,False,False,False,False,False,True,13.0
1644,2023-02-01,BK0084,Understanding Physics,Physics,12.0,1.0,8.666666666666666,13,0,0,1,69,0,2,2009,False,False,False,False,False,False,False,False,False,True,10.0
1764,2023-03-01,BK0084,Understanding Physics,Physics,13.0,12.0,11.666666666666666,14,0,0,1,69,0,1,2009,False,False,False,False,False,False,False,False,False,True,18.0
1884,2023-04-01,BK0084,Understanding Physics,Physics,10.0,13.0,13.666666666666666,15,1,0,1,69,0,3,2009,False,False,False,False,False,False,False,False,False,True,17.0
2004,2023-05-01,BK0084,Understanding Physics,Physics,18.0,10.0,15.0,16,1,0,1,69,1,0,2009,False,False,False,False,False,False,False,False,False,True,3.0
2124,2023-06-01,BK0084,Understanding Physics,Physics,17.0,18.0,12.666666666666666,17,0,1,1,69,0,0,2009,False,False,False,False,False,False,False,False,False,True,5.0
2244,2023-07-01,BK0084,Understanding Physics,Physics,3.0,17.0,8.333333333333334,18,0,0,0,69,0,1,2009,False,False,False,False,False,False,False,False,False,True,12.0
2364,2023-08-01,BK0084,Understanding Physics,Physics,5.0,3.0,6.666666666666667,19,0,0,0,69,0,2,2009,False,False,False,False,False,False,False,False,False,True,3.0
2484,2023-09-01,BK0084,Understanding Physics,Physics,12.0,5.0,6.666666666666667,20,0,0,0,69,0,0,2009,False,False,False,False,False,False,False,False,False,True,16.0
2604,2023-10-01,BK0084,Understanding Physics,Physics,3.0,12.0,10.333333333333334,21,1,0,0,69,0,2,2009,False,False,False,False,False,False,False,False,False,True,13.0
2724,2023-11-01,BK0084,Understanding Physics,Physics,16.0,3.0,10.666666666666666,22,1,0,0,69,0,1,2009,False,False,False,False,False,False,False,False,False,True,4.0
2844,2023-12-01,BK0084,Understanding Physics,Physics,13.0,16.0,11.0,23,0,1,0,69,1,1,2009,False,False,False,False,False,False,False,False,False,True,7.0
2964,2024-01-01,BK0084,Understanding Physics,Physics,4.0,13.0,8.0,24,0,0,1,69,0,0,2009,False,False,False,False,False,False,False,False,False,True,14.0
3084,2024-02-01,BK0084,Understanding Physics,Physics,7.0,4.0,8.333333333333334,25,0,0,1,69,0,2,2009,False,False,False,False,False,False,False,False,False,True,7.0
3204,2024-03-01,BK0084,Understanding Physics,Physics,14.0,7.0,9.333333333333334,26,0,0,1,69,1,1,2009,False,False,False,False,False,False,False,False,False,True,16.0
3324,2024-04-01,BK0084,Understanding Physics,Physics,7.0,14.0,12.333333333333334,27,1,0,1,69,1,3,2009,False,False,False,False,False,False,False,False,False,True,12.0
3444,2024-05-01,BK0084,Understanding Physics,Physics,16.0,7.0,11.666666666666666,28,1,0,1,69,0,3,2009,False,False,False,False,False,False,False,False,False,True,4.0
325,2022-03-01,BK0085,Introduction to Chemistry,Chemistry,19.0,13.0,16.333333333333332,2,0,0,1,61,0,2,2009,False,True,False,False,False,False,False,False,False,False,27.0
445,2022-04-01,BK0085,Introduction to Chemistry,Chemistry,17.0,19.0,21.0,3,1,0,1,61,0,4,2009,False,True,False,False,False,False,False,False,False,False,23.0
565,2022-05-01,BK0085,Introduction to Chemistry,Chemistry,27.0,17.0,22.333333333333332,4,1,0,1,61,0,3,2009,False,True,False,False,False,False,False,False,False,False,5.0
685,2022-06-01,BK0085,Introduction to Chemistry,Chemistry,23.0,27.0,18.333333333333332,5,0,1,1,61,0,1,2009,False,True,False,False,False,False,False,False,False,False,24.0
805,2022-07-01,BK0085,Introduction to Chemistry,Chemistry,5.0,23.0,17.333333333333332,6,0,0,0,61,0,4,2009,False,True,False,False,False,False,False,False,False,False,19.0
925,2022-08-01,BK0085,Introduction to Chemistry,Chemistry,24.0,5.0,16.0,7,0,0,0,61,3,1,2009,False,True,False,False,False,False,False,False,False,False,19.0
1045,2022-09-01,BK0085,Introduction to Chemistry,Chemistry,19.0,24.0,20.666666666666668,8,0,0,0,61,0,2,2009,False,True,False,False,False,False,False,False,False,False,21.0
1165,2022-10-01,BK0085,Introduction to Chemistry,Chemistry,19.0,19.0,19.666666666666668,9,1,0,0,61,0,4,2009,False,True,False,False,False,False,False,False,False,False,23.0
1285,2022-11-01,BK0085,Introduction to Chemistry,Chemistry,21.0,19.0,21.0,10,1,0,0,61,0,4,2009,False,True,False,False,False,False,False,False,False,False,4.0
1405,2022-12-01,BK0085,Introduction to Chemistry,Chemistry,23.0,21.0,16.0,11,0,1,0,61,0,0,2009,False,True,False,False,False,False,False,False,False,False,16.0
1525,2023-01-01,BK0085,Introduction to Chemistry,Chemistry,4.0,23.0,14.333333333333334,12,0,0,1,61,2,2,2009,False,True,False,False,False,False,False,False,False,False,29.0
1645,2023-02-01,BK0085,Introduction to Chemistry,Chemistry,16.0,4.0,16.333333333333332,13,0,0,1,61,2,5,2009,False,True,False,False,False,False,False,False,False,False,14.0
1765,2023-03-01,BK0085,Introduction to Chemistry,Chemistry,29.0,16.0,19.666666666666668,14,0,0,1,61,1,2,2009,False,True,False,False,False,False,False,False,False,False,21.0
1885,2023-04-01,BK0085,Introduction to Chemistry,Chemistry,14.0,29.0,21.333333333333332,15,1,0,1,61,0,2,2009,False,True,False,False,False,False,False,False,False,False,20.0
2005,2023-05-01,BK0085,Introduction to Chemistry,Chemistry,21.0,14.0,18.333333333333332,16,1,0,1,61,1,6,2009,False,True,False,False,False,False,False,False,False,False,6.0
2125,2023-06-01,BK0085,Introduction to Chemistry,Chemistry,20.0,21.0,15.666666666666666,17,0,1,1,61,1,1,2009,False,True,False,False,False,False,False,False,False,False,15.0
2245,2023-07-01,BK0085,Introduction to Chemistry,Chemistry,6.0,20.0,13.666666666666666,18,0,0,0,61,0,2,2009,False,True,False,False,False,False,False,False,False,False,20.0
2365,2023-08-01,BK0085,Introduction to Chemistry,Chemistry,15.0,6.0,13.666666666666666,19,0,0,0,61,1,2,2009,False,True,False,False,False,False,False,False,False,False,15.0
2485,2023-09-01,BK0085,Introduction to Chemistry,Chemistry,20.0,15.0,16.666666666666668,20,0,0,0,61,0,2,2009,False,True,False,False,False,False,False,False,False,False,18.0
2605,2023-10-01,BK0085,Introduction to Chemistry,Chemistry,15.0,20.0,17.666666666666668,21,1,0,0,61,1,4,2009,False,True,False,False,False,False,False,False,False,False,24.0
2725,2023-11-01,BK0085,Introduction to Chemistry,Chemistry,18.0,15.0,19.0,22,1,0,0,61,0,3,2009,False,True,False,False,False,False,False,False,False,False,6.0
2845,2023-12-01,BK0085,Introduction to Chemistry,Chemistry,24.0,18.0,16.0,23,0,1,0,61,0,0,2009,False,True,False,False,False,False,False,False,False,False,18.0
2965,2024-01-01,BK0085,Introduction to Chemistry,Chemistry,6.0,24.0,16.0,24,0,0,1,61,0,2,2009,False,True,False,False,False,False,False,False,False,False,12.0
3085,2024-02-01,BK0085,Introduction to Chemistry,Chemistry,18.0,6.0,12.0,25,0,0,1,61,0,4,2009,False,True,False,False,False,False,False,False,False,False,25.0
3205,2024-03-01,BK0085,Introduction to Chemistry,Chemistry,12.0,18.0,18.333333333333332,26,0,0,1,61,1,4,2009,False,True,False,False,False,False,False,False,False,False,19.0
3325,2024-04-01,BK0085,Introduction to Chemistry,Chemistry,25.0,12.0,18.666666666666668,27,1,0,1,61,1,3,2009,False,True,False,False,False,False,False,False,False,False,28.0
3445,2024-05-01,BK0085,Introduction to Chemistry,Chemistry,19.0,25.0,24.0,28,1,0,1,61,1,3,2009,False,True,False,False,False,False,False,False,False,False,7.0
326,2022-03-01,BK0086,Fundamentals of Chemistry,Chemistry,28.0,23.0,25.333333333333332,2,0,0,1,69,0,7,2021,False,True,False,False,False,False,False,False,False,False,28.0
446,2022-04-01,BK0086,Fundamentals of Chemistry,Chemistry,25.0,28.0,27.0,3,1,0,1,69,0,2,2021,False,True,False,False,False,False,False,False,False,False,40.0
566,2022-05-01,BK0086,Fundamentals of Chemistry,Chemistry,28.0,25.0,31.0,4,1,0,1,69,0,8,2021,False,True,False,False,False,False,False,False,False,False,11.0
686,2022-06-01,BK0086,Fundamentals of Chemistry,Chemistry,40.0,28.0,26.333333333333332,5,0,1,1,69,0,2,2021,False,True,False,False,False,False,False,False,False,False,34.0
806,2022-07-01,BK0086,Fundamentals of Chemistry,Chemistry,11.0,40.0,28.333333333333332,6,0,0,0,69,1,7,2021,False,True,False,False,False,False,False,False,False,False,27.0
926,2022-08-01,BK0086,Fundamentals of Chemistry,Chemistry,34.0,11.0,24.0,7,0,0,0,69,0,2,2021,False,True,False,False,False,False,False,False,False,False,25.0
1046,2022-09-01,BK0086,Fundamentals of Chemistry,Chemistry,27.0,34.0,28.666666666666668,8,0,0,0,69,0,5,2021,False,True,False,False,False,False,False,False,False,False,30.0
1166,2022-10-01,BK0086,Fundamentals of Chemistry,Chemistry,25.0,27.0,27.333333333333332,9,1,0,0,69,0,4,2021,False,True,False,False,False,False,False,False,False,False,33.0
1286,2022-11-01,BK0086,Fundamentals of Chemistry,Chemistry,30.0,25.0,29.333333333333332,10,1,0,0,69,0,7,2021,False,True,False,False,False,False,False,False,False,False,9.0
1406,2022-12-01,BK0086,Fundamentals of Chemistry,Chemistry,33.0,30.0,24.0,11,0,1,0,69,0,1,2021,False,True,False,False,False,False,False,False,False,False,24.0
1526,2023-01-01,BK0086,Fundamentals of Chemistry,Chemistry,9.0,33.0,22.0,12,0,0,1,69,2,5,2021,False,True,False,False,False,False,False,False,False,False,15.0
1646,2023-02-01,BK0086,Fundamentals of Chemistry,Chemistry,24.0,9.0,16.0,13,0,0,1,69,0,6,2021,False,True,False,False,False,False,False,False,False,False,24.0
1766,2023-03-01,BK0086,Fundamentals of Chemistry,Chemistry,15.0,24.0,21.0,14,0,0,1,69,0,5,2021,False,True,False,False,False,False,False,False,False,False,32.0
1886,2023-04-01,BK0086,Fundamentals of Chemistry,Chemistry,24.0,15.0,23.666666666666668,15,1,0,1,69,1,3,2021,False,True,False,False,False,False,False,False,False,False,35.0
2006,2023-05-01,BK0086,Fundamentals of Chemistry,Chemistry,32.0,24.0,30.333333333333332,16,1,0,1,69,0,6,2021,False,True,False,False,False,False,False,False,False,False,6.0
2126,2023-06-01,BK0086,Fundamentals of Chemistry,Chemistry,35.0,32.0,24.333333333333332,17,0,1,1,69,1,1,2021,False,True,False,False,False,False,False,False,False,False,19.0
2246,2023-07-01,BK0086,Fundamentals of Chemistry,Chemistry,6.0,35.0,20.0,18,0,0,0,69,0,1,2021,False,True,False,False,False,False,False,False,False,False,25.0
2366,2023-08-01,BK0086,Fundamentals of Chemistry,Chemistry,19.0,6.0,16.666666666666668,19,0,0,0,69,0,4,2021,False,True,False,False,False,False,False,False,False,False,24.0
2486,2023-09-01,BK0086,Fundamentals of Chemistry,Chemistry,25.0,19.0,22.666666666666668,20,0,0,0,69,1,3,2021,False,True,False,False,False,False,False,False,False,False,34.0
2606,2023-10-01,BK0086,Fundamentals of Chemistry,Chemistry,24.0,25.0,27.666666666666668,21,1,0,0,69,0,8,2021,False,True,False,False,False,False,False,False,False,False,35.0
2726,2023-11-01,BK0086,Fundamentals of Chemistry,Chemistry,34.0,24.0,31.0,22,1,0,0,69,1,9,2021,False,True,False,False,False,False,False,False,False,False,7.0
2846,2023-12-01,BK0086,Fundamentals of Chemistry,Chemistry,35.0,34.0,25.333333333333332,23,0,1,0,69,0,1,2021,False,True,False,False,False,False,False,False,False,False,20.0
2966,2024-01-01,BK0086,Fundamentals of Chemistry,Chemistry,7.0,35.0,20.666666666666668,24,0,0,1,69,1,4,2021,False,True,False,False,False,False,False,False,False,False,24.0
3086,2024-02-01,BK0086,Fundamentals of Chemistry,Chemistry,20.0,7.0,17.0,25,0,0,1,69,0,5,2021,False,True,False,False,False,False,False,False,False,False,31.0
3206,2024-03-01,BK0086,Fundamentals of Chemistry,Chemistry,24.0,20.0,25.0,26,0,0,1,69,1,7,2021,False,True,False,False,False,False,False,False,False,False,35.0
3326,2024-04-01,BK0086,Fundamentals of Chemistry,Chemistry,31.0,24.0,30.0,27,1,0,1,69,0,3,2021,False,True,False,False,False,False,False,False,False,False,34.0
3446,2024-05-01,BK0086,Fundamentals of Chemistry,Chemistry,35.0,31.0,33.333333333333336,28,1,0,1,69,0,3,2021,False,True,False,False,False,False,False,False,False,False,9.0
327,2022-03-01,BK0087,Chemistry: A Practical Approach,Chemistry,28.0,29.0,29.666666666666668,2,0,0,1,66,0,8,2018,False,True,False,False,False,False,False,False,False,False,62.0
447,2022-04-01,BK0087,Chemistry: A Practical Approach,Chemistry,32.0,28.0,40.666666666666664,3,1,0,1,66,0,16,2018,False,True,False,False,False,False,False,False,False,False,42.0
567,2022-05-01,BK0087,Chemistry: A Practical Approach,Chemistry,62.0,32.0,45.333333333333336,4,1,0,1,66,0,11,2018,False,True,False,False,False,False,False,False,False,False,16.0
687,2022-06-01,BK0087,Chemistry: A Practical Approach,Chemistry,42.0,62.0,40.0,5,0,1,1,66,0,2,2018,False,True,False,False,False,False,False,False,False,False,32.0
807,2022-07-01,BK0087,Chemistry: A Practical Approach,Chemistry,16.0,42.0,30.0,6,0,0,0,66,0,5,2018,False,True,False,False,False,False,False,False,False,False,42.0
927,2022-08-01,BK0087,Chemistry: A Practical Approach,Chemistry,32.0,16.0,30.0,7,0,0,0,66,1,5,2018,False,True,False,False,False,False,False,False,False,False,24.0
1047,2022-09-01,BK0087,Chemistry: A Practical Approach,Chemistry,42.0,32.0,32.666666666666664,8,0,0,0,66,1,3,2018,False,True,False,False,False,False,False,False,False,False,43.0
1167,2022-10-01,BK0087,Chemistry: A Practical Approach,Chemistry,24.0,42.0,36.333333333333336,9,1,0,0,66,1,6,2018,False,True,False,False,False,False,False,False,False,False,28.0
1287,2022-11-01,BK0087,Chemistry: A Practical Approach,Chemistry,43.0,24.0,31.666666666666668,10,1,0,0,66,1,4,2018,False,True,False,False,False,False,False,False,False,False,13.0
1407,2022-12-01,BK0087,Chemistry: A Practical Approach,Chemistry,28.0,43.0,28.0,11,0,1,0,66,0,1,2018,False,True,False,False,False,False,False,False,False,False,30.0
1527,2023-01-01,BK0087,Chemistry: A Practical Approach,Chemistry,13.0,28.0,23.666666666666668,12,0,0,1,66,3,4,2018,False,True,False,False,False,False,False,False,False,False,27.0
1647,2023-02-01,BK0087,Chemistry: A Practical Approach,Chemistry,30.0,13.0,23.333333333333332,13,0,0,1,66,0,6,2018,False,True,False,False,False,False,False,False,False,False,40.0
1767,2023-03-01,BK0087,Chemistry: A Practical Approach,Chemistry,27.0,30.0,32.333333333333336,14,0,0,1,66,0,7,2018,False,True,False,False,False,False,False,False,False,False,37.0
1887,2023-04-01,BK0087,Chemistry: A Practical Approach,Chemistry,40.0,27.0,34.666666666666664,15,1,0,1,66,0,6,2018,False,True,False,False,False,False,False,False,False,False,49.0
2007,2023-05-01,BK0087,Chemistry: A Practical Approach,Chemistry,37.0,40.0,42.0,16,1,0,1,66,0,8,2018,False,True,False,False,False,False,False,False,False,False,8.0
2127,2023-06-01,BK0087,Chemistry: A Practical Approach,Chemistry,49.0,37.0,31.333333333333332,17,0,1,1,66,0,3,2018,False,True,False,False,False,False,False,False,False,False,31.0
2247,2023-07-01,BK0087,Chemistry: A Practical Approach,Chemistry,8.0,49.0,29.333333333333332,18,0,0,0,66,2,6,2018,False,True,False,False,False,False,False,False,False,False,19.0
2367,2023-08-01,BK0087,Chemistry: A Practical Approach,Chemistry,31.0,8.0,19.333333333333332,19,0,0,0,66,0,2,2018,False,True,False,False,False,False,False,False,False,False,21.0
2487,2023-09-01,BK0087,Chemistry: A Practical Approach,Chemistry,19.0,31.0,23.666666666666668,20,0,0,0,66,1,3,2018,False,True,False,False,False,False,False,False,False,False,38.0
2607,2023-10-01,BK0087,Chemistry: A Practical Approach,Chemistry,21.0,19.0,26.0,21,1,0,0,66,2,9,2018,False,True,False,False,False,False,False,False,False,False,37.0
2727,2023-11-01,BK0087,Chemistry: A Practical Approach,Chemistry,38.0,21.0,32.0,22,1,0,0,66,0,8,2018,False,True,False,False,False,False,False,False,False,False,10.0
2847,2023-12-01,BK0087,Chemistry: A Practical Approach,Chemistry,37.0,38.0,28.333333333333332,23,0,1,0,66,0,1,2018,False,True,False,False,False,False,False,False,False,False,23.0
2967,2024-01-01,BK0087,Chemistry: A Practical Approach,Chemistry,10.0,37.0,23.333333333333332,24,0,0,1,66,0,5,2018,False,True,False,False,False,False,False,False,False,False,33.0
3087,2024-02-01,BK0087,Chemistry: A Practical Approach,Chemistry,23.0,10.0,22.0,25,0,0,1,66,1,9,2018,False,True,False,False,False,False,False,False,False,False,22.0
3207,2024-03-01,BK0087,Chemistry: A Practical Approach,Chemistry,33.0,23.0,26.0,26,0,0,1,66,0,1,2018,False,True,False,False,False,False,False,False,False,False,33.0
3327,2024-04-01,BK0087,Chemistry: A Practical Approach,Chemistry,22.0,33.0,29.333333333333332,27,1,0,1,66,0,4,2018,False,True,False,False,False,False,False,False,False,False,32.0
3447,2024-05-01,BK0087,Chemistry: A Practical Approach,Chemistry,33.0,22.0,29.0,28,1,0,1,66,0,7,2018,False,True,False,False,False,False,False,False,False,False,16.0
328,2022-03-01,BK0088,Advanced Chemistry,Chemistry,18.0,20.0,16.666666666666668,2,0,0,1,50,0,0,2013,False,True,False,False,False,False,False,False,False,False,33.0
448,2022-04-01,BK0088,Advanced Chemistry,Chemistry,12.0,18.0,21.0,3,1,0,1,50,0,4,2013,False,True,False,False,False,False,False,False,False,False,37.0
568,2022-05-01,BK0088,Advanced Chemistry,Chemistry,33.0,12.0,27.333333333333332,4,1,0,1,50,0,5,2013,False,True,False,False,False,False,False,False,False,False,6.0
688,2022-06-01,BK0088,Advanced Chemistry,Chemistry,37.0,33.0,25.333333333333332,5,0,1,1,50,0,0,2013,False,True,False,False,False,False,False,False,False,False,24.0
808,2022-07-01,BK0088,Advanced Chemistry,Chemistry,6.0,37.0,22.333333333333332,6,0,0,0,50,0,4,2013,False,True,False,False,False,False,False,False,False,False,32.0
928,2022-08-01,BK0088,Advanced Chemistry,Chemistry,24.0,6.0,20.666666666666668,7,0,0,0,50,0,6,2013,False,True,False,False,False,False,False,False,False,False,20.0
1048,2022-09-01,BK0088,Advanced Chemistry,Chemistry,32.0,24.0,25.333333333333332,8,0,0,0,50,0,0,2013,False,True,False,False,False,False,False,False,False,False,36.0
1168,2022-10-01,BK0088,Advanced Chemistry,Chemistry,20.0,32.0,29.333333333333332,9,1,0,0,50,0,6,2013,False,True,False,False,False,False,False,False,False,False,34.0
1288,2022-11-01,BK0088,Advanced Chemistry,Chemistry,36.0,20.0,30.0,10,1,0,0,50,0,4,2013,False,True,False,False,False,False,False,False,False,False,10.0
1408,2022-12-01,BK0088,Advanced Chemistry,Chemistry,34.0,36.0,26.666666666666668,11,0,1,0,50,0,2,2013,False,True,False,False,False,False,False,False,False,False,18.0
1528,2023-01-01,BK0088,Advanced Chemistry,Chemistry,10.0,34.0,20.666666666666668,12,0,0,1,50,0,3,2013,False,True,False,False,False,False,False,False,False,False,22.0
1648,2023-02-01,BK0088,Advanced Chemistry,Chemistry,18.0,10.0,16.666666666666668,13,0,0,1,50,0,4,2013,False,True,False,False,False,False,False,False,False,False,25.0
1768,2023-03-01,BK0088,Advanced Chemistry,Chemistry,22.0,18.0,21.666666666666668,14,0,0,1,50,0,2,2013,False,True,False,False,False,False,False,False,False,False,36.0
1888,2023-04-01,BK0088,Advanced Chemistry,Chemistry,25.0,22.0,27.666666666666668,15,1,0,1,50,0,1,2013,False,True,False,False,False,False,False,False,False,False,56.0
2008,2023-05-01,BK0088,Advanced Chemistry,Chemistry,36.0,25.0,39.0,16,1,0,1,50,4,9,2013,False,True,False,False,False,False,False,False,False,False,13.0
2128,2023-06-01,BK0088,Advanced Chemistry,Chemistry,56.0,36.0,35.0,17,0,1,1,50,0,1,2013,False,True,False,False,False,False,False,False,False,False,36.0
2248,2023-07-01,BK0088,Advanced Chemistry,Chemistry,13.0,56.0,35.0,18,0,0,0,50,0,6,2013,False,True,False,False,False,False,False,False,False,False,34.0
2368,2023-08-01,BK0088,Advanced Chemistry,Chemistry,36.0,13.0,27.666666666666668,19,0,0,0,50,0,3,2013,False,True,False,False,False,False,False,False,False,False,39.0
2488,2023-09-01,BK0088,Advanced Chemistry,Chemistry,34.0,36.0,36.333333333333336,20,0,0,0,50,0,5,2013,False,True,False,False,False,False,False,False,False,False,44.0
2608,2023-10-01,BK0088,Advanced Chemistry,Chemistry,39.0,34.0,39.0,21,1,0,0,50,2,7,2013,False,True,False,False,False,False,False,False,False,False,66.0
2728,2023-11-01,BK0088,Advanced Chemistry,Chemistry,44.0,39.0,49.666666666666664,22,1,0,0,50,9,12,2013,False,True,False,False,False,False,False,False,False,False,11.0
2848,2023-12-01,BK0088,Advanced Chemistry,Chemistry,66.0,44.0,40.333333333333336,23,0,1,0,50,0,1,2013,False,True,False,False,False,False,False,False,False,False,38.0
2968,2024-01-01,BK0088,Advanced Chemistry,Chemistry,11.0,66.0,38.333333333333336,24,0,0,1,50,0,5,2013,False,True,False,False,False,False,False,False,False,False,33.0
3088,2024-02-01,BK0088,Advanced Chemistry,Chemistry,38.0,11.0,27.333333333333332,25,0,0,1,50,0,6,2013,False,True,False,False,False,False,False,False,False,False,39.0
3208,2024-03-01,BK0088,Advanced Chemistry,Chemistry,33.0,38.0,36.666666666666664,26,0,0,1,50,0,6,2013,False,True,False,False,False,False,False,False,False,False,50.0
3328,2024-04-01,BK0088,Advanced Chemistry,Chemistry,39.0,33.0,40.666666666666664,27,1,0,1,50,1,6,2013,False,True,False,False,False,False,False,False,False,False,43.0
3448,2024-05-01,BK0088,Advanced Chemistry,Chemistry,50.0,39.0,44.0,28,1,0,1,50,1,7,2013,False,True,False,False,False,False,False,False,False,False,14.0
329,2022-03-01,BK0089,Principles of Chemistry,Chemistry,7.0,6.0,7.0,2,0,0,1,57,0,0,2008,False,True,False,False,False,False,False,False,False,False,12.0
449,2022-04-01,BK0089,Principles of Chemistry,Chemistry,8.0,7.0,9.0,3,1,0,1,57,0,1,2008,False,True,False,False,False,False,False,False,False,False,10.0
569,2022-05-01,BK0089,Principles of Chemistry,Chemistry,12.0,8.0,10.0,4,1,0,1,57,1,2,2008,False,True,False,False,False,False,False,False,False,False,4.0
689,2022-06-01,BK0089,Principles of Chemistry,Chemistry,10.0,12.0,8.666666666666666,5,0,1,1,57,0,3,2008,False,True,False,False,False,False,False,False,False,False,7.0
809,2022-07-01,BK0089,Principles of Chemistry,Chemistry,4.0,10.0,7.0,6,0,0,0,57,0,2,2008,False,True,False,False,False,False,False,False,False,False,5.0
929,2022-08-01,BK0089,Principles of Chemistry,Chemistry,7.0,4.0,5.333333333333333,7,0,0,0,57,0,0,2008,False,True,False,False,False,False,False,False,False,False,8.0
1049,2022-09-01,BK0089,Principles of Chemistry,Chemistry,5.0,7.0,6.666666666666667,8,0,0,0,57,0,1,2008,False,True,False,False,False,False,False,False,False,False,19.0
1169,2022-10-01,BK0089,Principles of Chemistry,Chemistry,8.0,5.0,10.666666666666666,9,1,0,0,57,1,1,2008,False,True,False,False,False,False,False,False,False,False,15.0
1289,2022-11-01,BK0089,Principles of Chemistry,Chemistry,19.0,8.0,14.0,10,1,0,0,57,1,2,2008,False,True,False,False,False,False,False,False,False,False,5.0
1409,2022-12-01,BK0089,Principles of Chemistry,Chemistry,15.0,19.0,13.0,11,0,1,0,57,0,1,2008,False,True,False,False,False,False,False,False,False,False,3.0
1529,2023-01-01,BK0089,Principles of Chemistry,Chemistry,5.0,15.0,7.666666666666667,12,0,0,1,57,1,1,2008,False,True,False,False,False,False,False,False,False,False,8.0
1649,2023-02-01,BK0089,Principles of Chemistry,Chemistry,3.0,5.0,5.333333333333333,13,0,0,1,57,0,1,2008,False,True,False,False,False,False,False,False,False,False,11.0
1769,2023-03-01,BK0089,Principles of Chemistry,Chemistry,8.0,3.0,7.333333333333333,14,0,0,1,57,0,1,2008,False,True,False,False,False,False,False,False,False,False,14.0
1889,2023-04-01,BK0089,Principles of Chemistry,Chemistry,11.0,8.0,11.0,15,1,0,1,57,1,0,2008,False,True,False,False,False,False,False,False,False,False,18.0
2009,2023-05-01,BK0089,Principles of Chemistry,Chemistry,14.0,11.0,14.333333333333334,16,1,0,1,57,0,3,2008,False,True,False,False,False,False,False,False,False,False,2.0
2129,2023-06-01,BK0089,Principles of Chemistry,Chemistry,18.0,14.0,11.333333333333334,17,0,1,1,57,0,1,2008,False,True,False,False,False,False,False,False,False,False,9.0
2249,2023-07-01,BK0089,Principles of Chemistry,Chemistry,2.0,18.0,9.666666666666666,18,0,0,0,57,0,0,2008,False,True,False,False,False,False,False,False,False,False,10.0
2369,2023-08-01,BK0089,Principles of Chemistry,Chemistry,9.0,2.0,7.0,19,0,0,0,57,0,0,2008,False,True,False,False,False,False,False,False,False,False,11.0
2489,2023-09-01,BK0089,Principles of Chemistry,Chemistry,10.0,9.0,10.0,20,0,0,0,57,1,4,2008,False,True,False,False,False,False,False,False,False,False,18.0
2609,2023-10-01,BK0089,Principles of Chemistry,Chemistry,11.0,10.0,13.0,21,1,0,0,57,0,1,2008,False,True,False,False,False,False,False,False,False,False,15.0
2729,2023-11-01,BK0089,Principles of Chemistry,Chemistry,18.0,11.0,14.666666666666666,22,1,0,0,57,0,1,2008,False,True,False,False,False,False,False,False,False,False,6.0
2849,2023-12-01,BK0089,Principles of Chemistry,Chemistry,15.0,18.0,13.0,23,0,1,0,57,0,1,2008,False,True,False,False,False,False,False,False,False,False,10.0
2969,2024-01-01,BK0089,Principles of Chemistry,Chemistry,6.0,15.0,10.333333333333334,24,0,0,1,57,0,3,2008,False,True,False,False,False,False,False,False,False,False,11.0
3089,2024-02-01,BK0089,Principles of Chemistry,Chemistry,10.0,6.0,9.0,25,0,0,1,57,1,1,2008,False,True,False,False,False,False,False,False,False,False,12.0
3209,2024-03-01,BK0089,Principles of Chemistry,Chemistry,11.0,10.0,11.0,26,0,0,1,57,0,1,2008,False,True,False,False,False,False,False,False,False,False,14.0
3329,2024-04-01,BK0089,Principles of Chemistry,Chemistry,12.0,11.0,12.333333333333334,27,1,0,1,57,0,2,2008,False,True,False,False,False,False,False,False,False,False,13.0
3449,2024-05-01,BK0089,Principles of Chemistry,Chemistry,14.0,12.0,13.0,28,1,0,1,57,0,0,2008,False,True,False,False,False,False,False,False,False,False,5.0
330,2022-03-01,BK0090,Chemistry for Engineers,Chemistry,8.0,10.0,9.666666666666666,2,0,0,1,62,0,2,1998,False,True,False,False,False,False,False,False,False,False,7.0
450,2022-04-01,BK0090,Chemistry for Engineers,Chemistry,11.0,8.0,8.666666666666666,3,1,0,1,62,0,1,1998,False,True,False,False,False,False,False,False,False,False,14.0
570,2022-05-01,BK0090,Chemistry for Engineers,Chemistry,7.0,11.0,10.666666666666666,4,1,0,1,62,0,1,1998,False,True,False,False,False,False,False,False,False,False,2.0
690,2022-06-01,BK0090,Chemistry for Engineers,Chemistry,14.0,7.0,7.666666666666667,5,0,1,1,62,0,1,1998,False,True,False,False,False,False,False,False,False,False,1.0
810,2022-07-01,BK0090,Chemistry for Engineers,Chemistry,2.0,14.0,5.666666666666667,6,0,0,0,62,1,0,1998,False,True,False,False,False,False,False,False,False,False,5.0
930,2022-08-01,BK0090,Chemistry for Engineers,Chemistry,1.0,2.0,2.6666666666666665,7,0,0,0,62,0,1,1998,False,True,False,False,False,False,False,False,False,False,7.0
1050,2022-09-01,BK0090,Chemistry for Engineers,Chemistry,5.0,1.0,4.333333333333333,8,0,0,0,62,0,0,1998,False,True,False,False,False,False,False,False,False,False,7.0
1170,2022-10-01,BK0090,Chemistry for Engineers,Chemistry,7.0,5.0,6.333333333333333,9,1,0,0,62,0,1,1998,False,True,False,False,False,False,False,False,False,False,14.0
1290,2022-11-01,BK0090,Chemistry for Engineers,Chemistry,7.0,7.0,9.333333333333334,10,1,0,0,62,0,4,1998,False,True,False,False,False,False,False,False,False,False,4.0
1410,2022-12-01,BK0090,Chemistry for Engineers,Chemistry,14.0,7.0,8.333333333333334,11,0,1,0,62,0,1,1998,False,True,False,False,False,False,False,False,False,False,9.0
1530,2023-01-01,BK0090,Chemistry for Engineers,Chemistry,4.0,14.0,9.0,12,0,0,1,62,2,0,1998,False,True,False,False,False,False,False,False,False,False,7.0
1650,2023-02-01,BK0090,Chemistry for Engineers,Chemistry,9.0,4.0,6.666666666666667,13,0,0,1,62,0,0,1998,False,True,False,False,False,False,False,False,False,False,3.0
1770,2023-03-01,BK0090,Chemistry for Engineers,Chemistry,7.0,9.0,6.333333333333333,14,0,0,1,62,0,0,1998,False,True,False,False,False,False,False,False,False,False,6.0
1890,2023-04-01,BK0090,Chemistry for Engineers,Chemistry,3.0,7.0,5.333333333333333,15,1,0,1,62,0,2,1998,False,True,False,False,False,False,False,False,False,False,12.0
2010,2023-05-01,BK0090,Chemistry for Engineers,Chemistry,6.0,3.0,7.0,16,1,0,1,62,0,2,1998,False,True,False,False,False,False,False,False,False,False,5.0
2130,2023-06-01,BK0090,Chemistry for Engineers,Chemistry,12.0,6.0,7.666666666666667,17,0,1,1,62,0,1,1998,False,True,False,False,False,False,False,False,False,False,6.0
2250,2023-07-01,BK0090,Chemistry for Engineers,Chemistry,5.0,12.0,7.666666666666667,18,0,0,0,62,1,0,1998,False,True,False,False,False,False,False,False,False,False,9.0
2370,2023-08-01,BK0090,Chemistry for Engineers,Chemistry,6.0,5.0,6.666666666666667,19,0,0,0,62,0,2,1998,False,True,False,False,False,False,False,False,False,False,6.0
2490,2023-09-01,BK0090,Chemistry for Engineers,Chemistry,9.0,6.0,7.0,20,0,0,0,62,0,0,1998,False,True,False,False,False,False,False,False,False,False,13.0
2610,2023-10-01,BK0090,Chemistry for Engineers,Chemistry,6.0,9.0,9.333333333333334,21,1,0,0,62,0,1,1998,False,True,False,False,False,False,False,False,False,False,10.0
2730,2023-11-01,BK0090,Chemistry for Engineers,Chemistry,13.0,6.0,9.666666666666666,22,1,0,0,62,0,3,1998,False,True,False,False,False,False,False,False,False,False,3.0
2850,2023-12-01,BK0090,Chemistry for Engineers,Chemistry,10.0,13.0,8.666666666666666,23,0,1,0,62,1,1,1998,False,True,False,False,False,False,False,False,False,False,5.0
2970,2024-01-01,BK0090,Chemistry for Engineers,Chemistry,3.0,10.0,6.0,24,0,0,1,62,2,1,1998,False,True,False,False,False,False,False,False,False,False,6.0
3090,2024-02-01,BK0090,Chemistry for Engineers,Chemistry,5.0,3.0,4.666666666666667,25,0,0,1,62,0,2,1998,False,True,False,False,False,False,False,False,False,False,11.0
3210,2024-03-01,BK0090,Chemistry for Engineers,Chemistry,6.0,5.0,7.333333333333333,26,0,0,1,62,1,2,1998,False,True,False,False,False,False,False,False,False,False,9.0
3330,2024-04-01,BK0090,Chemistry for Engineers,Chemistry,11.0,6.0,8.666666666666666,27,1,0,1,62,0,1,1998,False,True,False,False,False,False,False,False,False,False,12.0
3450,2024-05-01,BK0090,Chemistry for Engineers,Chemistry,9.0,11.0,10.666666666666666,28,1,0,1,62,0,0,1998,False,True,False,False,False,False,False,False,False,False,1.0
331,2022-03-01,BK0091,Modern Chemistry,Chemistry,17.0,18.0,15.0,2,0,0,1,55,0,2,2002,False,True,False,False,False,False,False,False,False,False,18.0
451,2022-04-01,BK0091,Modern Chemistry,Chemistry,10.0,17.0,15.0,3,1,0,1,55,0,2,2002,False,True,False,False,False,False,False,False,False,False,18.0
571,2022-05-01,BK0091,Modern Chemistry,Chemistry,18.0,10.0,15.333333333333334,4,1,0,1,55,0,1,2002,False,True,False,False,False,False,False,False,False,False,7.0
691,2022-06-01,BK0091,Modern Chemistry,Chemistry,18.0,18.0,14.333333333333334,5,0,1,1,55,0,2,2002,False,True,False,False,False,False,False,False,False,False,19.0
811,2022-07-01,BK0091,Modern Chemistry,Chemistry,7.0,18.0,14.666666666666666,6,0,0,0,55,0,2,2002,False,True,False,False,False,False,False,False,False,False,23.0
931,2022-08-01,BK0091,Modern Chemistry,Chemistry,19.0,7.0,16.333333333333332,7,0,0,0,55,0,2,2002,False,True,False,False,False,False,False,False,False,False,20.0
1051,2022-09-01,BK0091,Modern Chemistry,Chemistry,23.0,19.0,20.666666666666668,8,0,0,0,55,0,3,2002,False,True,False,False,False,False,False,False,False,False,32.0
1171,2022-10-01,BK0091,Modern Chemistry,Chemistry,20.0,23.0,25.0,9,1,0,0,55,1,3,2002,False,True,False,False,False,False,False,False,False,False,23.0
1291,2022-11-01,BK0091,Modern Chemistry,Chemistry,32.0,20.0,25.0,10,1,0,0,55,0,2,2002,False,True,False,False,False,False,False,False,False,False,9.0
1411,2022-12-01,BK0091,Modern Chemistry,Chemistry,23.0,32.0,21.333333333333332,11,0,1,0,55,0,1,2002,False,True,False,False,False,False,False,False,False,False,18.0
1531,2023-01-01,BK0091,Modern Chemistry,Chemistry,9.0,23.0,16.666666666666668,12,0,0,1,55,0,4,2002,False,True,False,False,False,False,False,False,False,False,15.0
1651,2023-02-01,BK0091,Modern Chemistry,Chemistry,18.0,9.0,14.0,13,0,0,1,55,1,1,2002,False,True,False,False,False,False,False,False,False,False,17.0
1771,2023-03-01,BK0091,Modern Chemistry,Chemistry,15.0,18.0,16.666666666666668,14,0,0,1,55,0,3,2002,False,True,False,False,False,False,False,False,False,False,23.0
1891,2023-04-01,BK0091,Modern Chemistry,Chemistry,17.0,15.0,18.333333333333332,15,1,0,1,55,0,6,2002,False,True,False,False,False,False,False,False,False,False,26.0
2011,2023-05-01,BK0091,Modern Chemistry,Chemistry,23.0,17.0,22.0,16,1,0,1,55,0,7,2002,False,True,False,False,False,False,False,False,False,False,11.0
2131,2023-06-01,BK0091,Modern Chemistry,Chemistry,26.0,23.0,20.0,17,0,1,1,55,1,2,2002,False,True,False,False,False,False,False,False,False,False,19.0
2251,2023-07-01,BK0091,Modern Chemistry,Chemistry,11.0,26.0,18.666666666666668,18,0,0,0,55,0,5,2002,False,True,False,False,False,False,False,False,False,False,23.0
2371,2023-08-01,BK0091,Modern Chemistry,Chemistry,19.0,11.0,17.666666666666668,19,0,0,0,55,0,3,2002,False,True,False,False,False,False,False,False,False,False,24.0
2491,2023-09-01,BK0091,Modern Chemistry,Chemistry,23.0,19.0,22.0,20,0,0,0,55,0,3,2002,False,True,False,False,False,False,False,False,False,False,27.0
2611,2023-10-01,BK0091,Modern Chemistry,Chemistry,24.0,23.0,24.666666666666668,21,1,0,0,55,0,3,2002,False,True,False,False,False,False,False,False,False,False,25.0
2731,2023-11-01,BK0091,Modern Chemistry,Chemistry,27.0,24.0,25.333333333333332,22,1,0,0,55,0,4,2002,False,True,False,False,False,False,False,False,False,False,6.0
2851,2023-12-01,BK0091,Modern Chemistry,Chemistry,25.0,27.0,19.333333333333332,23,0,1,0,55,0,1,2002,False,True,False,False,False,False,False,False,False,False,14.0
2971,2024-01-01,BK0091,Modern Chemistry,Chemistry,6.0,25.0,15.0,24,0,0,1,55,0,2,2002,False,True,False,False,False,False,False,False,False,False,23.0
3091,2024-02-01,BK0091,Modern Chemistry,Chemistry,14.0,6.0,14.333333333333334,25,0,0,1,55,0,5,2002,False,True,False,False,False,False,False,False,False,False,13.0
3211,2024-03-01,BK0091,Modern Chemistry,Chemistry,23.0,14.0,16.666666666666668,26,0,0,1,55,1,2,2002,False,True,False,False,False,False,False,False,False,False,19.0
3331,2024-04-01,BK0091,Modern Chemistry,Chemistry,13.0,23.0,18.333333333333332,27,1,0,1,55,0,1,2002,False,True,False,False,False,False,False,False,False,False,29.0
3451,2024-05-01,BK0091,Modern Chemistry,Chemistry,19.0,13.0,20.333333333333332,28,1,0,1,55,0,2,2002,False,True,False,False,False,False,False,False,False,False,8.0
332,2022-03-01,BK0092,Applied Chemistry,Chemistry,18.0,27.0,23.333333333333332,2,0,0,1,15,5,8,2019,False,True,False,False,False,False,False,False,False,False,36.0
452,2022-04-01,BK0092,Applied Chemistry,Chemistry,25.0,18.0,26.333333333333332,3,1,0,1,15,15,3,2019,False,True,False,False,False,False,False,False,False,False,27.0
572,2022-05-01,BK0092,Applied Chemistry,Chemistry,36.0,25.0,29.333333333333332,4,1,0,1,15,8,3,2019,False,True,False,False,False,False,False,False,False,False,9.0
692,2022-06-01,BK0092,Applied Chemistry,Chemistry,27.0,36.0,24.0,5,0,1,1,15,0,0,2019,False,True,False,False,False,False,False,False,False,False,22.0
812,2022-07-01,BK0092,Applied Chemistry,Chemistry,9.0,27.0,19.333333333333332,6,0,0,0,15,1,3,2019,False,True,False,False,False,False,False,False,False,False,35.0
932,2022-08-01,BK0092,Applied Chemistry,Chemistry,22.0,9.0,22.0,7,0,0,0,15,11,9,2019,False,True,False,False,False,False,False,False,False,False,19.0
1052,2022-09-01,BK0092,Applied Chemistry,Chemistry,35.0,22.0,25.333333333333332,8,0,0,0,15,2,3,2019,False,True,False,False,False,False,False,False,False,False,35.0
1172,2022-10-01,BK0092,Applied Chemistry,Chemistry,19.0,35.0,29.666666666666668,9,1,0,0,15,11,5,2019,False,True,False,False,False,False,False,False,False,False,54.0
1292,2022-11-01,BK0092,Applied Chemistry,Chemistry,35.0,19.0,36.0,10,1,0,0,15,17,9,2019,False,True,False,False,False,False,False,False,False,False,10.0
1412,2022-12-01,BK0092,Applied Chemistry,Chemistry,54.0,35.0,33.0,11,0,1,0,15,0,2,2019,False,True,False,False,False,False,False,False,False,False,36.0
1532,2023-01-01,BK0092,Applied Chemistry,Chemistry,10.0,54.0,33.333333333333336,12,0,0,1,15,5,4,2019,False,True,False,False,False,False,False,False,False,False,24.0
1652,2023-02-01,BK0092,Applied Chemistry,Chemistry,36.0,10.0,23.333333333333332,13,0,0,1,15,6,3,2019,False,True,False,False,False,False,False,False,False,False,28.0
1772,2023-03-01,BK0092,Applied Chemistry,Chemistry,24.0,36.0,29.333333333333332,14,0,0,1,15,4,2,2019,False,True,False,False,False,False,False,False,False,False,34.0
1892,2023-04-01,BK0092,Applied Chemistry,Chemistry,28.0,24.0,28.666666666666668,15,1,0,1,15,7,6,2019,False,True,False,False,False,False,False,False,False,False,61.0
2012,2023-05-01,BK0092,Applied Chemistry,Chemistry,34.0,28.0,41.0,16,1,0,1,15,23,6,2019,False,True,False,False,False,False,False,False,False,False,12.0
2132,2023-06-01,BK0092,Applied Chemistry,Chemistry,61.0,34.0,35.666666666666664,17,0,1,1,15,0,0,2019,False,True,False,False,False,False,False,False,False,False,44.0
2252,2023-07-01,BK0092,Applied Chemistry,Chemistry,12.0,61.0,39.0,18,0,0,0,15,8,4,2019,False,True,False,False,False,False,False,False,False,False,34.0
2372,2023-08-01,BK0092,Applied Chemistry,Chemistry,44.0,12.0,30.0,19,0,0,0,15,10,7,2019,False,True,False,False,False,False,False,False,False,False,40.0
2492,2023-09-01,BK0092,Applied Chemistry,Chemistry,34.0,44.0,39.333333333333336,20,0,0,0,15,13,5,2019,False,True,False,False,False,False,False,False,False,False,59.0
2612,2023-10-01,BK0092,Applied Chemistry,Chemistry,40.0,34.0,44.333333333333336,21,1,0,0,15,23,5,2019,False,True,False,False,False,False,False,False,False,False,52.0
2732,2023-11-01,BK0092,Applied Chemistry,Chemistry,59.0,40.0,50.333333333333336,22,1,0,0,15,16,6,2019,False,True,False,False,False,False,False,False,False,False,20.0
2852,2023-12-01,BK0092,Applied Chemistry,Chemistry,52.0,59.0,43.666666666666664,23,0,1,0,15,4,6,2019,False,True,False,False,False,False,False,False,False,False,40.0
2972,2024-01-01,BK0092,Applied Chemistry,Chemistry,20.0,52.0,37.333333333333336,24,0,0,1,15,9,5,2019,False,True,False,False,False,False,False,False,False,False,40.0
3092,2024-02-01,BK0092,Applied Chemistry,Chemistry,40.0,20.0,33.333333333333336,25,0,0,1,15,11,4,2019,False,True,False,False,False,False,False,False,False,False,36.0
3212,2024-03-01,BK0092,Applied Chemistry,Chemistry,40.0,40.0,38.666666666666664,26,0,0,1,15,10,5,2019,False,True,False,False,False,False,False,False,False,False,51.0
3332,2024-04-01,BK0092,Applied Chemistry,Chemistry,36.0,40.0,42.333333333333336,27,1,0,1,15,22,5,2019,False,True,False,False,False,False,False,False,False,False,61.0
3452,2024-05-01,BK0092,Applied Chemistry,Chemistry,51.0,36.0,49.333333333333336,28,1,0,1,15,22,11,2019,False,True,False,False,False,False,False,False,False,False,28.0
333,2022-03-01,BK0093,Chemistry Concepts and Applications,Chemistry,20.0,23.0,20.333333333333332,2,0,0,1,66,1,3,1997,False,True,False,False,False,False,False,False,False,False,38.0
453,2022-04-01,BK0093,Chemistry Concepts and Applications,Chemistry,18.0,20.0,25.333333333333332,3,1,0,1,66,0,6,1997,False,True,False,False,False,False,False,False,False,False,29.0
573,2022-05-01,BK0093,Chemistry Concepts and Applications,Chemistry,38.0,18.0,28.333333333333332,4,1,0,1,66,1,1,1997,False,True,False,False,False,False,False,False,False,False,4.0
693,2022-06-01,BK0093,Chemistry Concepts and Applications,Chemistry,29.0,38.0,23.666666666666668,5,0,1,1,66,1,0,1997,False,True,False,False,False,False,False,False,False,False,26.0
813,2022-07-01,BK0093,Chemistry Concepts and Applications,Chemistry,4.0,29.0,19.666666666666668,6,0,0,0,66,0,3,1997,False,True,False,False,False,False,False,False,False,False,19.0
933,2022-08-01,BK0093,Chemistry Concepts and Applications,Chemistry,26.0,4.0,16.333333333333332,7,0,0,0,66,0,2,1997,False,True,False,False,False,False,False,False,False,False,16.0
1053,2022-09-01,BK0093,Chemistry Concepts and Applications,Chemistry,19.0,26.0,20.333333333333332,8,0,0,0,66,1,2,1997,False,True,False,False,False,False,False,False,False,False,29.0
1173,2022-10-01,BK0093,Chemistry Concepts and Applications,Chemistry,16.0,19.0,21.333333333333332,9,1,0,0,66,1,8,1997,False,True,False,False,False,False,False,False,False,False,28.0
1293,2022-11-01,BK0093,Chemistry Concepts and Applications,Chemistry,29.0,16.0,24.333333333333332,10,1,0,0,66,0,2,1997,False,True,False,False,False,False,False,False,False,False,10.0
1413,2022-12-01,BK0093,Chemistry Concepts and Applications,Chemistry,28.0,29.0,22.333333333333332,11,0,1,0,66,0,2,1997,False,True,False,False,False,False,False,False,False,False,21.0
1533,2023-01-01,BK0093,Chemistry Concepts and Applications,Chemistry,10.0,28.0,19.666666666666668,12,0,0,1,66,1,5,1997,False,True,False,False,False,False,False,False,False,False,20.0
1653,2023-02-01,BK0093,Chemistry Concepts and Applications,Chemistry,21.0,10.0,17.0,13,0,0,1,66,0,3,1997,False,True,False,False,False,False,False,False,False,False,16.0
1773,2023-03-01,BK0093,Chemistry Concepts and Applications,Chemistry,20.0,21.0,19.0,14,0,0,1,66,1,3,1997,False,True,False,False,False,False,False,False,False,False,40.0
1893,2023-04-01,BK0093,Chemistry Concepts and Applications,Chemistry,16.0,20.0,25.333333333333332,15,1,0,1,66,0,4,1997,False,True,False,False,False,False,False,False,False,False,26.0
2013,2023-05-01,BK0093,Chemistry Concepts and Applications,Chemistry,40.0,16.0,27.333333333333332,16,1,0,1,66,0,4,1997,False,True,False,False,False,False,False,False,False,False,5.0
2133,2023-06-01,BK0093,Chemistry Concepts and Applications,Chemistry,26.0,40.0,23.666666666666668,17,0,1,1,66,0,0,1997,False,True,False,False,False,False,False,False,False,False,15.0
2253,2023-07-01,BK0093,Chemistry Concepts and Applications,Chemistry,5.0,26.0,15.333333333333334,18,0,0,0,66,0,2,1997,False,True,False,False,False,False,False,False,False,False,26.0
2373,2023-08-01,BK0093,Chemistry Concepts and Applications,Chemistry,15.0,5.0,15.333333333333334,19,0,0,0,66,0,7,1997,False,True,False,False,False,False,False,False,False,False,19.0
2493,2023-09-01,BK0093,Chemistry Concepts and Applications,Chemistry,26.0,15.0,20.0,20,0,0,0,66,0,2,1997,False,True,False,False,False,False,False,False,False,False,16.0
2613,2023-10-01,BK0093,Chemistry Concepts and Applications,Chemistry,19.0,26.0,20.333333333333332,21,1,0,0,66,0,2,1997,False,True,False,False,False,False,False,False,False,False,33.0
2733,2023-11-01,BK0093,Chemistry Concepts and Applications,Chemistry,16.0,19.0,22.666666666666668,22,1,0,0,66,0,6,1997,False,True,False,False,False,False,False,False,False,False,13.0
2853,2023-12-01,BK0093,Chemistry Concepts and Applications,Chemistry,33.0,16.0,20.666666666666668,23,0,1,0,66,2,2,1997,False,True,False,False,False,False,False,False,False,False,30.0
2973,2024-01-01,BK0093,Chemistry Concepts and Applications,Chemistry,13.0,33.0,25.333333333333332,24,0,0,1,66,0,3,1997,False,True,False,False,False,False,False,False,False,False,14.0
3093,2024-02-01,BK0093,Chemistry Concepts and Applications,Chemistry,30.0,13.0,19.0,25,0,0,1,66,1,1,1997,False,True,False,False,False,False,False,False,False,False,24.0
3213,2024-03-01,BK0093,Chemistry Concepts and Applications,Chemistry,14.0,30.0,22.666666666666668,26,0,0,1,66,0,6,1997,False,True,False,False,False,False,False,False,False,False,35.0
3333,2024-04-01,BK0093,Chemistry Concepts and Applications,Chemistry,24.0,14.0,24.333333333333332,27,1,0,1,66,1,2,1997,False,True,False,False,False,False,False,False,False,False,36.0
3453,2024-05-01,BK0093,Chemistry Concepts and Applications,Chemistry,35.0,24.0,31.666666666666668,28,1,0,1,66,0,6,1997,False,True,False,False,False,False,False,False,False,False,10.0
334,2022-03-01,BK0094,Essentials of Chemistry,Chemistry,10.0,3.0,6.333333333333333,2,0,0,1,58,0,2,2005,False,True,False,False,False,False,False,False,False,False,8.0
454,2022-04-01,BK0094,Essentials of Chemistry,Chemistry,6.0,10.0,8.0,3,1,0,1,58,1,1,2005,False,True,False,False,False,False,False,False,False,False,7.0
574,2022-05-01,BK0094,Essentials of Chemistry,Chemistry,8.0,6.0,7.0,4,1,0,1,58,0,1,2005,False,True,False,False,False,False,False,False,False,False,2.0
694,2022-06-01,BK0094,Essentials of Chemistry,Chemistry,7.0,8.0,5.666666666666667,5,0,1,1,58,0,0,2005,False,True,False,False,False,False,False,False,False,False,8.0
814,2022-07-01,BK0094,Essentials of Chemistry,Chemistry,2.0,7.0,5.666666666666667,6,0,0,0,58,0,2,2005,False,True,False,False,False,False,False,False,False,False,3.0
934,2022-08-01,BK0094,Essentials of Chemistry,Chemistry,8.0,2.0,4.333333333333333,7,0,0,0,58,0,0,2005,False,True,False,False,False,False,False,False,False,False,2.0
1054,2022-09-01,BK0094,Essentials of Chemistry,Chemistry,3.0,8.0,4.333333333333333,8,0,0,0,58,0,0,2005,False,True,False,False,False,False,False,False,False,False,10.0
1174,2022-10-01,BK0094,Essentials of Chemistry,Chemistry,2.0,3.0,5.0,9,1,0,0,58,0,0,2005,False,True,False,False,False,False,False,False,False,False,3.0
1294,2022-11-01,BK0094,Essentials of Chemistry,Chemistry,10.0,2.0,5.0,10,1,0,0,58,0,0,2005,False,True,False,False,False,False,False,False,False,False,3.0
1414,2022-12-01,BK0094,Essentials of Chemistry,Chemistry,3.0,10.0,5.333333333333333,11,0,1,0,58,0,0,2005,False,True,False,False,False,False,False,False,False,False,6.0
1534,2023-01-01,BK0094,Essentials of Chemistry,Chemistry,3.0,3.0,4.0,12,0,0,1,58,0,0,2005,False,True,False,False,False,False,False,False,False,False,3.0
1654,2023-02-01,BK0094,Essentials of Chemistry,Chemistry,6.0,3.0,4.0,13,0,0,1,58,2,0,2005,False,True,False,False,False,False,False,False,False,False,4.0
1774,2023-03-01,BK0094,Essentials of Chemistry,Chemistry,3.0,6.0,4.333333333333333,14,0,0,1,58,0,0,2005,False,True,False,False,False,False,False,False,False,False,5.0
1894,2023-04-01,BK0094,Essentials of Chemistry,Chemistry,4.0,3.0,4.0,15,1,0,1,58,0,1,2005,False,True,False,False,False,False,False,False,False,False,2.0
2014,2023-05-01,BK0094,Essentials of Chemistry,Chemistry,5.0,4.0,3.6666666666666665,16,1,0,1,58,0,0,2005,False,True,False,False,False,False,False,False,False,False,1.0
2134,2023-06-01,BK0094,Essentials of Chemistry,Chemistry,2.0,5.0,2.6666666666666665,17,0,1,1,58,0,0,2005,False,True,False,False,False,False,False,False,False,False,9.0
2254,2023-07-01,BK0094,Essentials of Chemistry,Chemistry,1.0,2.0,4.0,18,0,0,0,58,0,1,2005,False,True,False,False,False,False,False,False,False,False,6.0
2374,2023-08-01,BK0094,Essentials of Chemistry,Chemistry,9.0,1.0,5.333333333333333,19,0,0,0,58,1,2,2005,False,True,False,False,False,False,False,False,False,False,2.0
2494,2023-09-01,BK0094,Essentials of Chemistry,Chemistry,6.0,9.0,5.666666666666667,20,0,0,0,58,0,0,2005,False,True,False,False,False,False,False,False,False,False,6.0
2614,2023-10-01,BK0094,Essentials of Chemistry,Chemistry,2.0,6.0,4.666666666666667,21,1,0,0,58,0,1,2005,False,True,False,False,False,False,False,False,False,False,3.0
2734,2023-11-01,BK0094,Essentials of Chemistry,Chemistry,6.0,2.0,3.6666666666666665,22,1,0,0,58,1,0,2005,False,True,False,False,False,False,False,False,False,False,2.0
2854,2023-12-01,BK0094,Essentials of Chemistry,Chemistry,3.0,6.0,3.6666666666666665,23,0,1,0,58,0,0,2005,False,True,False,False,False,False,False,False,False,False,1.0
2974,2024-01-01,BK0094,Essentials of Chemistry,Chemistry,2.0,3.0,2.0,24,0,0,1,58,0,0,2005,False,True,False,False,False,False,False,False,False,False,1.0
3094,2024-02-01,BK0094,Essentials of Chemistry,Chemistry,1.0,2.0,1.3333333333333333,25,0,0,1,58,0,0,2005,False,True,False,False,False,False,False,False,False,False,5.0
3214,2024-03-01,BK0094,Essentials of Chemistry,Chemistry,1.0,1.0,2.3333333333333335,26,0,0,1,58,2,1,2005,False,True,False,False,False,False,False,False,False,False,1.0
3334,2024-04-01,BK0094,Essentials of Chemistry,Chemistry,5.0,1.0,2.3333333333333335,27,1,0,1,58,0,1,2005,False,True,False,False,False,False,False,False,False,False,1.0
3454,2024-05-01,BK0094,Essentials of Chemistry,Chemistry,1.0,5.0,2.3333333333333335,28,1,0,1,58,0,0,2005,False,True,False,False,False,False,False,False,False,False,2.0
335,2022-03-01,BK0095,Chemistry: Theory and Practice,Chemistry,11.0,18.0,13.333333333333334,2,0,0,1,64,0,4,2022,False,True,False,False,False,False,False,False,False,False,21.0
455,2022-04-01,BK0095,Chemistry: Theory and Practice,Chemistry,11.0,11.0,14.333333333333334,3,1,0,1,64,0,3,2022,False,True,False,False,False,False,False,False,False,False,24.0
575,2022-05-01,BK0095,Chemistry: Theory and Practice,Chemistry,21.0,11.0,18.666666666666668,4,1,0,1,64,0,2,2022,False,True,False,False,False,False,False,False,False,False,10.0
695,2022-06-01,BK0095,Chemistry: Theory and Practice,Chemistry,24.0,21.0,18.333333333333332,5,0,1,1,64,0,1,2022,False,True,False,False,False,False,False,False,False,False,12.0
815,2022-07-01,BK0095,Chemistry: Theory and Practice,Chemistry,10.0,24.0,15.333333333333334,6,0,0,0,64,1,1,2022,False,True,False,False,False,False,False,False,False,False,8.0
935,2022-08-01,BK0095,Chemistry: Theory and Practice,Chemistry,12.0,10.0,10.0,7,0,0,0,64,0,1,2022,False,True,False,False,False,False,False,False,False,False,13.0
1055,2022-09-01,BK0095,Chemistry: Theory and Practice,Chemistry,8.0,12.0,11.0,8,0,0,0,64,0,1,2022,False,True,False,False,False,False,False,False,False,False,20.0
1175,2022-10-01,BK0095,Chemistry: Theory and Practice,Chemistry,13.0,8.0,13.666666666666666,9,1,0,0,64,0,6,2022,False,True,False,False,False,False,False,False,False,False,32.0
1295,2022-11-01,BK0095,Chemistry: Theory and Practice,Chemistry,20.0,13.0,21.666666666666668,10,1,0,0,64,0,2,2022,False,True,False,False,False,False,False,False,False,False,6.0
1415,2022-12-01,BK0095,Chemistry: Theory and Practice,Chemistry,32.0,20.0,19.333333333333332,11,0,1,0,64,0,1,2022,False,True,False,False,False,False,False,False,False,False,17.0
1535,2023-01-01,BK0095,Chemistry: Theory and Practice,Chemistry,6.0,32.0,18.333333333333332,12,0,0,1,64,1,4,2022,False,True,False,False,False,False,False,False,False,False,11.0
1655,2023-02-01,BK0095,Chemistry: Theory and Practice,Chemistry,17.0,6.0,11.333333333333334,13,0,0,1,64,0,1,2022,False,True,False,False,False,False,False,False,False,False,18.0
1775,2023-03-01,BK0095,Chemistry: Theory and Practice,Chemistry,11.0,17.0,15.333333333333334,14,0,0,1,64,0,3,2022,False,True,False,False,False,False,False,False,False,False,19.0
1895,2023-04-01,BK0095,Chemistry: Theory and Practice,Chemistry,18.0,11.0,16.0,15,1,0,1,64,0,3,2022,False,True,False,False,False,False,False,False,False,False,23.0
2015,2023-05-01,BK0095,Chemistry: Theory and Practice,Chemistry,19.0,18.0,20.0,16,1,0,1,64,0,5,2022,False,True,False,False,False,False,False,False,False,False,9.0
2135,2023-06-01,BK0095,Chemistry: Theory and Practice,Chemistry,23.0,19.0,17.0,17,0,1,1,64,1,2,2022,False,True,False,False,False,False,False,False,False,False,21.0
2255,2023-07-01,BK0095,Chemistry: Theory and Practice,Chemistry,9.0,23.0,17.666666666666668,18,0,0,0,64,1,5,2022,False,True,False,False,False,False,False,False,False,False,11.0
2375,2023-08-01,BK0095,Chemistry: Theory and Practice,Chemistry,21.0,9.0,13.666666666666666,19,0,0,0,64,0,2,2022,False,True,False,False,False,False,False,False,False,False,14.0
2495,2023-09-01,BK0095,Chemistry: Theory and Practice,Chemistry,11.0,21.0,15.333333333333334,20,0,0,0,64,0,2,2022,False,True,False,False,False,False,False,False,False,False,18.0
2615,2023-10-01,BK0095,Chemistry: Theory and Practice,Chemistry,14.0,11.0,14.333333333333334,21,1,0,0,64,0,4,2022,False,True,False,False,False,False,False,False,False,False,17.0
2735,2023-11-01,BK0095,Chemistry: Theory and Practice,Chemistry,18.0,14.0,16.333333333333332,22,1,0,0,64,0,5,2022,False,True,False,False,False,False,False,False,False,False,7.0
2855,2023-12-01,BK0095,Chemistry: Theory and Practice,Chemistry,17.0,18.0,14.0,23,0,1,0,64,0,2,2022,False,True,False,False,False,False,False,False,False,False,10.0
2975,2024-01-01,BK0095,Chemistry: Theory and Practice,Chemistry,7.0,17.0,11.333333333333334,24,0,0,1,64,1,1,2022,False,True,False,False,False,False,False,False,False,False,14.0
3095,2024-02-01,BK0095,Chemistry: Theory and Practice,Chemistry,10.0,7.0,10.333333333333334,25,0,0,1,64,0,3,2022,False,True,False,False,False,False,False,False,False,False,16.0
3215,2024-03-01,BK0095,Chemistry: Theory and Practice,Chemistry,14.0,10.0,13.333333333333334,26,0,0,1,64,0,2,2022,False,True,False,False,False,False,False,False,False,False,22.0
3335,2024-04-01,BK0095,Chemistry: Theory and Practice,Chemistry,16.0,14.0,17.333333333333332,27,1,0,1,64,0,2,2022,False,True,False,False,False,False,False,False,False,False,23.0
3455,2024-05-01,BK0095,Chemistry: Theory and Practice,Chemistry,22.0,16.0,20.333333333333332,28,1,0,1,64,0,4,2022,False,True,False,False,False,False,False,False,False,False,10.0
336,2022-03-01,BK0096,Understanding Chemistry,Chemistry,7.0,8.0,6.666666666666667,2,0,0,1,54,0,0,2023,False,True,False,False,False,False,False,False,False,False,8.0
456,2022-04-01,BK0096,Understanding Chemistry,Chemistry,5.0,7.0,6.666666666666667,3,1,0,1,54,0,1,2023,False,True,False,False,False,False,False,False,False,False,13.0
576,2022-05-01,BK0096,Understanding Chemistry,Chemistry,8.0,5.0,8.666666666666666,4,1,0,1,54,0,1,2023,False,True,False,False,False,False,False,False,False,False,0.0
696,2022-06-01,BK0096,Understanding Chemistry,Chemistry,13.0,8.0,7.0,5,0,1,1,54,0,0,2023,False,True,False,False,False,False,False,False,False,False,3.0
816,2022-07-01,BK0096,Understanding Chemistry,Chemistry,0.0,13.0,5.333333333333333,6,0,0,0,54,1,0,2023,False,True,False,False,False,False,False,False,False,False,6.0
936,2022-08-01,BK0096,Understanding Chemistry,Chemistry,3.0,0.0,3.0,7,0,0,0,54,0,1,2023,False,True,False,False,False,False,False,False,False,False,2.0
1056,2022-09-01,BK0096,Understanding Chemistry,Chemistry,6.0,3.0,3.6666666666666665,8,0,0,0,54,0,0,2023,False,True,False,False,False,False,False,False,False,False,12.0
1176,2022-10-01,BK0096,Understanding Chemistry,Chemistry,2.0,6.0,6.666666666666667,9,1,0,0,54,0,2,2023,False,True,False,False,False,False,False,False,False,False,13.0
1296,2022-11-01,BK0096,Understanding Chemistry,Chemistry,12.0,2.0,9.0,10,1,0,0,54,1,0,2023,False,True,False,False,False,False,False,False,False,False,5.0
1416,2022-12-01,BK0096,Understanding Chemistry,Chemistry,13.0,12.0,10.0,11,0,1,0,54,1,0,2023,False,True,False,False,False,False,False,False,False,False,6.0
1536,2023-01-01,BK0096,Understanding Chemistry,Chemistry,5.0,13.0,8.0,12,0,0,1,54,0,0,2023,False,True,False,False,False,False,False,False,False,False,6.0
1656,2023-02-01,BK0096,Understanding Chemistry,Chemistry,6.0,5.0,5.666666666666667,13,0,0,1,54,0,3,2023,False,True,False,False,False,False,False,False,False,False,4.0
1776,2023-03-01,BK0096,Understanding Chemistry,Chemistry,6.0,6.0,5.333333333333333,14,0,0,1,54,0,0,2023,False,True,False,False,False,False,False,False,False,False,17.0
1896,2023-04-01,BK0096,Understanding Chemistry,Chemistry,4.0,6.0,9.0,15,1,0,1,54,0,0,2023,False,True,False,False,False,False,False,False,False,False,6.0
2016,2023-05-01,BK0096,Understanding Chemistry,Chemistry,17.0,4.0,9.0,16,1,0,1,54,1,0,2023,False,True,False,False,False,False,False,False,False,False,3.0
2136,2023-06-01,BK0096,Understanding Chemistry,Chemistry,6.0,17.0,8.666666666666666,17,0,1,1,54,1,0,2023,False,True,False,False,False,False,False,False,False,False,6.0
2256,2023-07-01,BK0096,Understanding Chemistry,Chemistry,3.0,6.0,5.0,18,0,0,0,54,0,1,2023,False,True,False,False,False,False,False,False,False,False,10.0
2376,2023-08-01,BK0096,Understanding Chemistry,Chemistry,6.0,3.0,6.333333333333333,19,0,0,0,54,0,2,2023,False,True,False,False,False,False,False,False,False,False,7.0
2496,2023-09-01,BK0096,Understanding Chemistry,Chemistry,10.0,6.0,7.666666666666667,20,0,0,0,54,2,0,2023,False,True,False,False,False,False,False,False,False,False,13.0
2616,2023-10-01,BK0096,Understanding Chemistry,Chemistry,7.0,10.0,10.0,21,1,0,0,54,1,2,2023,False,True,False,False,False,False,False,False,False,False,10.0
2736,2023-11-01,BK0096,Understanding Chemistry,Chemistry,13.0,7.0,10.0,22,1,0,0,54,1,3,2023,False,True,False,False,False,False,False,False,False,False,1.0
2856,2023-12-01,BK0096,Understanding Chemistry,Chemistry,10.0,13.0,8.0,23,0,1,0,54,0,1,2023,False,True,False,False,False,False,False,False,False,False,8.0
2976,2024-01-01,BK0096,Understanding Chemistry,Chemistry,1.0,10.0,6.333333333333333,24,0,0,1,54,1,0,2023,False,True,False,False,False,False,False,False,False,False,2.0
3096,2024-02-01,BK0096,Understanding Chemistry,Chemistry,8.0,1.0,3.6666666666666665,25,0,0,1,54,0,0,2023,False,True,False,False,False,False,False,False,False,False,7.0
3216,2024-03-01,BK0096,Understanding Chemistry,Chemistry,2.0,8.0,5.666666666666667,26,0,0,1,54,0,0,2023,False,True,False,False,False,False,False,False,False,False,4.0
3336,2024-04-01,BK0096,Understanding Chemistry,Chemistry,7.0,2.0,4.333333333333333,27,1,0,1,54,0,0,2023,False,True,False,False,False,False,False,False,False,False,6.0
3456,2024-05-01,BK0096,Understanding Chemistry,Chemistry,4.0,7.0,5.666666666666667,28,1,0,1,54,0,1,2023,False,True,False,False,False,False,False,False,False,False,0.0
337,2022-03-01,BK0097,Introduction to Business Management,Business Management,6.0,8.0,7.333333333333333,2,0,0,1,43,0,1,2007,True,False,False,False,False,False,False,False,False,False,16.0
457,2022-04-01,BK0097,Introduction to Business Management,Business Management,8.0,6.0,10.0,3,1,0,1,43,0,1,2007,True,False,False,False,False,False,False,False,False,False,15.0
577,2022-05-01,BK0097,Introduction to Business Management,Business Management,16.0,8.0,13.0,4,1,0,1,43,0,3,2007,True,False,False,False,False,False,False,False,False,False,3.0
697,2022-06-01,BK0097,Introduction to Business Management,Business Management,15.0,16.0,11.333333333333334,5,0,1,1,43,0,0,2007,True,False,False,False,False,False,False,False,False,False,6.0
817,2022-07-01,BK0097,Introduction to Business Management,Business Management,3.0,15.0,8.0,6,0,0,0,43,1,1,2007,True,False,False,False,False,False,False,False,False,False,16.0
937,2022-08-01,BK0097,Introduction to Business Management,Business Management,6.0,3.0,8.333333333333334,7,0,0,0,43,1,3,2007,True,False,False,False,False,False,False,False,False,False,6.0
1057,2022-09-01,BK0097,Introduction to Business Management,Business Management,16.0,6.0,9.333333333333334,8,0,0,0,43,1,0,2007,True,False,False,False,False,False,False,False,False,False,19.0
1177,2022-10-01,BK0097,Introduction to Business Management,Business Management,6.0,16.0,13.666666666666666,9,1,0,0,43,0,3,2007,True,False,False,False,False,False,False,False,False,False,19.0
1297,2022-11-01,BK0097,Introduction to Business Management,Business Management,19.0,6.0,14.666666666666666,10,1,0,0,43,0,4,2007,True,False,False,False,False,False,False,False,False,False,6.0
1417,2022-12-01,BK0097,Introduction to Business Management,Business Management,19.0,19.0,14.666666666666666,11,0,1,0,43,0,0,2007,True,False,False,False,False,False,False,False,False,False,15.0
1537,2023-01-01,BK0097,Introduction to Business Management,Business Management,6.0,19.0,13.333333333333334,12,0,0,1,43,0,1,2007,True,False,False,False,False,False,False,False,False,False,14.0
1657,2023-02-01,BK0097,Introduction to Business Management,Business Management,15.0,6.0,11.666666666666666,13,0,0,1,43,0,2,2007,True,False,False,False,False,False,False,False,False,False,10.0
1777,2023-03-01,BK0097,Introduction to Business Management,Business Management,14.0,15.0,13.0,14,0,0,1,43,1,0,2007,True,False,False,False,False,False,False,False,False,False,23.0
1897,2023-04-01,BK0097,Introduction to Business Management,Business Management,10.0,14.0,15.666666666666666,15,1,0,1,43,0,3,2007,True,False,False,False,False,False,False,False,False,False,19.0
2017,2023-05-01,BK0097,Introduction to Business Management,Business Management,23.0,10.0,17.333333333333332,16,1,0,1,43,0,4,2007,True,False,False,False,False,False,False,False,False,False,7.0
2137,2023-06-01,BK0097,Introduction to Business Management,Business Management,19.0,23.0,16.333333333333332,17,0,1,1,43,0,2,2007,True,False,False,False,False,False,False,False,False,False,15.0
2257,2023-07-01,BK0097,Introduction to Business Management,Business Management,7.0,19.0,13.666666666666666,18,0,0,0,43,0,0,2007,True,False,False,False,False,False,False,False,False,False,12.0
2377,2023-08-01,BK0097,Introduction to Business Management,Business Management,15.0,7.0,11.333333333333334,19,0,0,0,43,0,6,2007,True,False,False,False,False,False,False,False,False,False,10.0
2497,2023-09-01,BK0097,Introduction to Business Management,Business Management,12.0,15.0,12.333333333333334,20,0,0,0,43,0,3,2007,True,False,False,False,False,False,False,False,False,False,19.0
2617,2023-10-01,BK0097,Introduction to Business Management,Business Management,10.0,12.0,13.666666666666666,21,1,0,0,43,0,1,2007,True,False,False,False,False,False,False,False,False,False,22.0
2737,2023-11-01,BK0097,Introduction to Business Management,Business Management,19.0,10.0,17.0,22,1,0,0,43,0,2,2007,True,False,False,False,False,False,False,False,False,False,8.0
2857,2023-12-01,BK0097,Introduction to Business Management,Business Management,22.0,19.0,16.333333333333332,23,0,1,0,43,1,0,2007,True,False,False,False,False,False,False,False,False,False,25.0
2977,2024-01-01,BK0097,Introduction to Business Management,Business Management,8.0,22.0,18.333333333333332,24,0,0,1,43,1,2,2007,True,False,False,False,False,False,False,False,False,False,24.0
3097,2024-02-01,BK0097,Introduction to Business Management,Business Management,25.0,8.0,19.0,25,0,0,1,43,0,4,2007,True,False,False,False,False,False,False,False,False,False,19.0
3217,2024-03-01,BK0097,Introduction to Business Management,Business Management,24.0,25.0,22.666666666666668,26,0,0,1,43,0,2,2007,True,False,False,False,False,False,False,False,False,False,30.0
3337,2024-04-01,BK0097,Introduction to Business Management,Business Management,19.0,24.0,24.333333333333332,27,1,0,1,43,0,1,2007,True,False,False,False,False,False,False,False,False,False,31.0
3457,2024-05-01,BK0097,Introduction to Business Management,Business Management,30.0,19.0,26.666666666666668,28,1,0,1,43,1,5,2007,True,False,False,False,False,False,False,False,False,False,12.0
338,2022-03-01,BK0098,Fundamentals of Business Management,Business Management,18.0,20.0,19.666666666666668,2,0,0,1,44,0,2,2012,True,False,False,False,False,False,False,False,False,False,22.0
458,2022-04-01,BK0098,Fundamentals of Business Management,Business Management,21.0,18.0,20.333333333333332,3,1,0,1,44,0,5,2012,True,False,False,False,False,False,False,False,False,False,22.0
578,2022-05-01,BK0098,Fundamentals of Business Management,Business Management,22.0,21.0,21.666666666666668,4,1,0,1,44,0,1,2012,True,False,False,False,False,False,False,False,False,False,3.0
698,2022-06-01,BK0098,Fundamentals of Business Management,Business Management,22.0,22.0,15.666666666666666,5,0,1,1,44,0,2,2012,True,False,False,False,False,False,False,False,False,False,18.0
818,2022-07-01,BK0098,Fundamentals of Business Management,Business Management,3.0,22.0,14.333333333333334,6,0,0,0,44,0,5,2012,True,False,False,False,False,False,False,False,False,False,19.0
938,2022-08-01,BK0098,Fundamentals of Business Management,Business Management,18.0,3.0,13.333333333333334,7,0,0,0,44,1,5,2012,True,False,False,False,False,False,False,False,False,False,19.0
1058,2022-09-01,BK0098,Fundamentals of Business Management,Business Management,19.0,18.0,18.666666666666668,8,0,0,0,44,1,2,2012,True,False,False,False,False,False,False,False,False,False,22.0
1178,2022-10-01,BK0098,Fundamentals of Business Management,Business Management,19.0,19.0,20.0,9,1,0,0,44,0,4,2012,True,False,False,False,False,False,False,False,False,False,26.0
1298,2022-11-01,BK0098,Fundamentals of Business Management,Business Management,22.0,19.0,22.333333333333332,10,1,0,0,44,0,5,2012,True,False,False,False,False,False,False,False,False,False,12.0
1418,2022-12-01,BK0098,Fundamentals of Business Management,Business Management,26.0,22.0,20.0,11,0,1,0,44,0,2,2012,True,False,False,False,False,False,False,False,False,False,13.0
1538,2023-01-01,BK0098,Fundamentals of Business Management,Business Management,12.0,26.0,17.0,12,0,0,1,44,0,2,2012,True,False,False,False,False,False,False,False,False,False,24.0
1658,2023-02-01,BK0098,Fundamentals of Business Management,Business Management,13.0,12.0,16.333333333333332,13,0,0,1,44,0,3,2012,True,False,False,False,False,False,False,False,False,False,17.0
1778,2023-03-01,BK0098,Fundamentals of Business Management,Business Management,24.0,13.0,18.0,14,0,0,1,44,0,4,2012,True,False,False,False,False,False,False,False,False,False,28.0
1898,2023-04-01,BK0098,Fundamentals of Business Management,Business Management,17.0,24.0,23.0,15,1,0,1,44,0,4,2012,True,False,False,False,False,False,False,False,False,False,24.0
2018,2023-05-01,BK0098,Fundamentals of Business Management,Business Management,28.0,17.0,23.0,16,1,0,1,44,0,3,2012,True,False,False,False,False,False,False,False,False,False,5.0
2138,2023-06-01,BK0098,Fundamentals of Business Management,Business Management,24.0,28.0,19.0,17,0,1,1,44,1,2,2012,True,False,False,False,False,False,False,False,False,False,22.0
2258,2023-07-01,BK0098,Fundamentals of Business Management,Business Management,5.0,24.0,17.0,18,0,0,0,44,1,4,2012,True,False,False,False,False,False,False,False,False,False,14.0
2378,2023-08-01,BK0098,Fundamentals of Business Management,Business Management,22.0,5.0,13.666666666666666,19,0,0,0,44,0,0,2012,True,False,False,False,False,False,False,False,False,False,16.0
2498,2023-09-01,BK0098,Fundamentals of Business Management,Business Management,14.0,22.0,17.333333333333332,20,0,0,0,44,1,3,2012,True,False,False,False,False,False,False,False,False,False,31.0
2618,2023-10-01,BK0098,Fundamentals of Business Management,Business Management,16.0,14.0,20.333333333333332,21,1,0,0,44,0,4,2012,True,False,False,False,False,False,False,False,False,False,27.0
2738,2023-11-01,BK0098,Fundamentals of Business Management,Business Management,31.0,16.0,24.666666666666668,22,1,0,0,44,1,2,2012,True,False,False,False,False,False,False,False,False,False,3.0
2858,2023-12-01,BK0098,Fundamentals of Business Management,Business Management,27.0,31.0,20.333333333333332,23,0,1,0,44,0,0,2012,True,False,False,False,False,False,False,False,False,False,15.0
2978,2024-01-01,BK0098,Fundamentals of Business Management,Business Management,3.0,27.0,15.0,24,0,0,1,44,0,1,2012,True,False,False,False,False,False,False,False,False,False,15.0
3098,2024-02-01,BK0098,Fundamentals of Business Management,Business Management,15.0,3.0,11.0,25,0,0,1,44,0,4,2012,True,False,False,False,False,False,False,False,False,False,20.0
3218,2024-03-01,BK0098,Fundamentals of Business Management,Business Management,15.0,15.0,16.666666666666668,26,0,0,1,44,0,3,2012,True,False,False,False,False,False,False,False,False,False,25.0
3338,2024-04-01,BK0098,Fundamentals of Business Management,Business Management,20.0,15.0,20.0,27,1,0,1,44,0,4,2012,True,False,False,False,False,False,False,False,False,False,29.0
3458,2024-05-01,BK0098,Fundamentals of Business Management,Business Management,25.0,20.0,24.666666666666668,28,1,0,1,44,0,5,2012,True,False,False,False,False,False,False,False,False,False,2.0
339,2022-03-01,BK0099,Business Management: A Practical Approach,Business Management,14.0,9.0,12.333333333333334,2,0,0,1,47,0,3,2022,True,False,False,False,False,False,False,False,False,False,16.0
459,2022-04-01,BK0099,Business Management: A Practical Approach,Business Management,14.0,14.0,14.666666666666666,3,1,0,1,47,0,2,2022,True,False,False,False,False,False,False,False,False,False,18.0
579,2022-05-01,BK0099,Business Management: A Practical Approach,Business Management,16.0,14.0,16.0,4,1,0,1,47,1,5,2022,True,False,False,False,False,False,False,False,False,False,5.0
699,2022-06-01,BK0099,Business Management: A Practical Approach,Business Management,18.0,16.0,13.0,5,0,1,1,47,0,1,2022,True,False,False,False,False,False,False,False,False,False,16.0
819,2022-07-01,BK0099,Business Management: A Practical Approach,Business Management,5.0,18.0,13.0,6,0,0,0,47,0,3,2022,True,False,False,False,False,False,False,False,False,False,10.0
939,2022-08-01,BK0099,Business Management: A Practical Approach,Business Management,16.0,5.0,10.333333333333334,7,0,0,0,47,0,0,2022,True,False,False,False,False,False,False,False,False,False,17.0
1059,2022-09-01,BK0099,Business Management: A Practical Approach,Business Management,10.0,16.0,14.333333333333334,8,0,0,0,47,0,3,2022,True,False,False,False,False,False,False,False,False,False,15.0
1179,2022-10-01,BK0099,Business Management: A Practical Approach,Business Management,17.0,10.0,14.0,9,1,0,0,47,0,4,2022,True,False,False,False,False,False,False,False,False,False,18.0
1299,2022-11-01,BK0099,Business Management: A Practical Approach,Business Management,15.0,17.0,16.666666666666668,10,1,0,0,47,0,1,2022,True,False,False,False,False,False,False,False,False,False,6.0
1419,2022-12-01,BK0099,Business Management: A Practical Approach,Business Management,18.0,15.0,13.0,11,0,1,0,47,0,1,2022,True,False,False,False,False,False,False,False,False,False,8.0
1539,2023-01-01,BK0099,Business Management: A Practical Approach,Business Management,6.0,18.0,10.666666666666666,12,0,0,1,47,0,1,2022,True,False,False,False,False,False,False,False,False,False,15.0
1659,2023-02-01,BK0099,Business Management: A Practical Approach,Business Management,8.0,6.0,9.666666666666666,13,0,0,1,47,0,3,2022,True,False,False,False,False,False,False,False,False,False,10.0
1779,2023-03-01,BK0099,Business Management: A Practical Approach,Business Management,15.0,8.0,11.0,14,0,0,1,47,0,0,2022,True,False,False,False,False,False,False,False,False,False,25.0
1899,2023-04-01,BK0099,Business Management: A Practical Approach,Business Management,10.0,15.0,16.666666666666668,15,1,0,1,47,1,4,2022,True,False,False,False,False,False,False,False,False,False,10.0
2019,2023-05-01,BK0099,Business Management: A Practical Approach,Business Management,25.0,10.0,15.0,16,1,0,1,47,1,2,2022,True,False,False,False,False,False,False,False,False,False,4.0
2139,2023-06-01,BK0099,Business Management: A Practical Approach,Business Management,10.0,25.0,13.0,17,0,1,1,47,0,2,2022,True,False,False,False,False,False,False,False,False,False,9.0
2259,2023-07-01,BK0099,Business Management: A Practical Approach,Business Management,4.0,10.0,7.666666666666667,18,0,0,0,47,0,3,2022,True,False,False,False,False,False,False,False,False,False,12.0
2379,2023-08-01,BK0099,Business Management: A Practical Approach,Business Management,9.0,4.0,8.333333333333334,19,0,0,0,47,1,3,2022,True,False,False,False,False,False,False,False,False,False,9.0
2499,2023-09-01,BK0099,Business Management: A Practical Approach,Business Management,12.0,9.0,10.0,20,0,0,0,47,0,1,2022,True,False,False,False,False,False,False,False,False,False,13.0
2619,2023-10-01,BK0099,Business Management: A Practical Approach,Business Management,9.0,12.0,11.333333333333334,21,1,0,0,47,0,1,2022,True,False,False,False,False,False,False,False,False,False,15.0
2739,2023-11-01,BK0099,Business Management: A Practical Approach,Business Management,13.0,9.0,12.333333333333334,22,1,0,0,47,1,4,2022,True,False,False,False,False,False,False,False,False,False,7.0
2859,2023-12-01,BK0099,Business Management: A Practical Approach,Business Management,15.0,13.0,11.666666666666666,23,0,1,0,47,1,2,2022,True,False,False,False,False,False,False,False,False,False,20.0
2979,2024-01-01,BK0099,Business Management: A Practical Approach,Business Management,7.0,15.0,14.0,24,0,0,1,47,0,5,2022,True,False,False,False,False,False,False,False,False,False,16.0
3099,2024-02-01,BK0099,Business Management: A Practical Approach,Business Management,20.0,7.0,14.333333333333334,25,0,0,1,47,0,1,2022,True,False,False,False,False,False,False,False,False,False,26.0
3219,2024-03-01,BK0099,Business Management: A Practical Approach,Business Management,16.0,20.0,20.666666666666668,26,0,0,1,47,0,4,2022,True,False,False,False,False,False,False,False,False,False,15.0
3339,2024-04-01,BK0099,Business Management: A Practical Approach,Business Management,26.0,16.0,19.0,27,1,0,1,47,0,1,2022,True,False,False,False,False,False,False,False,False,False,13.0
3459,2024-05-01,BK0099,Business Management: A Practical Approach,Business Management,15.0,26.0,18.0,28,1,0,1,47,0,1,2022,True,False,False,False,False,False,False,False,False,False,2.0
340,2022-03-01,BK0100,Advanced Business Management,Business Management,19.0,14.0,14.333333333333334,2,0,0,1,37,0,3,2018,True,False,False,False,False,False,False,False,False,False,13.0
460,2022-04-01,BK0100,Advanced Business Management,Business Management,10.0,19.0,14.0,3,1,0,1,37,0,2,2018,True,False,False,False,False,False,False,False,False,False,13.0
580,2022-05-01,BK0100,Advanced Business Management,Business Management,13.0,10.0,12.0,4,1,0,1,37,0,1,2018,True,False,False,False,False,False,False,False,False,False,2.0
700,2022-06-01,BK0100,Advanced Business Management,Business Management,13.0,13.0,9.333333333333334,5,0,1,1,37,1,0,2018,True,False,False,False,False,False,False,False,False,False,14.0
820,2022-07-01,BK0100,Advanced Business Management,Business Management,2.0,13.0,9.666666666666666,6,0,0,0,37,0,2,2018,True,False,False,False,False,False,False,False,False,False,16.0
940,2022-08-01,BK0100,Advanced Business Management,Business Management,14.0,2.0,10.666666666666666,7,0,0,0,37,0,3,2018,True,False,False,False,False,False,False,False,False,False,15.0
1060,2022-09-01,BK0100,Advanced Business Management,Business Management,16.0,14.0,15.0,8,0,0,0,37,0,4,2018,True,False,False,False,False,False,False,False,False,False,27.0
1180,2022-10-01,BK0100,Advanced Business Management,Business Management,15.0,16.0,19.333333333333332,9,1,0,0,37,0,3,2018,True,False,False,False,False,False,False,False,False,False,18.0
1300,2022-11-01,BK0100,Advanced Business Management,Business Management,27.0,15.0,20.0,10,1,0,0,37,0,4,2018,True,False,False,False,False,False,False,False,False,False,0.0
1420,2022-12-01,BK0100,Advanced Business Management,Business Management,18.0,27.0,15.0,11,0,1,0,37,0,0,2018,True,False,False,False,False,False,False,False,False,False,9.0
1540,2023-01-01,BK0100,Advanced Business Management,Business Management,0.0,18.0,9.0,12,0,0,1,37,0,2,2018,True,False,False,False,False,False,False,False,False,False,14.0
1660,2023-02-01,BK0100,Advanced Business Management,Business Management,9.0,0.0,7.666666666666667,13,0,0,1,37,0,4,2018,True,False,False,False,False,False,False,False,False,False,8.0
1780,2023-03-01,BK0100,Advanced Business Management,Business Management,14.0,9.0,10.333333333333334,14,0,0,1,37,0,2,2018,True,False,False,False,False,False,False,False,False,False,21.0
1900,2023-04-01,BK0100,Advanced Business Management,Business Management,8.0,14.0,14.333333333333334,15,1,0,1,37,0,4,2018,True,False,False,False,False,False,False,False,False,False,16.0
2020,2023-05-01,BK0100,Advanced Business Management,Business Management,21.0,8.0,15.0,16,1,0,1,37,1,2,2018,True,False,False,False,False,False,False,False,False,False,7.0
2140,2023-06-01,BK0100,Advanced Business Management,Business Management,16.0,21.0,14.666666666666666,17,0,1,1,37,0,1,2018,True,False,False,False,False,False,False,False,False,False,12.0
2260,2023-07-01,BK0100,Advanced Business Management,Business Management,7.0,16.0,11.666666666666666,18,0,0,0,37,0,2,2018,True,False,False,False,False,False,False,False,False,False,8.0
2380,2023-08-01,BK0100,Advanced Business Management,Business Management,12.0,7.0,9.0,19,0,0,0,37,1,1,2018,True,False,False,False,False,False,False,False,False,False,11.0
2500,2023-09-01,BK0100,Advanced Business Management,Business Management,8.0,12.0,10.333333333333334,20,0,0,0,37,1,0,2018,True,False,False,False,False,False,False,False,False,False,14.0
2620,2023-10-01,BK0100,Advanced Business Management,Business Management,11.0,8.0,11.0,21,1,0,0,37,0,4,2018,True,False,False,False,False,False,False,False,False,False,11.0
2740,2023-11-01,BK0100,Advanced Business Management,Business Management,14.0,11.0,12.0,22,1,0,0,37,0,3,2018,True,False,False,False,False,False,False,False,False,False,5.0
2860,2023-12-01,BK0100,Advanced Business Management,Business Management,11.0,14.0,10.0,23,0,1,0,37,1,2,2018,True,False,False,False,False,False,False,False,False,False,15.0
2980,2024-01-01,BK0100,Advanced Business Management,Business Management,5.0,11.0,10.333333333333334,24,0,0,1,37,2,1,2018,True,False,False,False,False,False,False,False,False,False,11.0
3100,2024-02-01,BK0100,Advanced Business Management,Business Management,15.0,5.0,10.333333333333334,25,0,0,1,37,0,4,2018,True,False,False,False,False,False,False,False,False,False,14.0
3220,2024-03-01,BK0100,Advanced Business Management,Business Management,11.0,15.0,13.333333333333334,26,0,0,1,37,0,3,2018,True,False,False,False,False,False,False,False,False,False,13.0
3340,2024-04-01,BK0100,Advanced Business Management,Business Management,14.0,11.0,12.666666666666666,27,1,0,1,37,0,3,2018,True,False,False,False,False,False,False,False,False,False,15.0
3460,2024-05-01,BK0100,Advanced Business Management,Business Management,13.0,14.0,14.0,28,1,0,1,37,0,3,2018,True,False,False,False,False,False,False,False,False,False,4.0
341,2022-03-01,BK0101,Principles of Business Management,Business Management,28.0,32.0,29.666666666666668,2,0,0,1,60,0,3,2018,True,False,False,False,False,False,False,False,False,False,27.0
461,2022-04-01,BK0101,Principles of Business Management,Business Management,29.0,28.0,28.0,3,1,0,1,60,0,4,2018,True,False,False,False,False,False,False,False,False,False,20.0
581,2022-05-01,BK0101,Principles of Business Management,Business Management,27.0,29.0,25.333333333333332,4,1,0,1,60,0,2,2018,True,False,False,False,False,False,False,False,False,False,8.0
701,2022-06-01,BK0101,Principles of Business Management,Business Management,20.0,27.0,18.333333333333332,5,0,1,1,60,1,0,2018,True,False,False,False,False,False,False,False,False,False,23.0
821,2022-07-01,BK0101,Principles of Business Management,Business Management,8.0,20.0,17.0,6,0,0,0,60,1,2,2018,True,False,False,False,False,False,False,False,False,False,18.0
941,2022-08-01,BK0101,Principles of Business Management,Business Management,23.0,8.0,16.333333333333332,7,0,0,0,60,1,3,2018,True,False,False,False,False,False,False,False,False,False,20.0
1061,2022-09-01,BK0101,Principles of Business Management,Business Management,18.0,23.0,20.333333333333332,8,0,0,0,60,2,1,2018,True,False,False,False,False,False,False,False,False,False,29.0
1181,2022-10-01,BK0101,Principles of Business Management,Business Management,20.0,18.0,22.333333333333332,9,1,0,0,60,1,3,2018,True,False,False,False,False,False,False,False,False,False,37.0
1301,2022-11-01,BK0101,Principles of Business Management,Business Management,29.0,20.0,28.666666666666668,10,1,0,0,60,0,4,2018,True,False,False,False,False,False,False,False,False,False,7.0
1421,2022-12-01,BK0101,Principles of Business Management,Business Management,37.0,29.0,24.333333333333332,11,0,1,0,60,1,2,2018,True,False,False,False,False,False,False,False,False,False,26.0
1541,2023-01-01,BK0101,Principles of Business Management,Business Management,7.0,37.0,23.333333333333332,12,0,0,1,60,0,5,2018,True,False,False,False,False,False,False,False,False,False,32.0
1661,2023-02-01,BK0101,Principles of Business Management,Business Management,26.0,7.0,21.666666666666668,13,0,0,1,60,0,5,2018,True,False,False,False,False,False,False,False,False,False,27.0
1781,2023-03-01,BK0101,Principles of Business Management,Business Management,32.0,26.0,28.333333333333332,14,0,0,1,60,0,4,2018,True,False,False,False,False,False,False,False,False,False,31.0
1901,2023-04-01,BK0101,Principles of Business Management,Business Management,27.0,32.0,30.0,15,1,0,1,60,0,7,2018,True,False,False,False,False,False,False,False,False,False,37.0
2021,2023-05-01,BK0101,Principles of Business Management,Business Management,31.0,27.0,31.666666666666668,16,1,0,1,60,1,6,2018,True,False,False,False,False,False,False,False,False,False,9.0
2141,2023-06-01,BK0101,Principles of Business Management,Business Management,37.0,31.0,25.666666666666668,17,0,1,1,60,2,0,2018,True,False,False,False,False,False,False,False,False,False,26.0
2261,2023-07-01,BK0101,Principles of Business Management,Business Management,9.0,37.0,24.0,18,0,0,0,60,0,2,2018,True,False,False,False,False,False,False,False,False,False,31.0
2381,2023-08-01,BK0101,Principles of Business Management,Business Management,26.0,9.0,22.0,19,0,0,0,60,0,4,2018,True,False,False,False,False,False,False,False,False,False,32.0
2501,2023-09-01,BK0101,Principles of Business Management,Business Management,31.0,26.0,29.666666666666668,20,0,0,0,60,1,2,2018,True,False,False,False,False,False,False,False,False,False,45.0
2621,2023-10-01,BK0101,Principles of Business Management,Business Management,32.0,31.0,36.0,21,1,0,0,60,0,5,2018,True,False,False,False,False,False,False,False,False,False,33.0
2741,2023-11-01,BK0101,Principles of Business Management,Business Management,45.0,32.0,36.666666666666664,22,1,0,0,60,0,4,2018,True,False,False,False,False,False,False,False,False,False,10.0
2861,2023-12-01,BK0101,Principles of Business Management,Business Management,33.0,45.0,29.333333333333332,23,0,1,0,60,0,4,2018,True,False,False,False,False,False,False,False,False,False,32.0
2981,2024-01-01,BK0101,Principles of Business Management,Business Management,10.0,33.0,25.0,24,0,0,1,60,0,2,2018,True,False,False,False,False,False,False,False,False,False,16.0
3101,2024-02-01,BK0101,Principles of Business Management,Business Management,32.0,10.0,19.333333333333332,25,0,0,1,60,0,1,2018,True,False,False,False,False,False,False,False,False,False,26.0
3221,2024-03-01,BK0101,Principles of Business Management,Business Management,16.0,32.0,24.666666666666668,26,0,0,1,60,1,7,2018,True,False,False,False,False,False,False,False,False,False,30.0
3341,2024-04-01,BK0101,Principles of Business Management,Business Management,26.0,16.0,24.0,27,1,0,1,60,0,4,2018,True,False,False,False,False,False,False,False,False,False,48.0
3461,2024-05-01,BK0101,Principles of Business Management,Business Management,30.0,26.0,34.666666666666664,28,1,0,1,60,1,5,2018,True,False,False,False,False,False,False,False,False,False,12.0
342,2022-03-01,BK0102,Business Management for Engineers,Business Management,5.0,4.0,4.333333333333333,2,0,0,1,47,1,1,2001,True,False,False,False,False,False,False,False,False,False,8.0
462,2022-04-01,BK0102,Business Management for Engineers,Business Management,4.0,5.0,5.666666666666667,3,1,0,1,47,0,2,2001,True,False,False,False,False,False,False,False,False,False,8.0
582,2022-05-01,BK0102,Business Management for Engineers,Business Management,8.0,4.0,6.666666666666667,4,1,0,1,47,1,1,2001,True,False,False,False,False,False,False,False,False,False,4.0
702,2022-06-01,BK0102,Business Management for Engineers,Business Management,8.0,8.0,6.666666666666667,5,0,1,1,47,0,2,2001,True,False,False,False,False,False,False,False,False,False,5.0
822,2022-07-01,BK0102,Business Management for Engineers,Business Management,4.0,8.0,5.666666666666667,6,0,0,0,47,0,1,2001,True,False,False,False,False,False,False,False,False,False,4.0
942,2022-08-01,BK0102,Business Management for Engineers,Business Management,5.0,4.0,4.333333333333333,7,0,0,0,47,1,0,2001,True,False,False,False,False,False,False,False,False,False,3.0
1062,2022-09-01,BK0102,Business Management for Engineers,Business Management,4.0,5.0,4.0,8,0,0,0,47,0,0,2001,True,False,False,False,False,False,False,False,False,False,5.0
1182,2022-10-01,BK0102,Business Management for Engineers,Business Management,3.0,4.0,4.0,9,1,0,0,47,1,1,2001,True,False,False,False,False,False,False,False,False,False,6.0
1302,2022-11-01,BK0102,Business Management for Engineers,Business Management,5.0,3.0,4.666666666666667,10,1,0,0,47,0,2,2001,True,False,False,False,False,False,False,False,False,False,4.0
1422,2022-12-01,BK0102,Business Management for Engineers,Business Management,6.0,5.0,5.0,11,0,1,0,47,0,0,2001,True,False,False,False,False,False,False,False,False,False,6.0
1542,2023-01-01,BK0102,Business Management for Engineers,Business Management,4.0,6.0,5.333333333333333,12,0,0,1,47,0,1,2001,True,False,False,False,False,False,False,False,False,False,4.0
1662,2023-02-01,BK0102,Business Management for Engineers,Business Management,6.0,4.0,4.666666666666667,13,0,0,1,47,0,0,2001,True,False,False,False,False,False,False,False,False,False,4.0
1782,2023-03-01,BK0102,Business Management for Engineers,Business Management,4.0,6.0,4.666666666666667,14,0,0,1,47,1,0,2001,True,False,False,False,False,False,False,False,False,False,7.0
1902,2023-04-01,BK0102,Business Management for Engineers,Business Management,4.0,4.0,5.0,15,1,0,1,47,0,2,2001,True,False,False,False,False,False,False,False,False,False,5.0
2022,2023-05-01,BK0102,Business Management for Engineers,Business Management,7.0,4.0,5.333333333333333,16,1,0,1,47,0,0,2001,True,False,False,False,False,False,False,False,False,False,0.0
2142,2023-06-01,BK0102,Business Management for Engineers,Business Management,5.0,7.0,4.0,17,0,1,1,47,0,0,2001,True,False,False,False,False,False,False,False,False,False,4.0
2262,2023-07-01,BK0102,Business Management for Engineers,Business Management,0.0,5.0,3.0,18,0,0,0,47,0,0,2001,True,False,False,False,False,False,False,False,False,False,10.0
2382,2023-08-01,BK0102,Business Management for Engineers,Business Management,4.0,0.0,4.666666666666667,19,0,0,0,47,0,4,2001,True,False,False,False,False,False,False,False,False,False,8.0
2502,2023-09-01,BK0102,Business Management for Engineers,Business Management,10.0,4.0,7.333333333333333,20,0,0,0,47,0,1,2001,True,False,False,False,False,False,False,False,False,False,5.0
2622,2023-10-01,BK0102,Business Management for Engineers,Business Management,8.0,10.0,7.666666666666667,21,1,0,0,47,0,0,2001,True,False,False,False,False,False,False,False,False,False,6.0
2742,2023-11-01,BK0102,Business Management for Engineers,Business Management,5.0,8.0,6.333333333333333,22,1,0,0,47,0,1,2001,True,False,False,False,False,False,False,False,False,False,4.0
2862,2023-12-01,BK0102,Business Management for Engineers,Business Management,6.0,5.0,5.0,23,0,1,0,47,1,1,2001,True,False,False,False,False,False,False,False,False,False,6.0
2982,2024-01-01,BK0102,Business Management for Engineers,Business Management,4.0,6.0,5.333333333333333,24,0,0,1,47,0,2,2001,True,False,False,False,False,False,False,False,False,False,4.0
3102,2024-02-01,BK0102,Business Management for Engineers,Business Management,6.0,4.0,4.666666666666667,25,0,0,1,47,0,1,2001,True,False,False,False,False,False,False,False,False,False,4.0
3222,2024-03-01,BK0102,Business Management for Engineers,Business Management,4.0,6.0,4.666666666666667,26,0,0,1,47,0,0,2001,True,False,False,False,False,False,False,False,False,False,15.0
3342,2024-04-01,BK0102,Business Management for Engineers,Business Management,4.0,4.0,7.666666666666667,27,1,0,1,47,0,3,2001,True,False,False,False,False,False,False,False,False,False,9.0
3462,2024-05-01,BK0102,Business Management for Engineers,Business Management,15.0,4.0,9.333333333333334,28,1,0,1,47,1,0,2001,True,False,False,False,False,False,False,False,False,False,4.0
343,2022-03-01,BK0103,Modern Business Management,Business Management,3.0,6.0,3.3333333333333335,2,0,0,1,69,0,0,2017,True,False,False,False,False,False,False,False,False,False,8.0
463,2022-04-01,BK0103,Modern Business Management,Business Management,1.0,3.0,4.0,3,1,0,1,69,0,1,2017,True,False,False,False,False,False,False,False,False,False,8.0
583,2022-05-01,BK0103,Modern Business Management,Business Management,8.0,1.0,5.666666666666667,4,1,0,1,69,0,2,2017,True,False,False,False,False,False,False,False,False,False,5.0
703,2022-06-01,BK0103,Modern Business Management,Business Management,8.0,8.0,7.0,5,0,1,1,69,2,2,2017,True,False,False,False,False,False,False,False,False,False,5.0
823,2022-07-01,BK0103,Modern Business Management,Business Management,5.0,8.0,6.0,6,0,0,0,69,1,0,2017,True,False,False,False,False,False,False,False,False,False,0.0
943,2022-08-01,BK0103,Modern Business Management,Business Management,5.0,5.0,3.3333333333333335,7,0,0,0,69,0,0,2017,True,False,False,False,False,False,False,False,False,False,4.0
1063,2022-09-01,BK0103,Modern Business Management,Business Management,0.0,5.0,3.0,8,0,0,0,69,0,0,2017,True,False,False,False,False,False,False,False,False,False,8.0
1183,2022-10-01,BK0103,Modern Business Management,Business Management,4.0,0.0,4.0,9,1,0,0,69,0,0,2017,True,False,False,False,False,False,False,False,False,False,6.0
1303,2022-11-01,BK0103,Modern Business Management,Business Management,8.0,4.0,6.0,10,1,0,0,69,0,0,2017,True,False,False,False,False,False,False,False,False,False,2.0
1423,2022-12-01,BK0103,Modern Business Management,Business Management,6.0,8.0,5.333333333333333,11,0,1,0,69,0,1,2017,True,False,False,False,False,False,False,False,False,False,5.0
1543,2023-01-01,BK0103,Modern Business Management,Business Management,2.0,6.0,4.333333333333333,12,0,0,1,69,0,1,2017,True,False,False,False,False,False,False,False,False,False,4.0
1663,2023-02-01,BK0103,Modern Business Management,Business Management,5.0,2.0,3.6666666666666665,13,0,0,1,69,0,0,2017,True,False,False,False,False,False,False,False,False,False,11.0
1783,2023-03-01,BK0103,Modern Business Management,Business Management,4.0,5.0,6.666666666666667,14,0,0,1,69,0,0,2017,True,False,False,False,False,False,False,False,False,False,7.0
1903,2023-04-01,BK0103,Modern Business Management,Business Management,11.0,4.0,7.333333333333333,15,1,0,1,69,0,1,2017,True,False,False,False,False,False,False,False,False,False,7.0
2023,2023-05-01,BK0103,Modern Business Management,Business Management,7.0,11.0,8.333333333333334,16,1,0,1,69,0,1,2017,True,False,False,False,False,False,False,False,False,False,2.0
2143,2023-06-01,BK0103,Modern Business Management,Business Management,7.0,7.0,5.333333333333333,17,0,1,1,69,0,0,2017,True,False,False,False,False,False,False,False,False,False,1.0
2263,2023-07-01,BK0103,Modern Business Management,Business Management,2.0,7.0,3.3333333333333335,18,0,0,0,69,0,0,2017,True,False,False,False,False,False,False,False,False,False,7.0
2383,2023-08-01,BK0103,Modern Business Management,Business Management,1.0,2.0,3.3333333333333335,19,0,0,0,69,0,0,2017,True,False,False,False,False,False,False,False,False,False,4.0
2503,2023-09-01,BK0103,Modern Business Management,Business Management,7.0,1.0,4.0,20,0,0,0,69,1,0,2017,True,False,False,False,False,False,False,False,False,False,11.0
2623,2023-10-01,BK0103,Modern Business Management,Business Management,4.0,7.0,7.333333333333333,21,1,0,0,69,0,2,2017,True,False,False,False,False,False,False,False,False,False,7.0
2743,2023-11-01,BK0103,Modern Business Management,Business Management,11.0,4.0,7.333333333333333,22,1,0,0,69,1,2,2017,True,False,False,False,False,False,False,False,False,False,1.0
2863,2023-12-01,BK0103,Modern Business Management,Business Management,7.0,11.0,6.333333333333333,23,0,1,0,69,0,0,2017,True,False,False,False,False,False,False,False,False,False,3.0
2983,2024-01-01,BK0103,Modern Business Management,Business Management,1.0,7.0,3.6666666666666665,24,0,0,1,69,0,1,2017,True,False,False,False,False,False,False,False,False,False,3.0
3103,2024-02-01,BK0103,Modern Business Management,Business Management,3.0,1.0,2.3333333333333335,25,0,0,1,69,0,1,2017,True,False,False,False,False,False,False,False,False,False,7.0
3223,2024-03-01,BK0103,Modern Business Management,Business Management,3.0,3.0,4.333333333333333,26,0,0,1,69,0,2,2017,True,False,False,False,False,False,False,False,False,False,10.0
3343,2024-04-01,BK0103,Modern Business Management,Business Management,7.0,3.0,6.666666666666667,27,1,0,1,69,0,1,2017,True,False,False,False,False,False,False,False,False,False,5.0
3463,2024-05-01,BK0103,Modern Business Management,Business Management,10.0,7.0,7.333333333333333,28,1,0,1,69,0,0,2017,True,False,False,False,False,False,False,False,False,False,2.0
344,2022-03-01,BK0104,Applied Business Management,Business Management,49.0,49.0,47.333333333333336,2,0,0,1,36,6,9,2020,True,False,False,False,False,False,False,False,False,False,47.0
464,2022-04-01,BK0104,Applied Business Management,Business Management,44.0,49.0,46.666666666666664,3,1,0,1,36,12,9,2020,True,False,False,False,False,False,False,False,False,False,47.0
584,2022-05-01,BK0104,Applied Business Management,Business Management,47.0,44.0,46.0,4,1,0,1,36,7,11,2020,True,False,False,False,False,False,False,False,False,False,17.0
704,2022-06-01,BK0104,Applied Business Management,Business Management,47.0,47.0,37.0,5,0,1,1,36,0,4,2020,True,False,False,False,False,False,False,False,False,False,43.0
824,2022-07-01,BK0104,Applied Business Management,Business Management,17.0,47.0,35.666666666666664,6,0,0,0,36,3,5,2020,True,False,False,False,False,False,False,False,False,False,35.0
944,2022-08-01,BK0104,Applied Business Management,Business Management,43.0,17.0,31.666666666666668,7,0,0,0,36,0,2,2020,True,False,False,False,False,False,False,False,False,False,53.0
1064,2022-09-01,BK0104,Applied Business Management,Business Management,35.0,43.0,43.666666666666664,8,0,0,0,36,6,5,2020,True,False,False,False,False,False,False,False,False,False,39.0
1184,2022-10-01,BK0104,Applied Business Management,Business Management,53.0,35.0,42.333333333333336,9,1,0,0,36,2,3,2020,True,False,False,False,False,False,False,False,False,False,70.0
1304,2022-11-01,BK0104,Applied Business Management,Business Management,39.0,53.0,54.0,10,1,0,0,36,9,13,2020,True,False,False,False,False,False,False,False,False,False,12.0
1424,2022-12-01,BK0104,Applied Business Management,Business Management,70.0,39.0,40.333333333333336,11,0,1,0,36,1,2,2020,True,False,False,False,False,False,False,False,False,False,42.0
1544,2023-01-01,BK0104,Applied Business Management,Business Management,12.0,70.0,41.333333333333336,12,0,0,1,36,1,8,2020,True,False,False,False,False,False,False,False,False,False,44.0
1664,2023-02-01,BK0104,Applied Business Management,Business Management,42.0,12.0,32.666666666666664,13,0,0,1,36,5,8,2020,True,False,False,False,False,False,False,False,False,False,34.0
1784,2023-03-01,BK0104,Applied Business Management,Business Management,44.0,42.0,40.0,14,0,0,1,36,0,7,2020,True,False,False,False,False,False,False,False,False,False,61.0
1904,2023-04-01,BK0104,Applied Business Management,Business Management,34.0,44.0,46.333333333333336,15,1,0,1,36,16,9,2020,True,False,False,False,False,False,False,False,False,False,61.0
2024,2023-05-01,BK0104,Applied Business Management,Business Management,61.0,34.0,52.0,16,1,0,1,36,15,14,2020,True,False,False,False,False,False,False,False,False,False,11.0
2144,2023-06-01,BK0104,Applied Business Management,Business Management,61.0,61.0,44.333333333333336,17,0,1,1,36,0,2,2020,True,False,False,False,False,False,False,False,False,False,44.0
2264,2023-07-01,BK0104,Applied Business Management,Business Management,11.0,61.0,38.666666666666664,18,0,0,0,36,3,7,2020,True,False,False,False,False,False,False,False,False,False,43.0
2384,2023-08-01,BK0104,Applied Business Management,Business Management,44.0,11.0,32.666666666666664,19,0,0,0,36,1,7,2020,True,False,False,False,False,False,False,False,False,False,48.0
2504,2023-09-01,BK0104,Applied Business Management,Business Management,43.0,44.0,45.0,20,0,0,0,36,2,2,2020,True,False,False,False,False,False,False,False,False,False,52.0
2624,2023-10-01,BK0104,Applied Business Management,Business Management,48.0,43.0,47.666666666666664,21,1,0,0,36,8,10,2020,True,False,False,False,False,False,False,False,False,False,46.0
2744,2023-11-01,BK0104,Applied Business Management,Business Management,52.0,48.0,48.666666666666664,22,1,0,0,36,4,2,2020,True,False,False,False,False,False,False,False,False,False,15.0
2864,2023-12-01,BK0104,Applied Business Management,Business Management,46.0,52.0,37.666666666666664,23,0,1,0,36,1,1,2020,True,False,False,False,False,False,False,False,False,False,47.0
2984,2024-01-01,BK0104,Applied Business Management,Business Management,15.0,46.0,36.0,24,0,0,1,36,5,10,2020,True,False,False,False,False,False,False,False,False,False,40.0
3104,2024-02-01,BK0104,Applied Business Management,Business Management,47.0,15.0,34.0,25,0,0,1,36,3,6,2020,True,False,False,False,False,False,False,False,False,False,33.0
3224,2024-03-01,BK0104,Applied Business Management,Business Management,40.0,47.0,40.0,26,0,0,1,36,1,7,2020,True,False,False,False,False,False,False,False,False,False,44.0
3344,2024-04-01,BK0104,Applied Business Management,Business Management,33.0,40.0,39.0,27,1,0,1,36,2,8,2020,True,False,False,False,False,False,False,False,False,False,51.0
3464,2024-05-01,BK0104,Applied Business Management,Business Management,44.0,33.0,42.666666666666664,28,1,0,1,36,8,8,2020,True,False,False,False,False,False,False,False,False,False,16.0
345,2022-03-01,BK0105,Business Management Concepts and Applications,Business Management,14.0,20.0,16.666666666666668,2,0,0,1,16,0,4,2002,True,False,False,False,False,False,False,False,False,False,15.0
465,2022-04-01,BK0105,Business Management Concepts and Applications,Business Management,16.0,14.0,15.0,3,1,0,1,16,0,3,2002,True,False,False,False,False,False,False,False,False,False,18.0
585,2022-05-01,BK0105,Business Management Concepts and Applications,Business Management,15.0,16.0,16.333333333333332,4,1,0,1,16,2,2,2002,True,False,False,False,False,False,False,False,False,False,3.0
705,2022-06-01,BK0105,Business Management Concepts and Applications,Business Management,18.0,15.0,12.0,5,0,1,1,16,0,0,2002,True,False,False,False,False,False,False,False,False,False,15.0
825,2022-07-01,BK0105,Business Management Concepts and Applications,Business Management,3.0,18.0,12.0,6,0,0,0,16,0,1,2002,True,False,False,False,False,False,False,False,False,False,13.0
945,2022-08-01,BK0105,Business Management Concepts and Applications,Business Management,15.0,3.0,10.333333333333334,7,0,0,0,16,2,2,2002,True,False,False,False,False,False,False,False,False,False,11.0
1065,2022-09-01,BK0105,Business Management Concepts and Applications,Business Management,13.0,15.0,13.0,8,0,0,0,16,1,0,2002,True,False,False,False,False,False,False,False,False,False,15.0
1185,2022-10-01,BK0105,Business Management Concepts and Applications,Business Management,11.0,13.0,13.0,9,1,0,0,16,0,2,2002,True,False,False,False,False,False,False,False,False,False,17.0
1305,2022-11-01,BK0105,Business Management Concepts and Applications,Business Management,15.0,11.0,14.333333333333334,10,1,0,0,16,1,3,2002,True,False,False,False,False,False,False,False,False,False,3.0
1425,2022-12-01,BK0105,Business Management Concepts and Applications,Business Management,17.0,15.0,11.666666666666666,11,0,1,0,16,0,0,2002,True,False,False,False,False,False,False,False,False,False,15.0
1545,2023-01-01,BK0105,Business Management Concepts and Applications,Business Management,3.0,17.0,11.666666666666666,12,0,0,1,16,1,2,2002,True,False,False,False,False,False,False,False,False,False,20.0
1665,2023-02-01,BK0105,Business Management Concepts and Applications,Business Management,15.0,3.0,12.666666666666666,13,0,0,1,16,0,4,2002,True,False,False,False,False,False,False,False,False,False,15.0
1785,2023-03-01,BK0105,Business Management Concepts and Applications,Business Management,20.0,15.0,16.666666666666668,14,0,0,1,16,2,1,2002,True,False,False,False,False,False,False,False,False,False,17.0
1905,2023-04-01,BK0105,Business Management Concepts and Applications,Business Management,15.0,20.0,17.333333333333332,15,1,0,1,16,2,4,2002,True,False,False,False,False,False,False,False,False,False,23.0
2025,2023-05-01,BK0105,Business Management Concepts and Applications,Business Management,17.0,15.0,18.333333333333332,16,1,0,1,16,3,4,2002,True,False,False,False,False,False,False,False,False,False,3.0
2145,2023-06-01,BK0105,Business Management Concepts and Applications,Business Management,23.0,17.0,14.333333333333334,17,0,1,1,16,0,0,2002,True,False,False,False,False,False,False,False,False,False,16.0
2265,2023-07-01,BK0105,Business Management Concepts and Applications,Business Management,3.0,23.0,14.0,18,0,0,0,16,0,3,2002,True,False,False,False,False,False,False,False,False,False,11.0
2385,2023-08-01,BK0105,Business Management Concepts and Applications,Business Management,16.0,3.0,10.0,19,0,0,0,16,0,0,2002,True,False,False,False,False,False,False,False,False,False,15.0
2505,2023-09-01,BK0105,Business Management Concepts and Applications,Business Management,11.0,16.0,14.0,20,0,0,0,16,1,1,2002,True,False,False,False,False,False,False,False,False,False,17.0
2625,2023-10-01,BK0105,Business Management Concepts and Applications,Business Management,15.0,11.0,14.333333333333334,21,1,0,0,16,2,4,2002,True,False,False,False,False,False,False,False,False,False,24.0
2745,2023-11-01,BK0105,Business Management Concepts and Applications,Business Management,17.0,15.0,18.666666666666668,22,1,0,0,16,8,2,2002,True,False,False,False,False,False,False,False,False,False,5.0
2865,2023-12-01,BK0105,Business Management Concepts and Applications,Business Management,24.0,17.0,15.333333333333334,23,0,1,0,16,0,1,2002,True,False,False,False,False,False,False,False,False,False,24.0
2985,2024-01-01,BK0105,Business Management Concepts and Applications,Business Management,5.0,24.0,17.666666666666668,24,0,0,1,16,3,4,2002,True,False,False,False,False,False,False,False,False,False,8.0
3105,2024-02-01,BK0105,Business Management Concepts and Applications,Business Management,24.0,5.0,12.333333333333334,25,0,0,1,16,0,0,2002,True,False,False,False,False,False,False,False,False,False,20.0
3225,2024-03-01,BK0105,Business Management Concepts and Applications,Business Management,8.0,24.0,17.333333333333332,26,0,0,1,16,2,4,2002,True,False,False,False,False,False,False,False,False,False,22.0
3345,2024-04-01,BK0105,Business Management Concepts and Applications,Business Management,20.0,8.0,16.666666666666668,27,1,0,1,16,3,1,2002,True,False,False,False,False,False,False,False,False,False,18.0
3465,2024-05-01,BK0105,Business Management Concepts and Applications,Business Management,22.0,20.0,20.0,28,1,0,1,16,1,0,2002,True,False,False,False,False,False,False,False,False,False,3.0
346,2022-03-01,BK0106,Essentials of Business Management,Business Management,27.0,28.0,29.666666666666668,2,0,0,1,37,0,7,1996,True,False,False,False,False,False,False,False,False,False,50.0
466,2022-04-01,BK0106,Essentials of Business Management,Business Management,34.0,27.0,37.0,3,1,0,1,37,4,9,1996,True,False,False,False,False,False,False,False,False,False,43.0
586,2022-05-01,BK0106,Essentials of Business Management,Business Management,50.0,34.0,42.333333333333336,4,1,0,1,37,2,13,1996,True,False,False,False,False,False,False,False,False,False,10.0
706,2022-06-01,BK0106,Essentials of Business Management,Business Management,43.0,50.0,34.333333333333336,5,0,1,1,37,1,2,1996,True,False,False,False,False,False,False,False,False,False,39.0
826,2022-07-01,BK0106,Essentials of Business Management,Business Management,10.0,43.0,30.666666666666668,6,0,0,0,37,2,7,1996,True,False,False,False,False,False,False,False,False,False,34.0
946,2022-08-01,BK0106,Essentials of Business Management,Business Management,39.0,10.0,27.666666666666668,7,0,0,0,37,0,5,1996,True,False,False,False,False,False,False,False,False,False,36.0
1066,2022-09-01,BK0106,Essentials of Business Management,Business Management,34.0,39.0,36.333333333333336,8,0,0,0,37,0,6,1996,True,False,False,False,False,False,False,False,False,False,38.0
1186,2022-10-01,BK0106,Essentials of Business Management,Business Management,36.0,34.0,36.0,9,1,0,0,37,1,5,1996,True,False,False,False,False,False,False,False,False,False,37.0
1306,2022-11-01,BK0106,Essentials of Business Management,Business Management,38.0,36.0,37.0,10,1,0,0,37,0,3,1996,True,False,False,False,False,False,False,False,False,False,13.0
1426,2022-12-01,BK0106,Essentials of Business Management,Business Management,37.0,38.0,29.333333333333332,11,0,1,0,37,1,2,1996,True,False,False,False,False,False,False,False,False,False,27.0
1546,2023-01-01,BK0106,Essentials of Business Management,Business Management,13.0,37.0,25.666666666666668,12,0,0,1,37,2,6,1996,True,False,False,False,False,False,False,False,False,False,41.0
1666,2023-02-01,BK0106,Essentials of Business Management,Business Management,27.0,13.0,27.0,13,0,0,1,37,1,5,1996,True,False,False,False,False,False,False,False,False,False,23.0
1786,2023-03-01,BK0106,Essentials of Business Management,Business Management,41.0,27.0,30.333333333333332,14,0,0,1,37,0,4,1996,True,False,False,False,False,False,False,False,False,False,27.0
1906,2023-04-01,BK0106,Essentials of Business Management,Business Management,23.0,41.0,30.333333333333332,15,1,0,1,37,0,6,1996,True,False,False,False,False,False,False,False,False,False,32.0
2026,2023-05-01,BK0106,Essentials of Business Management,Business Management,27.0,23.0,27.333333333333332,16,1,0,1,37,0,6,1996,True,False,False,False,False,False,False,False,False,False,10.0
2146,2023-06-01,BK0106,Essentials of Business Management,Business Management,32.0,27.0,23.0,17,0,1,1,37,0,0,1996,True,False,False,False,False,False,False,False,False,False,31.0
2266,2023-07-01,BK0106,Essentials of Business Management,Business Management,10.0,32.0,24.333333333333332,18,0,0,0,37,0,7,1996,True,False,False,False,False,False,False,False,False,False,39.0
2386,2023-08-01,BK0106,Essentials of Business Management,Business Management,31.0,10.0,26.666666666666668,19,0,0,0,37,0,10,1996,True,False,False,False,False,False,False,False,False,False,26.0
2506,2023-09-01,BK0106,Essentials of Business Management,Business Management,39.0,31.0,32.0,20,0,0,0,37,1,9,1996,True,False,False,False,False,False,False,False,False,False,30.0
2626,2023-10-01,BK0106,Essentials of Business Management,Business Management,26.0,39.0,31.666666666666668,21,1,0,0,37,0,5,1996,True,False,False,False,False,False,False,False,False,False,41.0
2746,2023-11-01,BK0106,Essentials of Business Management,Business Management,30.0,26.0,32.333333333333336,22,1,0,0,37,1,7,1996,True,False,False,False,False,False,False,False,False,False,7.0
2866,2023-12-01,BK0106,Essentials of Business Management,Business Management,41.0,30.0,26.0,23,0,1,0,37,0,1,1996,True,False,False,False,False,False,False,False,False,False,27.0
2986,2024-01-01,BK0106,Essentials of Business Management,Business Management,7.0,41.0,25.0,24,0,0,1,37,1,8,1996,True,False,False,False,False,False,False,False,False,False,29.0
3106,2024-02-01,BK0106,Essentials of Business Management,Business Management,27.0,7.0,21.0,25,0,0,1,37,0,4,1996,True,False,False,False,False,False,False,False,False,False,36.0
3226,2024-03-01,BK0106,Essentials of Business Management,Business Management,29.0,27.0,30.666666666666668,26,0,0,1,37,0,7,1996,True,False,False,False,False,False,False,False,False,False,53.0
3346,2024-04-01,BK0106,Essentials of Business Management,Business Management,36.0,29.0,39.333333333333336,27,1,0,1,37,9,5,1996,True,False,False,False,False,False,False,False,False,False,45.0
3466,2024-05-01,BK0106,Essentials of Business Management,Business Management,53.0,36.0,44.666666666666664,28,1,0,1,37,4,4,1996,True,False,False,False,False,False,False,False,False,False,13.0
347,2022-03-01,BK0107,Business Management: Theory and Practice,Business Management,18.0,10.0,16.666666666666668,2,0,0,1,37,0,6,2006,True,False,False,False,False,False,False,False,False,False,23.0
467,2022-04-01,BK0107,Business Management: Theory and Practice,Business Management,22.0,18.0,21.0,3,1,0,1,37,0,8,2006,True,False,False,False,False,False,False,False,False,False,17.0
587,2022-05-01,BK0107,Business Management: Theory and Practice,Business Management,23.0,22.0,20.666666666666668,4,1,0,1,37,0,4,2006,True,False,False,False,False,False,False,False,False,False,4.0
707,2022-06-01,BK0107,Business Management: Theory and Practice,Business Management,17.0,23.0,14.666666666666666,5,0,1,1,37,0,0,2006,True,False,False,False,False,False,False,False,False,False,12.0
827,2022-07-01,BK0107,Business Management: Theory and Practice,Business Management,4.0,17.0,11.0,6,0,0,0,37,0,2,2006,True,False,False,False,False,False,False,False,False,False,14.0
947,2022-08-01,BK0107,Business Management: Theory and Practice,Business Management,12.0,4.0,10.0,7,0,0,0,37,0,1,2006,True,False,False,False,False,False,False,False,False,False,19.0
1067,2022-09-01,BK0107,Business Management: Theory and Practice,Business Management,14.0,12.0,15.0,8,0,0,0,37,0,4,2006,True,False,False,False,False,False,False,False,False,False,22.0
1187,2022-10-01,BK0107,Business Management: Theory and Practice,Business Management,19.0,14.0,18.333333333333332,9,1,0,0,37,1,3,2006,True,False,False,False,False,False,False,False,False,False,11.0
1307,2022-11-01,BK0107,Business Management: Theory and Practice,Business Management,22.0,19.0,17.333333333333332,10,1,0,0,37,0,0,2006,True,False,False,False,False,False,False,False,False,False,4.0
1427,2022-12-01,BK0107,Business Management: Theory and Practice,Business Management,11.0,22.0,12.333333333333334,11,0,1,0,37,0,0,2006,True,False,False,False,False,False,False,False,False,False,15.0
1547,2023-01-01,BK0107,Business Management: Theory and Practice,Business Management,4.0,11.0,10.0,12,0,0,1,37,0,2,2006,True,False,False,False,False,False,False,False,False,False,14.0
1667,2023-02-01,BK0107,Business Management: Theory and Practice,Business Management,15.0,4.0,11.0,13,0,0,1,37,0,2,2006,True,False,False,False,False,False,False,False,False,False,14.0
1787,2023-03-01,BK0107,Business Management: Theory and Practice,Business Management,14.0,15.0,14.333333333333334,14,0,0,1,37,0,2,2006,True,False,False,False,False,False,False,False,False,False,15.0
1907,2023-04-01,BK0107,Business Management: Theory and Practice,Business Management,14.0,14.0,14.333333333333334,15,1,0,1,37,0,1,2006,True,False,False,False,False,False,False,False,False,False,19.0
2027,2023-05-01,BK0107,Business Management: Theory and Practice,Business Management,15.0,14.0,16.0,16,1,0,1,37,0,5,2006,True,False,False,False,False,False,False,False,False,False,5.0
2147,2023-06-01,BK0107,Business Management: Theory and Practice,Business Management,19.0,15.0,13.0,17,0,1,1,37,1,1,2006,True,False,False,False,False,False,False,False,False,False,12.0
2267,2023-07-01,BK0107,Business Management: Theory and Practice,Business Management,5.0,19.0,12.0,18,0,0,0,37,1,2,2006,True,False,False,False,False,False,False,False,False,False,11.0
2387,2023-08-01,BK0107,Business Management: Theory and Practice,Business Management,12.0,5.0,9.333333333333334,19,0,0,0,37,0,1,2006,True,False,False,False,False,False,False,False,False,False,7.0
2507,2023-09-01,BK0107,Business Management: Theory and Practice,Business Management,11.0,12.0,10.0,20,0,0,0,37,0,2,2006,True,False,False,False,False,False,False,False,False,False,12.0
2627,2023-10-01,BK0107,Business Management: Theory and Practice,Business Management,7.0,11.0,10.0,21,1,0,0,37,0,4,2006,True,False,False,False,False,False,False,False,False,False,9.0
2747,2023-11-01,BK0107,Business Management: Theory and Practice,Business Management,12.0,7.0,9.333333333333334,22,1,0,0,37,0,0,2006,True,False,False,False,False,False,False,False,False,False,6.0
2867,2023-12-01,BK0107,Business Management: Theory and Practice,Business Management,9.0,12.0,9.0,23,0,1,0,37,0,0,2006,True,False,False,False,False,False,False,False,False,False,5.0
2987,2024-01-01,BK0107,Business Management: Theory and Practice,Business Management,6.0,9.0,6.666666666666667,24,0,0,1,37,0,0,2006,True,False,False,False,False,False,False,False,False,False,6.0
3107,2024-02-01,BK0107,Business Management: Theory and Practice,Business Management,5.0,6.0,5.666666666666667,25,0,0,1,37,0,1,2006,True,False,False,False,False,False,False,False,False,False,9.0
3227,2024-03-01,BK0107,Business Management: Theory and Practice,Business Management,6.0,5.0,6.666666666666667,26,0,0,1,37,0,2,2006,True,False,False,False,False,False,False,False,False,False,15.0
3347,2024-04-01,BK0107,Business Management: Theory and Practice,Business Management,9.0,6.0,10.0,27,1,0,1,37,1,2,2006,True,False,False,False,False,False,False,False,False,False,7.0
3467,2024-05-01,BK0107,Business Management: Theory and Practice,Business Management,15.0,9.0,10.333333333333334,28,1,0,1,37,1,3,2006,True,False,False,False,False,False,False,False,False,False,5.0
348,2022-03-01,BK0108,Understanding Business Management,Business Management,34.0,28.0,32.333333333333336,2,0,0,1,67,0,7,2007,True,False,False,False,False,False,False,False,False,False,63.0
468,2022-04-01,BK0108,Understanding Business Management,Business Management,35.0,34.0,44.0,3,1,0,1,67,0,7,2007,True,False,False,False,False,False,False,False,False,False,44.0
588,2022-05-01,BK0108,Understanding Business Management,Business Management,63.0,35.0,47.333333333333336,4,1,0,1,67,0,7,2007,True,False,False,False,False,False,False,False,False,False,10.0
708,2022-06-01,BK0108,Understanding Business Management,Business Management,44.0,63.0,39.0,5,0,1,1,67,0,0,2007,True,False,False,False,False,False,False,False,False,False,45.0
828,2022-07-01,BK0108,Understanding Business Management,Business Management,10.0,44.0,33.0,6,0,0,0,67,0,5,2007,True,False,False,False,False,False,False,False,False,False,32.0
948,2022-08-01,BK0108,Understanding Business Management,Business Management,45.0,10.0,29.0,7,0,0,0,67,1,4,2007,True,False,False,False,False,False,False,False,False,False,40.0
1068,2022-09-01,BK0108,Understanding Business Management,Business Management,32.0,45.0,39.0,8,0,0,0,67,0,3,2007,True,False,False,False,False,False,False,False,False,False,49.0
1188,2022-10-01,BK0108,Understanding Business Management,Business Management,40.0,32.0,40.333333333333336,9,1,0,0,67,0,8,2007,True,False,False,False,False,False,False,False,False,False,47.0
1308,2022-11-01,BK0108,Understanding Business Management,Business Management,49.0,40.0,45.333333333333336,10,1,0,0,67,0,11,2007,True,False,False,False,False,False,False,False,False,False,7.0
1428,2022-12-01,BK0108,Understanding Business Management,Business Management,47.0,49.0,34.333333333333336,11,0,1,0,67,0,1,2007,True,False,False,False,False,False,False,False,False,False,37.0
1548,2023-01-01,BK0108,Understanding Business Management,Business Management,7.0,47.0,30.333333333333332,12,0,0,1,67,0,4,2007,True,False,False,False,False,False,False,False,False,False,40.0
1668,2023-02-01,BK0108,Understanding Business Management,Business Management,37.0,7.0,28.0,13,0,0,1,67,0,3,2007,True,False,False,False,False,False,False,False,False,False,34.0
1788,2023-03-01,BK0108,Understanding Business Management,Business Management,40.0,37.0,37.0,14,0,0,1,67,0,4,2007,True,False,False,False,False,False,False,False,False,False,51.0
1908,2023-04-01,BK0108,Understanding Business Management,Business Management,34.0,40.0,41.666666666666664,15,1,0,1,67,1,6,2007,True,False,False,False,False,False,False,False,False,False,49.0
2028,2023-05-01,BK0108,Understanding Business Management,Business Management,51.0,34.0,44.666666666666664,16,1,0,1,67,0,10,2007,True,False,False,False,False,False,False,False,False,False,18.0
2148,2023-06-01,BK0108,Understanding Business Management,Business Management,49.0,51.0,39.333333333333336,17,0,1,1,67,0,3,2007,True,False,False,False,False,False,False,False,False,False,39.0
2268,2023-07-01,BK0108,Understanding Business Management,Business Management,18.0,49.0,35.333333333333336,18,0,0,0,67,1,10,2007,True,False,False,False,False,False,False,False,False,False,55.0
2388,2023-08-01,BK0108,Understanding Business Management,Business Management,39.0,18.0,37.333333333333336,19,0,0,0,67,0,9,2007,True,False,False,False,False,False,False,False,False,False,40.0
2508,2023-09-01,BK0108,Understanding Business Management,Business Management,55.0,39.0,44.666666666666664,20,0,0,0,67,0,6,2007,True,False,False,False,False,False,False,False,False,False,56.0
2628,2023-10-01,BK0108,Understanding Business Management,Business Management,40.0,55.0,50.333333333333336,21,1,0,0,67,2,8,2007,True,False,False,False,False,False,False,False,False,False,69.0
2748,2023-11-01,BK0108,Understanding Business Management,Business Management,56.0,40.0,55.0,22,1,0,0,67,1,6,2007,True,False,False,False,False,False,False,False,False,False,16.0
2868,2023-12-01,BK0108,Understanding Business Management,Business Management,69.0,56.0,47.0,23,0,1,0,67,0,3,2007,True,False,False,False,False,False,False,False,False,False,52.0
2988,2024-01-01,BK0108,Understanding Business Management,Business Management,16.0,69.0,45.666666666666664,24,0,0,1,67,0,10,2007,True,False,False,False,False,False,False,False,False,False,57.0
3108,2024-02-01,BK0108,Understanding Business Management,Business Management,52.0,16.0,41.666666666666664,25,0,0,1,67,0,12,2007,True,False,False,False,False,False,False,False,False,False,50.0
3228,2024-03-01,BK0108,Understanding Business Management,Business Management,57.0,52.0,53.0,26,0,0,1,67,0,9,2007,True,False,False,False,False,False,False,False,False,False,70.0
3348,2024-04-01,BK0108,Understanding Business Management,Business Management,50.0,57.0,59.0,27,1,0,1,67,3,7,2007,True,False,False,False,False,False,False,False,False,False,66.0
3468,2024-05-01,BK0108,Understanding Business Management,Business Management,70.0,50.0,62.0,28,1,0,1,67,0,13,2007,True,False,False,False,False,False,False,False,False,False,21.0
349,2022-03-01,BK0109,Introduction to English Literature,English Literature,16.0,9.0,12.666666666666666,2,0,0,1,67,1,1,2013,False,False,False,False,False,False,True,False,False,False,17.0
469,2022-04-01,BK0109,Introduction to English Literature,English Literature,13.0,16.0,15.333333333333334,3,1,0,1,67,0,1,2013,False,False,False,False,False,False,True,False,False,False,12.0
589,2022-05-01,BK0109,Introduction to English Literature,English Literature,17.0,13.0,14.0,4,1,0,1,67,0,4,2013,False,False,False,False,False,False,True,False,False,False,8.0
709,2022-06-01,BK0109,Introduction to English Literature,English Literature,12.0,17.0,12.333333333333334,5,0,1,1,67,0,0,2013,False,False,False,False,False,False,True,False,False,False,14.0
829,2022-07-01,BK0109,Introduction to English Literature,English Literature,8.0,12.0,11.333333333333334,6,0,0,0,67,2,4,2013,False,False,False,False,False,False,True,False,False,False,18.0
949,2022-08-01,BK0109,Introduction to English Literature,English Literature,14.0,8.0,13.333333333333334,7,0,0,0,67,1,4,2013,False,False,False,False,False,False,True,False,False,False,17.0
1069,2022-09-01,BK0109,Introduction to English Literature,English Literature,18.0,14.0,16.333333333333332,8,0,0,0,67,1,1,2013,False,False,False,False,False,False,True,False,False,False,18.0
1189,2022-10-01,BK0109,Introduction to English Literature,English Literature,17.0,18.0,17.666666666666668,9,1,0,0,67,0,4,2013,False,False,False,False,False,False,True,False,False,False,17.0
1309,2022-11-01,BK0109,Introduction to English Literature,English Literature,18.0,17.0,17.333333333333332,10,1,0,0,67,0,1,2013,False,False,False,False,False,False,True,False,False,False,7.0
1429,2022-12-01,BK0109,Introduction to English Literature,English Literature,17.0,18.0,14.0,11,0,1,0,67,0,1,2013,False,False,False,False,False,False,True,False,False,False,19.0
1549,2023-01-01,BK0109,Introduction to English Literature,English Literature,7.0,17.0,14.333333333333334,12,0,0,1,67,0,2,2013,False,False,False,False,False,False,True,False,False,False,17.0
1669,2023-02-01,BK0109,Introduction to English Literature,English Literature,19.0,7.0,14.333333333333334,13,0,0,1,67,0,3,2013,False,False,False,False,False,False,True,False,False,False,12.0
1789,2023-03-01,BK0109,Introduction to English Literature,English Literature,17.0,19.0,16.0,14,0,0,1,67,0,2,2013,False,False,False,False,False,False,True,False,False,False,18.0
1909,2023-04-01,BK0109,Introduction to English Literature,English Literature,12.0,17.0,15.666666666666666,15,1,0,1,67,0,5,2013,False,False,False,False,False,False,True,False,False,False,17.0
2029,2023-05-01,BK0109,Introduction to English Literature,English Literature,18.0,12.0,15.666666666666666,16,1,0,1,67,1,1,2013,False,False,False,False,False,False,True,False,False,False,7.0
2149,2023-06-01,BK0109,Introduction to English Literature,English Literature,17.0,18.0,14.0,17,0,1,1,67,0,2,2013,False,False,False,False,False,False,True,False,False,False,15.0
2269,2023-07-01,BK0109,Introduction to English Literature,English Literature,7.0,17.0,13.0,18,0,0,0,67,0,0,2013,False,False,False,False,False,False,True,False,False,False,15.0
2389,2023-08-01,BK0109,Introduction to English Literature,English Literature,15.0,7.0,12.333333333333334,19,0,0,0,67,0,3,2013,False,False,False,False,False,False,True,False,False,False,13.0
2509,2023-09-01,BK0109,Introduction to English Literature,English Literature,15.0,15.0,14.333333333333334,20,0,0,0,67,1,3,2013,False,False,False,False,False,False,True,False,False,False,18.0
2629,2023-10-01,BK0109,Introduction to English Literature,English Literature,13.0,15.0,15.333333333333334,21,1,0,0,67,1,2,2013,False,False,False,False,False,False,True,False,False,False,15.0
2749,2023-11-01,BK0109,Introduction to English Literature,English Literature,18.0,13.0,15.333333333333334,22,1,0,0,67,1,2,2013,False,False,False,False,False,False,True,False,False,False,4.0
2869,2023-12-01,BK0109,Introduction to English Literature,English Literature,15.0,18.0,12.333333333333334,23,0,1,0,67,0,1,2013,False,False,False,False,False,False,True,False,False,False,8.0
2989,2024-01-01,BK0109,Introduction to English Literature,English Literature,4.0,15.0,9.0,24,0,0,1,67,0,1,2013,False,False,False,False,False,False,True,False,False,False,20.0
3109,2024-02-01,BK0109,Introduction to English Literature,English Literature,8.0,4.0,10.666666666666666,25,0,0,1,67,0,4,2013,False,False,False,False,False,False,True,False,False,False,16.0
3229,2024-03-01,BK0109,Introduction to English Literature,English Literature,20.0,8.0,14.666666666666666,26,0,0,1,67,1,2,2013,False,False,False,False,False,False,True,False,False,False,16.0
3349,2024-04-01,BK0109,Introduction to English Literature,English Literature,16.0,20.0,17.333333333333332,27,1,0,1,67,0,2,2013,False,False,False,False,False,False,True,False,False,False,12.0
3469,2024-05-01,BK0109,Introduction to English Literature,English Literature,16.0,16.0,14.666666666666666,28,1,0,1,67,0,2,2013,False,False,False,False,False,False,True,False,False,False,5.0
350,2022-03-01,BK0110,Fundamentals of English Literature,English Literature,25.0,27.0,24.0,2,0,0,1,54,1,3,2001,False,False,False,False,False,False,True,False,False,False,31.0
470,2022-04-01,BK0110,Fundamentals of English Literature,English Literature,20.0,25.0,25.333333333333332,3,1,0,1,54,1,5,2001,False,False,False,False,False,False,True,False,False,False,24.0
590,2022-05-01,BK0110,Fundamentals of English Literature,English Literature,31.0,20.0,25.0,4,1,0,1,54,0,3,2001,False,False,False,False,False,False,True,False,False,False,11.0
710,2022-06-01,BK0110,Fundamentals of English Literature,English Literature,24.0,31.0,22.0,5,0,1,1,54,0,1,2001,False,False,False,False,False,False,True,False,False,False,28.0
830,2022-07-01,BK0110,Fundamentals of English Literature,English Literature,11.0,24.0,21.0,6,0,0,0,54,0,2,2001,False,False,False,False,False,False,True,False,False,False,35.0
950,2022-08-01,BK0110,Fundamentals of English Literature,English Literature,28.0,11.0,24.666666666666668,7,0,0,0,54,0,6,2001,False,False,False,False,False,False,True,False,False,False,24.0
1070,2022-09-01,BK0110,Fundamentals of English Literature,English Literature,35.0,28.0,29.0,8,0,0,0,54,0,7,2001,False,False,False,False,False,False,True,False,False,False,21.0
1190,2022-10-01,BK0110,Fundamentals of English Literature,English Literature,24.0,35.0,26.666666666666668,9,1,0,0,54,0,7,2001,False,False,False,False,False,False,True,False,False,False,22.0
1310,2022-11-01,BK0110,Fundamentals of English Literature,English Literature,21.0,24.0,22.333333333333332,10,1,0,0,54,0,2,2001,False,False,False,False,False,False,True,False,False,False,6.0
1430,2022-12-01,BK0110,Fundamentals of English Literature,English Literature,22.0,21.0,16.333333333333332,11,0,1,0,54,0,2,2001,False,False,False,False,False,False,True,False,False,False,11.0
1550,2023-01-01,BK0110,Fundamentals of English Literature,English Literature,6.0,22.0,13.0,12,0,0,1,54,0,1,2001,False,False,False,False,False,False,True,False,False,False,19.0
1670,2023-02-01,BK0110,Fundamentals of English Literature,English Literature,11.0,6.0,12.0,13,0,0,1,54,1,0,2001,False,False,False,False,False,False,True,False,False,False,30.0
1790,2023-03-01,BK0110,Fundamentals of English Literature,English Literature,19.0,11.0,20.0,14,0,0,1,54,0,7,2001,False,False,False,False,False,False,True,False,False,False,13.0
1910,2023-04-01,BK0110,Fundamentals of English Literature,English Literature,30.0,19.0,20.666666666666668,15,1,0,1,54,0,5,2001,False,False,False,False,False,False,True,False,False,False,16.0
2030,2023-05-01,BK0110,Fundamentals of English Literature,English Literature,13.0,30.0,19.666666666666668,16,1,0,1,54,0,3,2001,False,False,False,False,False,False,True,False,False,False,8.0
2150,2023-06-01,BK0110,Fundamentals of English Literature,English Literature,16.0,13.0,12.333333333333334,17,0,1,1,54,0,2,2001,False,False,False,False,False,False,True,False,False,False,27.0
2270,2023-07-01,BK0110,Fundamentals of English Literature,English Literature,8.0,16.0,17.0,18,0,0,0,54,0,2,2001,False,False,False,False,False,False,True,False,False,False,22.0
2390,2023-08-01,BK0110,Fundamentals of English Literature,English Literature,27.0,8.0,19.0,19,0,0,0,54,0,1,2001,False,False,False,False,False,False,True,False,False,False,15.0
2510,2023-09-01,BK0110,Fundamentals of English Literature,English Literature,22.0,27.0,21.333333333333332,20,0,0,0,54,0,0,2001,False,False,False,False,False,False,True,False,False,False,16.0
2630,2023-10-01,BK0110,Fundamentals of English Literature,English Literature,15.0,22.0,17.666666666666668,21,1,0,0,54,0,1,2001,False,False,False,False,False,False,True,False,False,False,15.0
2750,2023-11-01,BK0110,Fundamentals of English Literature,English Literature,16.0,15.0,15.333333333333334,22,1,0,0,54,0,4,2001,False,False,False,False,False,False,True,False,False,False,2.0
2870,2023-12-01,BK0110,Fundamentals of English Literature,English Literature,15.0,16.0,11.0,23,0,1,0,54,0,0,2001,False,False,False,False,False,False,True,False,False,False,18.0
2990,2024-01-01,BK0110,Fundamentals of English Literature,English Literature,2.0,15.0,11.666666666666666,24,0,0,1,54,0,2,2001,False,False,False,False,False,False,True,False,False,False,11.0
3110,2024-02-01,BK0110,Fundamentals of English Literature,English Literature,18.0,2.0,10.333333333333334,25,0,0,1,54,0,0,2001,False,False,False,False,False,False,True,False,False,False,11.0
3230,2024-03-01,BK0110,Fundamentals of English Literature,English Literature,11.0,18.0,13.333333333333334,26,0,0,1,54,0,2,2001,False,False,False,False,False,False,True,False,False,False,21.0
3350,2024-04-01,BK0110,Fundamentals of English Literature,English Literature,11.0,11.0,14.333333333333334,27,1,0,1,54,0,2,2001,False,False,False,False,False,False,True,False,False,False,16.0
3470,2024-05-01,BK0110,Fundamentals of English Literature,English Literature,21.0,11.0,16.0,28,1,0,1,54,0,3,2001,False,False,False,False,False,False,True,False,False,False,4.0
351,2022-03-01,BK0111,English Literature: A Practical Approach,English Literature,51.0,36.0,45.0,2,0,0,1,66,0,5,1997,False,False,False,False,False,False,True,False,False,False,56.0
471,2022-04-01,BK0111,English Literature: A Practical Approach,English Literature,48.0,51.0,51.666666666666664,3,1,0,1,66,0,10,1997,False,False,False,False,False,False,True,False,False,False,35.0
591,2022-05-01,BK0111,English Literature: A Practical Approach,English Literature,56.0,48.0,46.333333333333336,4,1,0,1,66,0,4,1997,False,False,False,False,False,False,True,False,False,False,13.0
711,2022-06-01,BK0111,English Literature: A Practical Approach,English Literature,35.0,56.0,34.666666666666664,5,0,1,1,66,0,4,1997,False,False,False,False,False,False,True,False,False,False,41.0
831,2022-07-01,BK0111,English Literature: A Practical Approach,English Literature,13.0,35.0,29.666666666666668,6,0,0,0,66,0,6,1997,False,False,False,False,False,False,True,False,False,False,37.0
951,2022-08-01,BK0111,English Literature: A Practical Approach,English Literature,41.0,13.0,30.333333333333332,7,0,0,0,66,0,5,1997,False,False,False,False,False,False,True,False,False,False,42.0
1071,2022-09-01,BK0111,English Literature: A Practical Approach,English Literature,37.0,41.0,40.0,8,0,0,0,66,2,4,1997,False,False,False,False,False,False,True,False,False,False,38.0
1191,2022-10-01,BK0111,English Literature: A Practical Approach,English Literature,42.0,37.0,39.0,9,1,0,0,66,0,9,1997,False,False,False,False,False,False,True,False,False,False,54.0
1311,2022-11-01,BK0111,English Literature: A Practical Approach,English Literature,38.0,42.0,44.666666666666664,10,1,0,0,66,0,6,1997,False,False,False,False,False,False,True,False,False,False,16.0
1431,2022-12-01,BK0111,English Literature: A Practical Approach,English Literature,54.0,38.0,36.0,11,0,1,0,66,0,3,1997,False,False,False,False,False,False,True,False,False,False,46.0
1551,2023-01-01,BK0111,English Literature: A Practical Approach,English Literature,16.0,54.0,38.666666666666664,12,0,0,1,66,0,6,1997,False,False,False,False,False,False,True,False,False,False,51.0
1671,2023-02-01,BK0111,English Literature: A Practical Approach,English Literature,46.0,16.0,37.666666666666664,13,0,0,1,66,0,8,1997,False,False,False,False,False,False,True,False,False,False,37.0
1791,2023-03-01,BK0111,English Literature: A Practical Approach,English Literature,51.0,46.0,44.666666666666664,14,0,0,1,66,0,8,1997,False,False,False,False,False,False,True,False,False,False,54.0
1911,2023-04-01,BK0111,English Literature: A Practical Approach,English Literature,37.0,51.0,47.333333333333336,15,1,0,1,66,0,9,1997,False,False,False,False,False,False,True,False,False,False,50.0
2031,2023-05-01,BK0111,English Literature: A Practical Approach,English Literature,54.0,37.0,47.0,16,1,0,1,66,0,5,1997,False,False,False,False,False,False,True,False,False,False,25.0
2151,2023-06-01,BK0111,English Literature: A Practical Approach,English Literature,50.0,54.0,43.0,17,0,1,1,66,1,1,1997,False,False,False,False,False,False,True,False,False,False,38.0
2271,2023-07-01,BK0111,English Literature: A Practical Approach,English Literature,25.0,50.0,37.666666666666664,18,0,0,0,66,0,5,1997,False,False,False,False,False,False,True,False,False,False,41.0
2391,2023-08-01,BK0111,English Literature: A Practical Approach,English Literature,38.0,25.0,34.666666666666664,19,0,0,0,66,0,3,1997,False,False,False,False,False,False,True,False,False,False,49.0
2511,2023-09-01,BK0111,English Literature: A Practical Approach,English Literature,41.0,38.0,42.666666666666664,20,0,0,0,66,0,10,1997,False,False,False,False,False,False,True,False,False,False,60.0
2631,2023-10-01,BK0111,English Literature: A Practical Approach,English Literature,49.0,41.0,50.0,21,1,0,0,66,0,8,1997,False,False,False,False,False,False,True,False,False,False,57.0
2751,2023-11-01,BK0111,English Literature: A Practical Approach,English Literature,60.0,49.0,55.333333333333336,22,1,0,0,66,0,6,1997,False,False,False,False,False,False,True,False,False,False,16.0
2871,2023-12-01,BK0111,English Literature: A Practical Approach,English Literature,57.0,60.0,44.333333333333336,23,0,1,0,66,1,2,1997,False,False,False,False,False,False,True,False,False,False,36.0
2991,2024-01-01,BK0111,English Literature: A Practical Approach,English Literature,16.0,57.0,36.333333333333336,24,0,0,1,66,1,5,1997,False,False,False,False,False,False,True,False,False,False,38.0
3111,2024-02-01,BK0111,English Literature: A Practical Approach,English Literature,36.0,16.0,30.0,25,0,0,1,66,1,4,1997,False,False,False,False,False,False,True,False,False,False,44.0
3231,2024-03-01,BK0111,English Literature: A Practical Approach,English Literature,38.0,36.0,39.333333333333336,26,0,0,1,66,1,3,1997,False,False,False,False,False,False,True,False,False,False,51.0
3351,2024-04-01,BK0111,English Literature: A Practical Approach,English Literature,44.0,38.0,44.333333333333336,27,1,0,1,66,1,9,1997,False,False,False,False,False,False,True,False,False,False,54.0
3471,2024-05-01,BK0111,English Literature: A Practical Approach,English Literature,51.0,44.0,49.666666666666664,28,1,0,1,66,1,7,1997,False,False,False,False,False,False,True,False,False,False,20.0
352,2022-03-01,BK0112,Advanced English Literature,English Literature,13.0,11.0,12.333333333333334,2,0,0,1,15,2,1,2011,False,False,False,False,False,False,True,False,False,False,18.0
472,2022-04-01,BK0112,Advanced English Literature,English Literature,13.0,13.0,14.666666666666666,3,1,0,1,15,1,2,2011,False,False,False,False,False,False,True,False,False,False,14.0
592,2022-05-01,BK0112,Advanced English Literature,English Literature,18.0,13.0,15.0,4,1,0,1,15,1,2,2011,False,False,False,False,False,False,True,False,False,False,8.0
712,2022-06-01,BK0112,Advanced English Literature,English Literature,14.0,18.0,13.333333333333334,5,0,1,1,15,0,0,2011,False,False,False,False,False,False,True,False,False,False,13.0
832,2022-07-01,BK0112,Advanced English Literature,English Literature,8.0,14.0,11.666666666666666,6,0,0,0,15,1,1,2011,False,False,False,False,False,False,True,False,False,False,15.0
952,2022-08-01,BK0112,Advanced English Literature,English Literature,13.0,8.0,12.0,7,0,0,0,15,2,2,2011,False,False,False,False,False,False,True,False,False,False,9.0
1072,2022-09-01,BK0112,Advanced English Literature,English Literature,15.0,13.0,12.333333333333334,8,0,0,0,15,1,2,2011,False,False,False,False,False,False,True,False,False,False,15.0
1192,2022-10-01,BK0112,Advanced English Literature,English Literature,9.0,15.0,13.0,9,1,0,0,15,1,2,2011,False,False,False,False,False,False,True,False,False,False,18.0
1312,2022-11-01,BK0112,Advanced English Literature,English Literature,15.0,9.0,14.0,10,1,0,0,15,0,2,2011,False,False,False,False,False,False,True,False,False,False,4.0
1432,2022-12-01,BK0112,Advanced English Literature,English Literature,18.0,15.0,12.333333333333334,11,0,1,0,15,0,0,2011,False,False,False,False,False,False,True,False,False,False,13.0
1552,2023-01-01,BK0112,Advanced English Literature,English Literature,4.0,18.0,11.666666666666666,12,0,0,1,15,0,4,2011,False,False,False,False,False,False,True,False,False,False,14.0
1672,2023-02-01,BK0112,Advanced English Literature,English Literature,13.0,4.0,10.333333333333334,13,0,0,1,15,1,1,2011,False,False,False,False,False,False,True,False,False,False,10.0
1792,2023-03-01,BK0112,Advanced English Literature,English Literature,14.0,13.0,12.333333333333334,14,0,0,1,15,1,2,2011,False,False,False,False,False,False,True,False,False,False,11.0
1912,2023-04-01,BK0112,Advanced English Literature,English Literature,10.0,14.0,11.666666666666666,15,1,0,1,15,0,1,2011,False,False,False,False,False,False,True,False,False,False,13.0
2032,2023-05-01,BK0112,Advanced English Literature,English Literature,11.0,10.0,11.333333333333334,16,1,0,1,15,0,0,2011,False,False,False,False,False,False,True,False,False,False,7.0
2152,2023-06-01,BK0112,Advanced English Literature,English Literature,13.0,11.0,10.333333333333334,17,0,1,1,15,0,0,2011,False,False,False,False,False,False,True,False,False,False,11.0
2272,2023-07-01,BK0112,Advanced English Literature,English Literature,7.0,13.0,10.333333333333334,18,0,0,0,15,1,1,2011,False,False,False,False,False,False,True,False,False,False,13.0
2392,2023-08-01,BK0112,Advanced English Literature,English Literature,11.0,7.0,10.333333333333334,19,0,0,0,15,0,0,2011,False,False,False,False,False,False,True,False,False,False,13.0
2512,2023-09-01,BK0112,Advanced English Literature,English Literature,13.0,11.0,12.333333333333334,20,0,0,0,15,1,2,2011,False,False,False,False,False,False,True,False,False,False,10.0
2632,2023-10-01,BK0112,Advanced English Literature,English Literature,13.0,13.0,12.0,21,1,0,0,15,0,1,2011,False,False,False,False,False,False,True,False,False,False,7.0
2752,2023-11-01,BK0112,Advanced English Literature,English Literature,10.0,13.0,10.0,22,1,0,0,15,0,1,2011,False,False,False,False,False,False,True,False,False,False,3.0
2872,2023-12-01,BK0112,Advanced English Literature,English Literature,7.0,10.0,6.666666666666667,23,0,1,0,15,0,0,2011,False,False,False,False,False,False,True,False,False,False,9.0
2992,2024-01-01,BK0112,Advanced English Literature,English Literature,3.0,7.0,6.333333333333333,24,0,0,1,15,0,0,2011,False,False,False,False,False,False,True,False,False,False,3.0
3112,2024-02-01,BK0112,Advanced English Literature,English Literature,9.0,3.0,5.0,25,0,0,1,15,0,0,2011,False,False,False,False,False,False,True,False,False,False,9.0
3232,2024-03-01,BK0112,Advanced English Literature,English Literature,3.0,9.0,7.0,26,0,0,1,15,0,1,2011,False,False,False,False,False,False,True,False,False,False,7.0
3352,2024-04-01,BK0112,Advanced English Literature,English Literature,9.0,3.0,6.333333333333333,27,1,0,1,15,0,1,2011,False,False,False,False,False,False,True,False,False,False,8.0
3472,2024-05-01,BK0112,Advanced English Literature,English Literature,7.0,9.0,8.0,28,1,0,1,15,0,1,2011,False,False,False,False,False,False,True,False,False,False,6.0
353,2022-03-01,BK0113,Principles of English Literature,English Literature,8.0,12.0,10.333333333333334,2,0,0,1,33,0,1,2006,False,False,False,False,False,False,True,False,False,False,12.0
473,2022-04-01,BK0113,Principles of English Literature,English Literature,11.0,8.0,10.333333333333334,3,1,0,1,33,0,2,2006,False,False,False,False,False,False,True,False,False,False,5.0
593,2022-05-01,BK0113,Principles of English Literature,English Literature,12.0,11.0,9.333333333333334,4,1,0,1,33,0,1,2006,False,False,False,False,False,False,True,False,False,False,3.0
713,2022-06-01,BK0113,Principles of English Literature,English Literature,5.0,12.0,6.666666666666667,5,0,1,1,33,0,1,2006,False,False,False,False,False,False,True,False,False,False,8.0
833,2022-07-01,BK0113,Principles of English Literature,English Literature,3.0,5.0,5.333333333333333,6,0,0,0,33,0,0,2006,False,False,False,False,False,False,True,False,False,False,6.0
953,2022-08-01,BK0113,Principles of English Literature,English Literature,8.0,3.0,5.666666666666667,7,0,0,0,33,0,1,2006,False,False,False,False,False,False,True,False,False,False,7.0
1073,2022-09-01,BK0113,Principles of English Literature,English Literature,6.0,8.0,7.0,8,0,0,0,33,1,2,2006,False,False,False,False,False,False,True,False,False,False,13.0
1193,2022-10-01,BK0113,Principles of English Literature,English Literature,7.0,6.0,8.666666666666666,9,1,0,0,33,0,3,2006,False,False,False,False,False,False,True,False,False,False,9.0
1313,2022-11-01,BK0113,Principles of English Literature,English Literature,13.0,7.0,9.666666666666666,10,1,0,0,33,0,1,2006,False,False,False,False,False,False,True,False,False,False,4.0
1433,2022-12-01,BK0113,Principles of English Literature,English Literature,9.0,13.0,8.666666666666666,11,0,1,0,33,1,1,2006,False,False,False,False,False,False,True,False,False,False,12.0
1553,2023-01-01,BK0113,Principles of English Literature,English Literature,4.0,9.0,8.333333333333334,12,0,0,1,33,0,1,2006,False,False,False,False,False,False,True,False,False,False,14.0
1673,2023-02-01,BK0113,Principles of English Literature,English Literature,12.0,4.0,10.0,13,0,0,1,33,0,4,2006,False,False,False,False,False,False,True,False,False,False,14.0
1793,2023-03-01,BK0113,Principles of English Literature,English Literature,14.0,12.0,13.333333333333334,14,0,0,1,33,0,4,2006,False,False,False,False,False,False,True,False,False,False,11.0
1913,2023-04-01,BK0113,Principles of English Literature,English Literature,14.0,14.0,13.0,15,1,0,1,33,0,1,2006,False,False,False,False,False,False,True,False,False,False,9.0
2033,2023-05-01,BK0113,Principles of English Literature,English Literature,11.0,14.0,11.333333333333334,16,1,0,1,33,0,1,2006,False,False,False,False,False,False,True,False,False,False,2.0
2153,2023-06-01,BK0113,Principles of English Literature,English Literature,9.0,11.0,7.333333333333333,17,0,1,1,33,0,2,2006,False,False,False,False,False,False,True,False,False,False,14.0
2273,2023-07-01,BK0113,Principles of English Literature,English Literature,2.0,9.0,8.333333333333334,18,0,0,0,33,1,1,2006,False,False,False,False,False,False,True,False,False,False,13.0
2393,2023-08-01,BK0113,Principles of English Literature,English Literature,14.0,2.0,9.666666666666666,19,0,0,0,33,0,1,2006,False,False,False,False,False,False,True,False,False,False,9.0
2513,2023-09-01,BK0113,Principles of English Literature,English Literature,13.0,14.0,12.0,20,0,0,0,33,0,5,2006,False,False,False,False,False,False,True,False,False,False,12.0
2633,2023-10-01,BK0113,Principles of English Literature,English Literature,9.0,13.0,11.333333333333334,21,1,0,0,33,0,1,2006,False,False,False,False,False,False,True,False,False,False,10.0
2753,2023-11-01,BK0113,Principles of English Literature,English Literature,12.0,9.0,10.333333333333334,22,1,0,0,33,0,0,2006,False,False,False,False,False,False,True,False,False,False,2.0
2873,2023-12-01,BK0113,Principles of English Literature,English Literature,10.0,12.0,8.0,23,0,1,0,33,0,0,2006,False,False,False,False,False,False,True,False,False,False,16.0
2993,2024-01-01,BK0113,Principles of English Literature,English Literature,2.0,10.0,9.333333333333334,24,0,0,1,33,0,4,2006,False,False,False,False,False,False,True,False,False,False,11.0
3113,2024-02-01,BK0113,Principles of English Literature,English Literature,16.0,2.0,9.666666666666666,25,0,0,1,33,1,2,2006,False,False,False,False,False,False,True,False,False,False,5.0
3233,2024-03-01,BK0113,Principles of English Literature,English Literature,11.0,16.0,10.666666666666666,26,0,0,1,33,0,1,2006,False,False,False,False,False,False,True,False,False,False,20.0
3353,2024-04-01,BK0113,Principles of English Literature,English Literature,5.0,11.0,12.0,27,1,0,1,33,0,3,2006,False,False,False,False,False,False,True,False,False,False,13.0
3473,2024-05-01,BK0113,Principles of English Literature,English Literature,20.0,5.0,12.666666666666666,28,1,0,1,33,0,1,2006,False,False,False,False,False,False,True,False,False,False,6.0
354,2022-03-01,BK0114,English Literature for Engineers,English Literature,53.0,52.0,54.0,2,0,0,1,30,16,6,2006,False,False,False,False,False,False,True,False,False,False,46.0
474,2022-04-01,BK0114,English Literature for Engineers,English Literature,57.0,53.0,52.0,3,1,0,1,30,9,6,2006,False,False,False,False,False,False,True,False,False,False,58.0
594,2022-05-01,BK0114,English Literature for Engineers,English Literature,46.0,57.0,53.666666666666664,4,1,0,1,30,11,15,2006,False,False,False,False,False,False,True,False,False,False,16.0
714,2022-06-01,BK0114,English Literature for Engineers,English Literature,58.0,46.0,40.0,5,0,1,1,30,0,2,2006,False,False,False,False,False,False,True,False,False,False,52.0
834,2022-07-01,BK0114,English Literature for Engineers,English Literature,16.0,58.0,42.0,6,0,0,0,30,13,7,2006,False,False,False,False,False,False,True,False,False,False,50.0
954,2022-08-01,BK0114,English Literature for Engineers,English Literature,52.0,16.0,39.333333333333336,7,0,0,0,30,11,6,2006,False,False,False,False,False,False,True,False,False,False,43.0
1074,2022-09-01,BK0114,English Literature for Engineers,English Literature,50.0,52.0,48.333333333333336,8,0,0,0,30,8,7,2006,False,False,False,False,False,False,True,False,False,False,48.0
1194,2022-10-01,BK0114,English Literature for Engineers,English Literature,43.0,50.0,47.0,9,1,0,0,30,5,7,2006,False,False,False,False,False,False,True,False,False,False,58.0
1314,2022-11-01,BK0114,English Literature for Engineers,English Literature,48.0,43.0,49.666666666666664,10,1,0,0,30,12,3,2006,False,False,False,False,False,False,True,False,False,False,18.0
1434,2022-12-01,BK0114,English Literature for Engineers,English Literature,58.0,48.0,41.333333333333336,11,0,1,0,30,0,2,2006,False,False,False,False,False,False,True,False,False,False,46.0
1554,2023-01-01,BK0114,English Literature for Engineers,English Literature,18.0,58.0,40.666666666666664,12,0,0,1,30,12,9,2006,False,False,False,False,False,False,True,False,False,False,52.0
1674,2023-02-01,BK0114,English Literature for Engineers,English Literature,46.0,18.0,38.666666666666664,13,0,0,1,30,10,9,2006,False,False,False,False,False,False,True,False,False,False,40.0
1794,2023-03-01,BK0114,English Literature for Engineers,English Literature,52.0,46.0,46.0,14,0,0,1,30,7,4,2006,False,False,False,False,False,False,True,False,False,False,55.0
1914,2023-04-01,BK0114,English Literature for Engineers,English Literature,40.0,52.0,49.0,15,1,0,1,30,7,3,2006,False,False,False,False,False,False,True,False,False,False,50.0
2034,2023-05-01,BK0114,English Literature for Engineers,English Literature,55.0,40.0,48.333333333333336,16,1,0,1,30,9,5,2006,False,False,False,False,False,False,True,False,False,False,27.0
2154,2023-06-01,BK0114,English Literature for Engineers,English Literature,50.0,55.0,44.0,17,0,1,1,30,0,1,2006,False,False,False,False,False,False,True,False,False,False,46.0
2274,2023-07-01,BK0114,English Literature for Engineers,English Literature,27.0,50.0,41.0,18,0,0,0,30,7,9,2006,False,False,False,False,False,False,True,False,False,False,55.0
2394,2023-08-01,BK0114,English Literature for Engineers,English Literature,46.0,27.0,42.666666666666664,19,0,0,0,30,14,8,2006,False,False,False,False,False,False,True,False,False,False,44.0
2514,2023-09-01,BK0114,English Literature for Engineers,English Literature,55.0,46.0,48.333333333333336,20,0,0,0,30,9,4,2006,False,False,False,False,False,False,True,False,False,False,67.0
2634,2023-10-01,BK0114,English Literature for Engineers,English Literature,44.0,55.0,55.333333333333336,21,1,0,0,30,23,10,2006,False,False,False,False,False,False,True,False,False,False,64.0
2754,2023-11-01,BK0114,English Literature for Engineers,English Literature,67.0,44.0,58.333333333333336,22,1,0,0,30,14,7,2006,False,False,False,False,False,False,True,False,False,False,19.0
2874,2023-12-01,BK0114,English Literature for Engineers,English Literature,64.0,67.0,50.0,23,0,1,0,30,0,3,2006,False,False,False,False,False,False,True,False,False,False,61.0
2994,2024-01-01,BK0114,English Literature for Engineers,English Literature,19.0,64.0,48.0,24,0,0,1,30,20,6,2006,False,False,False,False,False,False,True,False,False,False,45.0
3114,2024-02-01,BK0114,English Literature for Engineers,English Literature,61.0,19.0,41.666666666666664,25,0,0,1,30,6,9,2006,False,False,False,False,False,False,True,False,False,False,54.0
3234,2024-03-01,BK0114,English Literature for Engineers,English Literature,45.0,61.0,53.333333333333336,26,0,0,1,30,11,10,2006,False,False,False,False,False,False,True,False,False,False,63.0
3354,2024-04-01,BK0114,English Literature for Engineers,English Literature,54.0,45.0,54.0,27,1,0,1,30,12,12,2006,False,False,False,False,False,False,True,False,False,False,73.0
3474,2024-05-01,BK0114,English Literature for Engineers,English Literature,63.0,54.0,63.333333333333336,28,1,0,1,30,19,15,2006,False,False,False,False,False,False,True,False,False,False,24.0
355,2022-03-01,BK0115,Modern English Literature,English Literature,26.0,23.0,26.333333333333332,2,0,0,1,40,3,3,2009,False,False,False,False,False,False,True,False,False,False,24.0
475,2022-04-01,BK0115,Modern English Literature,English Literature,30.0,26.0,26.666666666666668,3,1,0,1,40,0,4,2009,False,False,False,False,False,False,True,False,False,False,36.0
595,2022-05-01,BK0115,Modern English Literature,English Literature,24.0,30.0,30.0,4,1,0,1,40,0,9,2009,False,False,False,False,False,False,True,False,False,False,8.0
715,2022-06-01,BK0115,Modern English Literature,English Literature,36.0,24.0,22.666666666666668,5,0,1,1,40,0,1,2009,False,False,False,False,False,False,True,False,False,False,30.0
835,2022-07-01,BK0115,Modern English Literature,English Literature,8.0,36.0,24.666666666666668,6,0,0,0,40,0,4,2009,False,False,False,False,False,False,True,False,False,False,24.0
955,2022-08-01,BK0115,Modern English Literature,English Literature,30.0,8.0,20.666666666666668,7,0,0,0,40,0,3,2009,False,False,False,False,False,False,True,False,False,False,29.0
1075,2022-09-01,BK0115,Modern English Literature,English Literature,24.0,30.0,27.666666666666668,8,0,0,0,40,0,5,2009,False,False,False,False,False,False,True,False,False,False,27.0
1195,2022-10-01,BK0115,Modern English Literature,English Literature,29.0,24.0,26.666666666666668,9,1,0,0,40,0,5,2009,False,False,False,False,False,False,True,False,False,False,31.0
1315,2022-11-01,BK0115,Modern English Literature,English Literature,27.0,29.0,29.0,10,1,0,0,40,1,3,2009,False,False,False,False,False,False,True,False,False,False,12.0
1435,2022-12-01,BK0115,Modern English Literature,English Literature,31.0,27.0,23.333333333333332,11,0,1,0,40,1,0,2009,False,False,False,False,False,False,True,False,False,False,23.0
1555,2023-01-01,BK0115,Modern English Literature,English Literature,12.0,31.0,22.0,12,0,0,1,40,0,4,2009,False,False,False,False,False,False,True,False,False,False,27.0
1675,2023-02-01,BK0115,Modern English Literature,English Literature,23.0,12.0,20.666666666666668,13,0,0,1,40,0,4,2009,False,False,False,False,False,False,True,False,False,False,30.0
1795,2023-03-01,BK0115,Modern English Literature,English Literature,27.0,23.0,26.666666666666668,14,0,0,1,40,0,2,2009,False,False,False,False,False,False,True,False,False,False,29.0
1915,2023-04-01,BK0115,Modern English Literature,English Literature,30.0,27.0,28.666666666666668,15,1,0,1,40,0,6,2009,False,False,False,False,False,False,True,False,False,False,33.0
2035,2023-05-01,BK0115,Modern English Literature,English Literature,29.0,30.0,30.666666666666668,16,1,0,1,40,0,9,2009,False,False,False,False,False,False,True,False,False,False,4.0
2155,2023-06-01,BK0115,Modern English Literature,English Literature,33.0,29.0,22.0,17,0,1,1,40,0,1,2009,False,False,False,False,False,False,True,False,False,False,24.0
2275,2023-07-01,BK0115,Modern English Literature,English Literature,4.0,33.0,20.333333333333332,18,0,0,0,40,0,3,2009,False,False,False,False,False,False,True,False,False,False,29.0
2395,2023-08-01,BK0115,Modern English Literature,English Literature,24.0,4.0,19.0,19,0,0,0,40,0,3,2009,False,False,False,False,False,False,True,False,False,False,28.0
2515,2023-09-01,BK0115,Modern English Literature,English Literature,29.0,24.0,27.0,20,0,0,0,40,1,7,2009,False,False,False,False,False,False,True,False,False,False,29.0
2635,2023-10-01,BK0115,Modern English Literature,English Literature,28.0,29.0,28.666666666666668,21,1,0,0,40,0,7,2009,False,False,False,False,False,False,True,False,False,False,29.0
2755,2023-11-01,BK0115,Modern English Literature,English Literature,29.0,28.0,28.666666666666668,22,1,0,0,40,0,5,2009,False,False,False,False,False,False,True,False,False,False,10.0
2875,2023-12-01,BK0115,Modern English Literature,English Literature,29.0,29.0,22.666666666666668,23,0,1,0,40,0,1,2009,False,False,False,False,False,False,True,False,False,False,28.0
2995,2024-01-01,BK0115,Modern English Literature,English Literature,10.0,29.0,22.333333333333332,24,0,0,1,40,0,2,2009,False,False,False,False,False,False,True,False,False,False,22.0
3115,2024-02-01,BK0115,Modern English Literature,English Literature,28.0,10.0,20.0,25,0,0,1,40,0,5,2009,False,False,False,False,False,False,True,False,False,False,37.0
3235,2024-03-01,BK0115,Modern English Literature,English Literature,22.0,28.0,29.0,26,0,0,1,40,0,6,2009,False,False,False,False,False,False,True,False,False,False,24.0
3355,2024-04-01,BK0115,Modern English Literature,English Literature,37.0,22.0,27.666666666666668,27,1,0,1,40,1,3,2009,False,False,False,False,False,False,True,False,False,False,30.0
3475,2024-05-01,BK0115,Modern English Literature,English Literature,24.0,37.0,30.333333333333332,28,1,0,1,40,0,6,2009,False,False,False,False,False,False,True,False,False,False,12.0
356,2022-03-01,BK0116,Applied English Literature,English Literature,23.0,16.0,22.0,2,0,0,1,21,6,4,2020,False,False,False,False,False,False,True,False,False,False,29.0
476,2022-04-01,BK0116,Applied English Literature,English Literature,27.0,23.0,26.333333333333332,3,1,0,1,21,4,4,2020,False,False,False,False,False,False,True,False,False,False,34.0
596,2022-05-01,BK0116,Applied English Literature,English Literature,29.0,27.0,30.0,4,1,0,1,21,11,8,2020,False,False,False,False,False,False,True,False,False,False,10.0
716,2022-06-01,BK0116,Applied English Literature,English Literature,34.0,29.0,24.333333333333332,5,0,1,1,21,0,2,2020,False,False,False,False,False,False,True,False,False,False,27.0
836,2022-07-01,BK0116,Applied English Literature,English Literature,10.0,34.0,23.666666666666668,6,0,0,0,21,3,4,2020,False,False,False,False,False,False,True,False,False,False,24.0
956,2022-08-01,BK0116,Applied English Literature,English Literature,27.0,10.0,20.333333333333332,7,0,0,0,21,2,3,2020,False,False,False,False,False,False,True,False,False,False,26.0
1076,2022-09-01,BK0116,Applied English Literature,English Literature,24.0,27.0,25.666666666666668,8,0,0,0,21,3,4,2020,False,False,False,False,False,False,True,False,False,False,11.0
1196,2022-10-01,BK0116,Applied English Literature,English Literature,26.0,24.0,20.333333333333332,9,1,0,0,21,0,2,2020,False,False,False,False,False,False,True,False,False,False,24.0
1316,2022-11-01,BK0116,Applied English Literature,English Literature,11.0,26.0,20.333333333333332,10,1,0,0,21,2,3,2020,False,False,False,False,False,False,True,False,False,False,8.0
1436,2022-12-01,BK0116,Applied English Literature,English Literature,24.0,11.0,14.333333333333334,11,0,1,0,21,1,0,2020,False,False,False,False,False,False,True,False,False,False,21.0
1556,2023-01-01,BK0116,Applied English Literature,English Literature,8.0,24.0,17.666666666666668,12,0,0,1,21,0,5,2020,False,False,False,False,False,False,True,False,False,False,21.0
1676,2023-02-01,BK0116,Applied English Literature,English Literature,21.0,8.0,16.666666666666668,13,0,0,1,21,0,4,2020,False,False,False,False,False,False,True,False,False,False,30.0
1796,2023-03-01,BK0116,Applied English Literature,English Literature,21.0,21.0,24.0,14,0,0,1,21,4,3,2020,False,False,False,False,False,False,True,False,False,False,25.0
1916,2023-04-01,BK0116,Applied English Literature,English Literature,30.0,21.0,25.333333333333332,15,1,0,1,21,0,4,2020,False,False,False,False,False,False,True,False,False,False,13.0
2036,2023-05-01,BK0116,Applied English Literature,English Literature,25.0,30.0,22.666666666666668,16,1,0,1,21,0,3,2020,False,False,False,False,False,False,True,False,False,False,17.0
2156,2023-06-01,BK0116,Applied English Literature,English Literature,13.0,25.0,18.333333333333332,17,0,1,1,21,0,2,2020,False,False,False,False,False,False,True,False,False,False,23.0
2276,2023-07-01,BK0116,Applied English Literature,English Literature,17.0,13.0,17.666666666666668,18,0,0,0,21,3,5,2020,False,False,False,False,False,False,True,False,False,False,26.0
2396,2023-08-01,BK0116,Applied English Literature,English Literature,23.0,17.0,22.0,19,0,0,0,21,2,4,2020,False,False,False,False,False,False,True,False,False,False,21.0
2516,2023-09-01,BK0116,Applied English Literature,English Literature,26.0,23.0,23.333333333333332,20,0,0,0,21,0,1,2020,False,False,False,False,False,False,True,False,False,False,29.0
2636,2023-10-01,BK0116,Applied English Literature,English Literature,21.0,26.0,25.333333333333332,21,1,0,0,21,1,3,2020,False,False,False,False,False,False,True,False,False,False,19.0
2756,2023-11-01,BK0116,Applied English Literature,English Literature,29.0,21.0,23.0,22,1,0,0,21,1,5,2020,False,False,False,False,False,False,True,False,False,False,10.0
2876,2023-12-01,BK0116,Applied English Literature,English Literature,19.0,29.0,19.333333333333332,23,0,1,0,21,0,2,2020,False,False,False,False,False,False,True,False,False,False,25.0
2996,2024-01-01,BK0116,Applied English Literature,English Literature,10.0,19.0,18.0,24,0,0,1,21,0,6,2020,False,False,False,False,False,False,True,False,False,False,25.0
3116,2024-02-01,BK0116,Applied English Literature,English Literature,25.0,10.0,20.0,25,0,0,1,21,4,0,2020,False,False,False,False,False,False,True,False,False,False,28.0
3236,2024-03-01,BK0116,Applied English Literature,English Literature,25.0,25.0,26.0,26,0,0,1,21,2,2,2020,False,False,False,False,False,False,True,False,False,False,25.0
3356,2024-04-01,BK0116,Applied English Literature,English Literature,28.0,25.0,26.0,27,1,0,1,21,0,2,2020,False,False,False,False,False,False,True,False,False,False,32.0
3476,2024-05-01,BK0116,Applied English Literature,English Literature,25.0,28.0,28.333333333333332,28,1,0,1,21,4,5,2020,False,False,False,False,False,False,True,False,False,False,11.0
357,2022-03-01,BK0117,English Literature Concepts and Applications,English Literature,31.0,15.0,23.0,2,0,0,1,56,2,5,2012,False,False,False,False,False,False,True,False,False,False,26.0
477,2022-04-01,BK0117,English Literature Concepts and Applications,English Literature,23.0,31.0,26.666666666666668,3,1,0,1,56,1,3,2012,False,False,False,False,False,False,True,False,False,False,14.0
597,2022-05-01,BK0117,English Literature Concepts and Applications,English Literature,26.0,23.0,21.0,4,1,0,1,56,0,4,2012,False,False,False,False,False,False,True,False,False,False,14.0
717,2022-06-01,BK0117,English Literature Concepts and Applications,English Literature,14.0,26.0,18.0,5,0,1,1,56,0,2,2012,False,False,False,False,False,False,True,False,False,False,15.0
837,2022-07-01,BK0117,English Literature Concepts and Applications,English Literature,14.0,14.0,14.333333333333334,6,0,0,0,56,0,3,2012,False,False,False,False,False,False,True,False,False,False,23.0
957,2022-08-01,BK0117,English Literature Concepts and Applications,English Literature,15.0,14.0,17.333333333333332,7,0,0,0,56,0,1,2012,False,False,False,False,False,False,True,False,False,False,31.0
1077,2022-09-01,BK0117,English Literature Concepts and Applications,English Literature,23.0,15.0,23.0,8,0,0,0,56,0,5,2012,False,False,False,False,False,False,True,False,False,False,32.0
1197,2022-10-01,BK0117,English Literature Concepts and Applications,English Literature,31.0,23.0,28.666666666666668,9,1,0,0,56,2,3,2012,False,False,False,False,False,False,True,False,False,False,32.0
1317,2022-11-01,BK0117,English Literature Concepts and Applications,English Literature,32.0,31.0,31.666666666666668,10,1,0,0,56,0,4,2012,False,False,False,False,False,False,True,False,False,False,9.0
1437,2022-12-01,BK0117,English Literature Concepts and Applications,English Literature,32.0,32.0,24.333333333333332,11,0,1,0,56,0,1,2012,False,False,False,False,False,False,True,False,False,False,28.0
1557,2023-01-01,BK0117,English Literature Concepts and Applications,English Literature,9.0,32.0,23.0,12,0,0,1,56,0,5,2012,False,False,False,False,False,False,True,False,False,False,17.0
1677,2023-02-01,BK0117,English Literature Concepts and Applications,English Literature,28.0,9.0,18.0,13,0,0,1,56,0,2,2012,False,False,False,False,False,False,True,False,False,False,19.0
1797,2023-03-01,BK0117,English Literature Concepts and Applications,English Literature,17.0,28.0,21.333333333333332,14,0,0,1,56,0,4,2012,False,False,False,False,False,False,True,False,False,False,26.0
1917,2023-04-01,BK0117,English Literature Concepts and Applications,English Literature,19.0,17.0,20.666666666666668,15,1,0,1,56,0,3,2012,False,False,False,False,False,False,True,False,False,False,18.0
2037,2023-05-01,BK0117,English Literature Concepts and Applications,English Literature,26.0,19.0,21.0,16,1,0,1,56,0,2,2012,False,False,False,False,False,False,True,False,False,False,11.0
2157,2023-06-01,BK0117,English Literature Concepts and Applications,English Literature,18.0,26.0,18.333333333333332,17,0,1,1,56,0,3,2012,False,False,False,False,False,False,True,False,False,False,31.0
2277,2023-07-01,BK0117,English Literature Concepts and Applications,English Literature,11.0,18.0,20.0,18,0,0,0,56,0,3,2012,False,False,False,False,False,False,True,False,False,False,21.0
2397,2023-08-01,BK0117,English Literature Concepts and Applications,English Literature,31.0,11.0,21.0,19,0,0,0,56,1,5,2012,False,False,False,False,False,False,True,False,False,False,20.0
2517,2023-09-01,BK0117,English Literature Concepts and Applications,English Literature,21.0,31.0,24.0,20,0,0,0,56,0,0,2012,False,False,False,False,False,False,True,False,False,False,33.0
2637,2023-10-01,BK0117,English Literature Concepts and Applications,English Literature,20.0,21.0,24.666666666666668,21,1,0,0,56,0,5,2012,False,False,False,False,False,False,True,False,False,False,18.0
2757,2023-11-01,BK0117,English Literature Concepts and Applications,English Literature,33.0,20.0,23.666666666666668,22,1,0,0,56,0,5,2012,False,False,False,False,False,False,True,False,False,False,7.0
2877,2023-12-01,BK0117,English Literature Concepts and Applications,English Literature,18.0,33.0,19.333333333333332,23,0,1,0,56,0,1,2012,False,False,False,False,False,False,True,False,False,False,26.0
2997,2024-01-01,BK0117,English Literature Concepts and Applications,English Literature,7.0,18.0,17.0,24,0,0,1,56,0,5,2012,False,False,False,False,False,False,True,False,False,False,21.0
3117,2024-02-01,BK0117,English Literature Concepts and Applications,English Literature,26.0,7.0,18.0,25,0,0,1,56,1,4,2012,False,False,False,False,False,False,True,False,False,False,19.0
3237,2024-03-01,BK0117,English Literature Concepts and Applications,English Literature,21.0,26.0,22.0,26,0,0,1,56,1,4,2012,False,False,False,False,False,False,True,False,False,False,22.0
3357,2024-04-01,BK0117,English Literature Concepts and Applications,English Literature,19.0,21.0,20.666666666666668,27,1,0,1,56,1,3,2012,False,False,False,False,False,False,True,False,False,False,23.0
3477,2024-05-01,BK0117,English Literature Concepts and Applications,English Literature,22.0,19.0,21.333333333333332,28,1,0,1,56,1,5,2012,False,False,False,False,False,False,True,False,False,False,9.0
358,2022-03-01,BK0118,Essentials of English Literature,English Literature,10.0,16.0,12.333333333333334,2,0,0,1,54,0,0,2005,False,False,False,False,False,False,True,False,False,False,8.0
478,2022-04-01,BK0118,Essentials of English Literature,English Literature,11.0,10.0,9.666666666666666,3,1,0,1,54,0,0,2005,False,False,False,False,False,False,True,False,False,False,17.0
598,2022-05-01,BK0118,Essentials of English Literature,English Literature,8.0,11.0,12.0,4,1,0,1,54,1,2,2005,False,False,False,False,False,False,True,False,False,False,5.0
718,2022-06-01,BK0118,Essentials of English Literature,English Literature,17.0,8.0,10.0,5,0,1,1,54,1,0,2005,False,False,False,False,False,False,True,False,False,False,14.0
838,2022-07-01,BK0118,Essentials of English Literature,English Literature,5.0,17.0,12.0,6,0,0,0,54,0,4,2005,False,False,False,False,False,False,True,False,False,False,12.0
958,2022-08-01,BK0118,Essentials of English Literature,English Literature,14.0,5.0,10.333333333333334,7,0,0,0,54,0,2,2005,False,False,False,False,False,False,True,False,False,False,12.0
1078,2022-09-01,BK0118,Essentials of English Literature,English Literature,12.0,14.0,12.666666666666666,8,0,0,0,54,0,1,2005,False,False,False,False,False,False,True,False,False,False,10.0
1198,2022-10-01,BK0118,Essentials of English Literature,English Literature,12.0,12.0,11.333333333333334,9,1,0,0,54,0,1,2005,False,False,False,False,False,False,True,False,False,False,12.0
1318,2022-11-01,BK0118,Essentials of English Literature,English Literature,10.0,12.0,11.333333333333334,10,1,0,0,54,0,2,2005,False,False,False,False,False,False,True,False,False,False,5.0
1438,2022-12-01,BK0118,Essentials of English Literature,English Literature,12.0,10.0,9.0,11,0,1,0,54,1,1,2005,False,False,False,False,False,False,True,False,False,False,10.0
1558,2023-01-01,BK0118,Essentials of English Literature,English Literature,5.0,12.0,9.0,12,0,0,1,54,0,1,2005,False,False,False,False,False,False,True,False,False,False,10.0
1678,2023-02-01,BK0118,Essentials of English Literature,English Literature,10.0,5.0,8.333333333333334,13,0,0,1,54,0,2,2005,False,False,False,False,False,False,True,False,False,False,10.0
1798,2023-03-01,BK0118,Essentials of English Literature,English Literature,10.0,10.0,10.0,14,0,0,1,54,0,1,2005,False,False,False,False,False,False,True,False,False,False,16.0
1918,2023-04-01,BK0118,Essentials of English Literature,English Literature,10.0,10.0,12.0,15,1,0,1,54,1,3,2005,False,False,False,False,False,False,True,False,False,False,9.0
2038,2023-05-01,BK0118,Essentials of English Literature,English Literature,16.0,10.0,11.666666666666666,16,1,0,1,54,0,2,2005,False,False,False,False,False,False,True,False,False,False,2.0
2158,2023-06-01,BK0118,Essentials of English Literature,English Literature,9.0,16.0,9.0,17,0,1,1,54,0,0,2005,False,False,False,False,False,False,True,False,False,False,8.0
2278,2023-07-01,BK0118,Essentials of English Literature,English Literature,2.0,9.0,6.333333333333333,18,0,0,0,54,1,2,2005,False,False,False,False,False,False,True,False,False,False,9.0
2398,2023-08-01,BK0118,Essentials of English Literature,English Literature,8.0,2.0,6.333333333333333,19,0,0,0,54,0,1,2005,False,False,False,False,False,False,True,False,False,False,6.0
2518,2023-09-01,BK0118,Essentials of English Literature,English Literature,9.0,8.0,7.666666666666667,20,0,0,0,54,0,0,2005,False,False,False,False,False,False,True,False,False,False,9.0
2638,2023-10-01,BK0118,Essentials of English Literature,English Literature,6.0,9.0,8.0,21,1,0,0,54,0,3,2005,False,False,False,False,False,False,True,False,False,False,19.0
2758,2023-11-01,BK0118,Essentials of English Literature,English Literature,9.0,6.0,11.333333333333334,22,1,0,0,54,0,3,2005,False,False,False,False,False,False,True,False,False,False,3.0
2878,2023-12-01,BK0118,Essentials of English Literature,English Literature,19.0,9.0,10.333333333333334,23,0,1,0,54,0,1,2005,False,False,False,False,False,False,True,False,False,False,5.0
2998,2024-01-01,BK0118,Essentials of English Literature,English Literature,3.0,19.0,9.0,24,0,0,1,54,0,2,2005,False,False,False,False,False,False,True,False,False,False,11.0
3118,2024-02-01,BK0118,Essentials of English Literature,English Literature,5.0,3.0,6.333333333333333,25,0,0,1,54,1,3,2005,False,False,False,False,False,False,True,False,False,False,1.0
3238,2024-03-01,BK0118,Essentials of English Literature,English Literature,11.0,5.0,5.666666666666667,26,0,0,1,54,0,0,2005,False,False,False,False,False,False,True,False,False,False,7.0
3358,2024-04-01,BK0118,Essentials of English Literature,English Literature,1.0,11.0,6.333333333333333,27,1,0,1,54,0,1,2005,False,False,False,False,False,False,True,False,False,False,8.0
3478,2024-05-01,BK0118,Essentials of English Literature,English Literature,7.0,1.0,5.333333333333333,28,1,0,1,54,0,0,2005,False,False,False,False,False,False,True,False,False,False,1.0
359,2022-03-01,BK0119,English Literature: Theory and Practice,English Literature,32.0,38.0,34.333333333333336,2,0,0,1,56,0,4,2007,False,False,False,False,False,False,True,False,False,False,26.0
479,2022-04-01,BK0119,English Literature: Theory and Practice,English Literature,33.0,32.0,30.333333333333332,3,1,0,1,56,0,3,2007,False,False,False,False,False,False,True,False,False,False,50.0
599,2022-05-01,BK0119,English Literature: Theory and Practice,English Literature,26.0,33.0,36.333333333333336,4,1,0,1,56,2,8,2007,False,False,False,False,False,False,True,False,False,False,10.0
719,2022-06-01,BK0119,English Literature: Theory and Practice,English Literature,50.0,26.0,28.666666666666668,5,0,1,1,56,1,1,2007,False,False,False,False,False,False,True,False,False,False,45.0
839,2022-07-01,BK0119,English Literature: Theory and Practice,English Literature,10.0,50.0,35.0,6,0,0,0,56,1,6,2007,False,False,False,False,False,False,True,False,False,False,34.0
959,2022-08-01,BK0119,English Literature: Theory and Practice,English Literature,45.0,10.0,29.666666666666668,7,0,0,0,56,0,8,2007,False,False,False,False,False,False,True,False,False,False,34.0
1079,2022-09-01,BK0119,English Literature: Theory and Practice,English Literature,34.0,45.0,37.666666666666664,8,0,0,0,56,1,2,2007,False,False,False,False,False,False,True,False,False,False,41.0
1199,2022-10-01,BK0119,English Literature: Theory and Practice,English Literature,34.0,34.0,36.333333333333336,9,1,0,0,56,1,5,2007,False,False,False,False,False,False,True,False,False,False,36.0
1319,2022-11-01,BK0119,English Literature: Theory and Practice,English Literature,41.0,34.0,37.0,10,1,0,0,56,0,2,2007,False,False,False,False,False,False,True,False,False,False,14.0
1439,2022-12-01,BK0119,English Literature: Theory and Practice,English Literature,36.0,41.0,30.333333333333332,11,0,1,0,56,0,1,2007,False,False,False,False,False,False,True,False,False,False,39.0
1559,2023-01-01,BK0119,English Literature: Theory and Practice,English Literature,14.0,36.0,29.666666666666668,12,0,0,1,56,1,3,2007,False,False,False,False,False,False,True,False,False,False,39.0
1679,2023-02-01,BK0119,English Literature: Theory and Practice,English Literature,39.0,14.0,30.666666666666668,13,0,0,1,56,0,3,2007,False,False,False,False,False,False,True,False,False,False,48.0
1799,2023-03-01,BK0119,English Literature: Theory and Practice,English Literature,39.0,39.0,42.0,14,0,0,1,56,0,8,2007,False,False,False,False,False,False,True,False,False,False,49.0
1919,2023-04-01,BK0119,English Literature: Theory and Practice,English Literature,48.0,39.0,45.333333333333336,15,1,0,1,56,0,5,2007,False,False,False,False,False,False,True,False,False,False,34.0
2039,2023-05-01,BK0119,English Literature: Theory and Practice,English Literature,49.0,48.0,43.666666666666664,16,1,0,1,56,0,5,2007,False,False,False,False,False,False,True,False,False,False,19.0
2159,2023-06-01,BK0119,English Literature: Theory and Practice,English Literature,34.0,49.0,34.0,17,0,1,1,56,1,3,2007,False,False,False,False,False,False,True,False,False,False,36.0
2279,2023-07-01,BK0119,English Literature: Theory and Practice,English Literature,19.0,34.0,29.666666666666668,18,0,0,0,56,0,9,2007,False,False,False,False,False,False,True,False,False,False,23.0
2399,2023-08-01,BK0119,English Literature: Theory and Practice,English Literature,36.0,19.0,26.0,19,0,0,0,56,0,6,2007,False,False,False,False,False,False,True,False,False,False,35.0
2519,2023-09-01,BK0119,English Literature: Theory and Practice,English Literature,23.0,36.0,31.333333333333332,20,0,0,0,56,0,9,2007,False,False,False,False,False,False,True,False,False,False,35.0
2639,2023-10-01,BK0119,English Literature: Theory and Practice,English Literature,35.0,23.0,31.0,21,1,0,0,56,0,6,2007,False,False,False,False,False,False,True,False,False,False,41.0
2759,2023-11-01,BK0119,English Literature: Theory and Practice,English Literature,35.0,35.0,37.0,22,1,0,0,56,0,6,2007,False,False,False,False,False,False,True,False,False,False,17.0
2879,2023-12-01,BK0119,English Literature: Theory and Practice,English Literature,41.0,35.0,31.0,23,0,1,0,56,0,3,2007,False,False,False,False,False,False,True,False,False,False,30.0
2999,2024-01-01,BK0119,English Literature: Theory and Practice,English Literature,17.0,41.0,29.333333333333332,24,0,0,1,56,0,2,2007,False,False,False,False,False,False,True,False,False,False,34.0
3119,2024-02-01,BK0119,English Literature: Theory and Practice,English Literature,30.0,17.0,27.0,25,0,0,1,56,1,8,2007,False,False,False,False,False,False,True,False,False,False,30.0
3239,2024-03-01,BK0119,English Literature: Theory and Practice,English Literature,34.0,30.0,31.333333333333332,26,0,0,1,56,0,4,2007,False,False,False,False,False,False,True,False,False,False,42.0
3359,2024-04-01,BK0119,English Literature: Theory and Practice,English Literature,30.0,34.0,35.333333333333336,27,1,0,1,56,0,8,2007,False,False,False,False,False,False,True,False,False,False,27.0
3479,2024-05-01,BK0119,English Literature: Theory and Practice,English Literature,42.0,30.0,33.0,28,1,0,1,56,0,3,2007,False,False,False,False,False,False,True,False,False,False,7.0
360,2022-03-01,BK0120,Understanding English Literature,English Literature,4.0,1.0,3.0,2,0,0,1,53,0,1,1997,False,False,False,False,False,False,True,False,False,False,4.0
480,2022-04-01,BK0120,Understanding English Literature,English Literature,4.0,4.0,4.0,3,1,0,1,53,0,0,1997,False,False,False,False,False,False,True,False,False,False,6.0
600,2022-05-01,BK0120,Understanding English Literature,English Literature,4.0,4.0,4.666666666666667,4,1,0,1,53,0,0,1997,False,False,False,False,False,False,True,False,False,False,2.0
720,2022-06-01,BK0120,Understanding English Literature,English Literature,6.0,4.0,4.0,5,0,1,1,53,0,0,1997,False,False,False,False,False,False,True,False,False,False,2.0
840,2022-07-01,BK0120,Understanding English Literature,English Literature,2.0,6.0,3.3333333333333335,6,0,0,0,53,0,0,1997,False,False,False,False,False,False,True,False,False,False,0.0
960,2022-08-01,BK0120,Understanding English Literature,English Literature,2.0,2.0,1.3333333333333333,7,0,0,0,53,1,0,1997,False,False,False,False,False,False,True,False,False,False,4.0
1080,2022-09-01,BK0120,Understanding English Literature,English Literature,0.0,2.0,2.0,8,0,0,0,53,1,0,1997,False,False,False,False,False,False,True,False,False,False,1.0
1200,2022-10-01,BK0120,Understanding English Literature,English Literature,4.0,0.0,1.6666666666666667,9,1,0,0,53,0,0,1997,False,False,False,False,False,False,True,False,False,False,6.0
1320,2022-11-01,BK0120,Understanding English Literature,English Literature,1.0,4.0,3.6666666666666665,10,1,0,0,53,1,1,1997,False,False,False,False,False,False,True,False,False,False,1.0
1440,2022-12-01,BK0120,Understanding English Literature,English Literature,6.0,1.0,2.6666666666666665,11,0,1,0,53,0,0,1997,False,False,False,False,False,False,True,False,False,False,5.0
1560,2023-01-01,BK0120,Understanding English Literature,English Literature,1.0,6.0,4.0,12,0,0,1,53,1,1,1997,False,False,False,False,False,False,True,False,False,False,4.0
1680,2023-02-01,BK0120,Understanding English Literature,English Literature,5.0,1.0,3.3333333333333335,13,0,0,1,53,0,0,1997,False,False,False,False,False,False,True,False,False,False,5.0
1800,2023-03-01,BK0120,Understanding English Literature,English Literature,4.0,5.0,4.666666666666667,14,0,0,1,53,0,0,1997,False,False,False,False,False,False,True,False,False,False,3.0
1920,2023-04-01,BK0120,Understanding English Literature,English Literature,5.0,4.0,4.0,15,1,0,1,53,0,0,1997,False,False,False,False,False,False,True,False,False,False,2.0
2040,2023-05-01,BK0120,Understanding English Literature,English Literature,3.0,5.0,3.3333333333333335,16,1,0,1,53,0,0,1997,False,False,False,False,False,False,True,False,False,False,2.0
2160,2023-06-01,BK0120,Understanding English Literature,English Literature,2.0,3.0,2.3333333333333335,17,0,1,1,53,0,2,1997,False,False,False,False,False,False,True,False,False,False,2.0
2280,2023-07-01,BK0120,Understanding English Literature,English Literature,2.0,2.0,2.0,18,0,0,0,53,0,0,1997,False,False,False,False,False,False,True,False,False,False,4.0
2400,2023-08-01,BK0120,Understanding English Literature,English Literature,2.0,2.0,2.6666666666666665,19,0,0,0,53,0,1,1997,False,False,False,False,False,False,True,False,False,False,2.0
2520,2023-09-01,BK0120,Understanding English Literature,English Literature,4.0,2.0,2.6666666666666665,20,0,0,0,53,0,0,1997,False,False,False,False,False,False,True,False,False,False,0.0
2640,2023-10-01,BK0120,Understanding English Literature,English Literature,2.0,4.0,2.0,21,1,0,0,53,0,0,1997,False,False,False,False,False,False,True,False,False,False,1.0
2760,2023-11-01,BK0120,Understanding English Literature,English Literature,0.0,2.0,1.0,22,1,0,0,53,1,0,1997,False,False,False,False,False,False,True,False,False,False,3.0
2880,2023-12-01,BK0120,Understanding English Literature,English Literature,1.0,0.0,1.3333333333333333,23,0,1,0,53,0,0,1997,False,False,False,False,False,False,True,False,False,False,3.0
3000,2024-01-01,BK0120,Understanding English Literature,English Literature,3.0,1.0,2.3333333333333335,24,0,0,1,53,0,1,1997,False,False,False,False,False,False,True,False,False,False,1.0
3120,2024-02-01,BK0120,Understanding English Literature,English Literature,3.0,3.0,2.3333333333333335,25,0,0,1,53,0,0,1997,False,False,False,False,False,False,True,False,False,False,1.0
3240,2024-03-01,BK0120,Understanding English Literature,English Literature,1.0,3.0,1.6666666666666667,26,0,0,1,53,1,0,1997,False,False,False,False,False,False,True,False,False,False,5.0
3360,2024-04-01,BK0120,Understanding English Literature,English Literature,1.0,1.0,2.3333333333333335,27,1,0,1,53,0,0,1997,False,False,False,False,False,False,True,False,False,False,5.0
3480,2024-05-01,BK0120,Understanding English Literature,English Literature,5.0,1.0,3.6666666666666665,28,1,0,1,53,0,1,1997,False,False,False,False,False,False,True,False,False,False,1.0
