record_id,date,book_id,book_title,author,category,department,publication_year,available_copies,borrowed_count,returned_count,renewal_count,reservation_count,semester,exam_period,holiday_indicator
1,2022-01-01,BK0001,Introduction to Computer Science,N. Iyer,Computer Science,CSE,2016,67,1,1,0,0,Even,0,0
2,2022-01-01,BK0002,Fundamentals of Computer Science,R. Singh,Computer Science,CSE,2016,58,20,18,1,0,Even,0,0
3,2022-01-01,BK0003,Computer Science: A Practical Approach,J. Sharma,Computer Science,CSE,2006,69,2,2,0,1,Even,0,0
4,2022-01-01,BK0004,Advanced Computer Science,K. Gupta,Computer Science,CSE,2022,28,24,18,1,0,Even,0,0
5,2022-01-01,BK0005,Principles of Computer Science,R. Menon,Computer Science,CSE,2008,31,10,6,2,0,Even,0,0
6,2022-01-01,BK0006,Computer Science for Engineers,K. Kumar,Computer Science,CSE,2012,40,18,13,7,1,Even,0,0
7,2022-01-01,BK0007,Modern Computer Science,R. Menon,Computer Science,CSE,2010,59,17,16,4,0,Even,0,0
8,2022-01-01,BK0008,Applied Computer Science,R. Nair,Computer Science,CSE,2007,15,14,14,5,1,Even,0,0
9,2022-01-01,BK0009,Computer Science Concepts and Applications,J. Rao,Computer Science,CSE,2021,19,4,4,0,0,Even,0,0
10,2022-01-01,BK0010,Essentials of Computer Science,D. Rao,Computer Science,CSE,2017,37,8,7,1,0,Even,0,0
11,2022-01-01,BK0011,Computer Science: Theory and Practice,V. Nair,Computer Science,CSE,2020,69,35,31,4,0,Even,0,0
12,2022-01-01,BK0012,Understanding Computer Science,N. Khan,Computer Science,CSE,2001,63,37,31,10,0,Even,0,0
13,2022-01-01,BK0013,Introduction to Data Science,K. Iyer,Data Science,CSE,2016,42,14,12,3,0,Even,0,0
14,2022-01-01,BK0014,Fundamentals of Data Science,R. Menon,Data Science,CSE,2005,69,25,21,6,0,Even,0,0
15,2022-01-01,BK0015,Data Science: A Practical Approach,J. Rao,Data Science,CSE,2021,23,9,8,1,1,Even,0,0
16,2022-01-01,BK0016,Advanced Data Science,M. Sharma,Data Science,CSE,2003,66,24,18,7,0,Even,0,0
17,2022-01-01,BK0017,Principles of Data Science,A. Sharma,Data Science,CSE,1996,16,5,4,1,0,Even,0,0
18,2022-01-01,BK0018,Data Science for Engineers,P. Rao,Data Science,CSE,2000,46,6,4,0,0,Even,0,0
19,2022-01-01,BK0019,Modern Data Science,N. Iyer,Data Science,CSE,2010,30,18,17,4,1,Even,0,0
20,2022-01-01,BK0020,Applied Data Science,A. Gupta,Data Science,CSE,2013,40,12,12,0,2,Even,0,0
21,2022-01-01,BK0021,Data Science Concepts and Applications,S. Reddy,Data Science,CSE,2019,39,9,9,1,1,Even,0,0
22,2022-01-01,BK0022,Essentials of Data Science,R. Rao,Data Science,CSE,2014,63,18,14,2,1,Even,0,0
23,2022-01-01,BK0023,Data Science: Theory and Practice,R. Sharma,Data Science,CSE,2018,47,15,11,5,0,Even,0,0
24,2022-01-01,BK0024,Understanding Data Science,V. Iyer,Data Science,CSE,2019,49,29,26,3,0,Even,0,0
25,2022-01-01,BK0025,Introduction to Electronics,J. Kumar,Electronics,ECE,2015,62,21,16,4,0,Even,0,0
26,2022-01-01,BK0026,Fundamentals of Electronics,K. Singh,Electronics,ECE,2013,36,4,4,0,0,Even,0,0
27,2022-01-01,BK0027,Electronics: A Practical Approach,N. Bose,Electronics,ECE,1999,62,23,16,2,0,Even,0,0
28,2022-01-01,BK0028,Advanced Electronics,S. Iyer,Electronics,ECE,2015,20,15,13,1,0,Even,0,0
29,2022-01-01,BK0029,Principles of Electronics,S. Verma,Electronics,ECE,1997,32,23,19,3,1,Even,0,0
30,2022-01-01,BK0030,Electronics for Engineers,J. Menon,Electronics,ECE,2016,37,15,13,5,0,Even,0,0
31,2022-01-01,BK0031,Modern Electronics,R. Khan,Electronics,ECE,2020,49,9,8,0,0,Even,0,0
32,2022-01-01,BK0032,Applied Electronics,R. Gupta,Electronics,ECE,2002,60,7,6,3,0,Even,0,0
33,2022-01-01,BK0033,Electronics Concepts and Applications,S. Rao,Electronics,ECE,2016,36,19,19,3,1,Even,0,0
34,2022-01-01,BK0034,Essentials of Electronics,A. Iyer,Electronics,ECE,2022,58,18,15,3,0,Even,0,0
35,2022-01-01,BK0035,Electronics: Theory and Practice,M. Rao,Electronics,ECE,2011,33,55,46,8,13,Even,0,0
36,2022-01-01,BK0036,Understanding Electronics,D. Rao,Electronics,ECE,1995,15,44,38,3,10,Even,0,0
37,2022-01-01,BK0037,Introduction to Mechanical,R. Bose,Mechanical,MECH,2017,17,31,26,4,7,Even,0,0
38,2022-01-01,BK0038,Fundamentals of Mechanical,D. Reddy,Mechanical,MECH,2008,66,29,25,2,0,Even,0,0
39,2022-01-01,BK0039,Mechanical: A Practical Approach,M. Verma,Mechanical,MECH,2014,45,8,8,2,0,Even,0,0
40,2022-01-01,BK0040,Advanced Mechanical,D. Menon,Mechanical,MECH,2010,69,43,34,7,0,Even,0,0
41,2022-01-01,BK0041,Principles of Mechanical,R. Sharma,Mechanical,MECH,2005,51,23,19,3,0,Even,0,0
42,2022-01-01,BK0042,Mechanical for Engineers,S. Sharma,Mechanical,MECH,1996,65,28,22,5,1,Even,0,0
43,2022-01-01,BK0043,Modern Mechanical,R. Reddy,Mechanical,MECH,2020,67,29,25,6,0,Even,0,0
44,2022-01-01,BK0044,Applied Mechanical,R. Khan,Mechanical,MECH,2003,38,7,6,0,0,Even,0,0
45,2022-01-01,BK0045,Mechanical Concepts and Applications,S. Sharma,Mechanical,MECH,2017,27,12,10,0,0,Even,0,0
46,2022-01-01,BK0046,Essentials of Mechanical,N. Gupta,Mechanical,MECH,2007,33,17,13,0,0,Even,0,0
47,2022-01-01,BK0047,Mechanical: Theory and Practice,A. Iyer,Mechanical,MECH,1997,26,15,14,1,1,Even,0,0
48,2022-01-01,BK0048,Understanding Mechanical,J. Iyer,Mechanical,MECH,2004,53,9,7,0,0,Even,0,0
49,2022-01-01,BK0049,Introduction to Civil,D. Nair,Civil,CIVIL,2000,21,16,14,3,0,Even,0,0
50,2022-01-01,BK0050,Fundamentals of Civil,V. Menon,Civil,CIVIL,2002,62,39,32,5,1,Even,0,0
51,2022-01-01,BK0051,Civil: A Practical Approach,A. Bose,Civil,CIVIL,1997,59,5,4,0,0,Even,0,0
52,2022-01-01,BK0052,Advanced Civil,R. Verma,Civil,CIVIL,1997,27,8,7,2,0,Even,0,0
53,2022-01-01,BK0053,Principles of Civil,J. Verma,Civil,CIVIL,2015,30,23,23,3,1,Even,0,0
54,2022-01-01,BK0054,Civil for Engineers,P. Nair,Civil,CIVIL,2003,63,10,9,1,0,Even,0,0
55,2022-01-01,BK0055,Modern Civil,A. Nair,Civil,CIVIL,2018,42,7,7,3,0,Even,0,0
56,2022-01-01,BK0056,Applied Civil,M. Singh,Civil,CIVIL,1999,55,34,30,7,1,Even,0,0
57,2022-01-01,BK0057,Civil Concepts and Applications,K. Khan,Civil,CIVIL,2023,20,27,20,6,3,Even,0,0
58,2022-01-01,BK0058,Essentials of Civil,R. Reddy,Civil,CIVIL,2007,19,44,35,13,16,Even,0,0
59,2022-01-01,BK0059,Civil: Theory and Practice,N. Singh,Civil,CIVIL,2021,63,27,22,5,1,Even,0,0
60,2022-01-01,BK0060,Understanding Civil,A. Kumar,Civil,CIVIL,1999,45,10,9,1,0,Even,0,0
61,2022-01-01,BK0061,Introduction to Mathematics,M. Bose,Mathematics,SCIENCE,1995,65,15,12,2,0,Even,0,0
62,2022-01-01,BK0062,Fundamentals of Mathematics,K. Sharma,Mathematics,SCIENCE,1996,68,26,22,4,0,Even,0,0
63,2022-01-01,BK0063,Mathematics: A Practical Approach,P. Reddy,Mathematics,SCIENCE,2009,37,32,27,6,0,Even,0,0
64,2022-01-01,BK0064,Advanced Mathematics,M. Nair,Mathematics,SCIENCE,2012,48,21,20,3,0,Even,0,0
65,2022-01-01,BK0065,Principles of Mathematics,R. Khan,Mathematics,SCIENCE,2011,19,18,15,4,0,Even,0,0
66,2022-01-01,BK0066,Mathematics for Engineers,K. Menon,Mathematics,SCIENCE,2015,16,12,11,3,0,Even,0,0
67,2022-01-01,BK0067,Modern Mathematics,S. Gupta,Mathematics,SCIENCE,1997,41,49,42,5,6,Even,0,0
68,2022-01-01,BK0068,Applied Mathematics,R. Menon,Mathematics,SCIENCE,2000,15,9,8,2,0,Even,0,0
69,2022-01-01,BK0069,Mathematics Concepts and Applications,M. Gupta,Mathematics,SCIENCE,2016,61,33,31,7,0,Even,0,0
70,2022-01-01,BK0070,Essentials of Mathematics,V. Khan,Mathematics,SCIENCE,2023,66,14,14,2,0,Even,0,0
71,2022-01-01,BK0071,Mathematics: Theory and Practice,V. Bose,Mathematics,SCIENCE,1997,61,26,22,2,0,Even,0,0
72,2022-01-01,BK0072,Understanding Mathematics,N. Khan,Mathematics,SCIENCE,2019,69,13,10,2,0,Even,0,0
73,2022-01-01,BK0073,Introduction to Physics,M. Verma,Physics,SCIENCE,2007,32,7,7,0,0,Even,0,0
74,2022-01-01,BK0074,Fundamentals of Physics,K. Bose,Physics,SCIENCE,2000,66,4,3,1,0,Even,0,0
75,2022-01-01,BK0075,Physics: A Practical Approach,D. Kumar,Physics,SCIENCE,2010,18,15,15,2,1,Even,0,0
76,2022-01-01,BK0076,Advanced Physics,V. Rao,Physics,SCIENCE,2000,16,7,6,1,0,Even,0,0
77,2022-01-01,BK0077,Principles of Physics,K. Verma,Physics,SCIENCE,2007,58,20,19,3,0,Even,0,0
78,2022-01-01,BK0078,Physics for Engineers,M. Bose,Physics,SCIENCE,1995,40,22,20,3,0,Even,0,0
79,2022-01-01,BK0079,Modern Physics,P. Nair,Physics,SCIENCE,2004,58,14,12,6,0,Even,0,0
80,2022-01-01,BK0080,Applied Physics,R. Singh,Physics,SCIENCE,2018,52,14,14,5,0,Even,0,0
81,2022-01-01,BK0081,Physics Concepts and Applications,N. Reddy,Physics,SCIENCE,2006,49,26,23,3,1,Even,0,0
82,2022-01-01,BK0082,Essentials of Physics,S. Sharma,Physics,SCIENCE,2008,44,14,13,5,0,Even,0,0
83,2022-01-01,BK0083,Physics: Theory and Practice,S. Nair,Physics,SCIENCE,2002,53,13,12,2,0,Even,0,0
84,2022-01-01,BK0084,Understanding Physics,V. Reddy,Physics,SCIENCE,2009,69,8,6,1,0,Even,0,0
85,2022-01-01,BK0085,Introduction to Chemistry,R. Nair,Chemistry,SCIENCE,2009,61,13,13,1,0,Even,0,0
86,2022-01-01,BK0086,Fundamentals of Chemistry,A. Iyer,Chemistry,SCIENCE,2021,69,23,21,3,1,Even,0,0
87,2022-01-01,BK0087,Chemistry: A Practical Approach,A. Iyer,Chemistry,SCIENCE,2018,66,29,24,5,0,Even,0,0
88,2022-01-01,BK0088,Advanced Chemistry,V. Singh,Chemistry,SCIENCE,2013,50,20,17,3,0,Even,0,0
89,2022-01-01,BK0089,Principles of Chemistry,K. Menon,Chemistry,SCIENCE,2008,57,6,6,0,1,Even,0,0
90,2022-01-01,BK0090,Chemistry for Engineers,D. Singh,Chemistry,SCIENCE,1998,62,10,8,0,0,Even,0,0
91,2022-01-01,BK0091,Modern Chemistry,K. Nair,Chemistry,SCIENCE,2002,55,18,17,4,0,Even,0,0
92,2022-01-01,BK0092,Applied Chemistry,P. Khan,Chemistry,SCIENCE,2019,15,27,21,0,3,Even,0,0
93,2022-01-01,BK0093,Chemistry Concepts and Applications,P. Rao,Chemistry,SCIENCE,1997,66,23,21,3,1,Even,0,0
94,2022-01-01,BK0094,Essentials of Chemistry,J. Menon,Chemistry,SCIENCE,2005,58,3,2,0,0,Even,0,0
95,2022-01-01,BK0095,Chemistry: Theory and Practice,S. Bose,Chemistry,SCIENCE,2022,64,18,15,2,0,Even,0,0
96,2022-01-01,BK0096,Understanding Chemistry,M. Sharma,Chemistry,SCIENCE,2023,54,8,7,1,0,Even,0,0
97,2022-01-01,BK0097,Introduction to Business Management,A. Rao,Business Management,MBA,2007,43,8,7,2,0,Even,0,0
98,2022-01-01,BK0098,Fundamentals of Business Management,V. Reddy,Business Management,MBA,2012,44,20,17,2,1,Even,0,0
99,2022-01-01,BK0099,Business Management: A Practical Approach,P. Reddy,Business Management,MBA,2022,47,9,9,1,0,Even,0,0
100,2022-01-01,BK0100,Advanced Business Management,N. Rao,Business Management,MBA,2018,37,14,13,1,0,Even,0,0
101,2022-01-01,BK0101,Principles of Business Management,V. Bose,Business Management,MBA,2018,60,32,27,7,0,Even,0,0
102,2022-01-01,BK0102,Business Management for Engineers,K. Iyer,Business Management,MBA,2001,47,4,3,2,1,Even,0,0
103,2022-01-01,BK0103,Modern Business Management,N. Nair,Business Management,MBA,2017,69,6,5,0,1,Even,0,0
104,2022-01-01,BK0104,Applied Business Management,K. Nair,Business Management,MBA,2020,36,49,36,7,3,Even,0,0
105,2022-01-01,BK0105,Business Management Concepts and Applications,V. Sharma,Business Management,MBA,2002,16,20,20,3,6,Even,0,0
106,2022-01-01,BK0106,Essentials of Business Management,J. Rao,Business Management,MBA,1996,37,28,22,2,0,Even,0,0
107,2022-01-01,BK0107,Business Management: Theory and Practice,M. Khan,Business Management,MBA,2006,37,10,7,2,0,Even,0,0
108,2022-01-01,BK0108,Understanding Business Management,M. Menon,Business Management,MBA,2007,67,28,20,4,1,Even,0,0
109,2022-01-01,BK0109,Introduction to English Literature,N. Menon,English Literature,HUMANITIES,2013,67,9,9,1,1,Even,0,0
110,2022-01-01,BK0110,Fundamentals of English Literature,K. Reddy,English Literature,HUMANITIES,2001,54,27,26,2,0,Even,0,0
111,2022-01-01,BK0111,English Literature: A Practical Approach,S. Bose,English Literature,HUMANITIES,1997,66,36,30,5,0,Even,0,0
112,2022-01-01,BK0112,Advanced English Literature,A. Khan,English Literature,HUMANITIES,2011,15,11,9,2,0,Even,0,0
113,2022-01-01,BK0113,Principles of English Literature,J. Khan,English Literature,HUMANITIES,2006,33,12,11,3,0,Even,0,0
114,2022-01-01,BK0114,English Literature for Engineers,M. Verma,English Literature,HUMANITIES,2006,30,52,47,9,11,Even,0,0
115,2022-01-01,BK0115,Modern English Literature,V. Reddy,English Literature,HUMANITIES,2009,40,23,18,4,0,Even,0,0
116,2022-01-01,BK0116,Applied English Literature,J. Menon,English Literature,HUMANITIES,2020,21,16,15,3,1,Even,0,0
117,2022-01-01,BK0117,English Literature Concepts and Applications,M. Rao,English Literature,HUMANITIES,2012,56,15,12,3,1,Even,0,0
118,2022-01-01,BK0118,Essentials of English Literature,N. Sharma,English Literature,HUMANITIES,2005,54,16,13,4,0,Even,0,0
119,2022-01-01,BK0119,English Literature: Theory and Practice,D. Rao,English Literature,HUMANITIES,2007,56,38,32,6,1,Even,0,0
120,2022-01-01,BK0120,Understanding English Literature,R. Rao,English Literature,HUMANITIES,1997,53,1,1,0,0,Even,0,0
121,2022-02-01,BK0001,Introduction to Computer Science,N. Iyer,Computer Science,CSE,2016,67,9,1,0,0,Even,0,0
122,2022-02-01,BK0002,Fundamentals of Computer Science,R. Singh,Computer Science,CSE,2016,58,15,18,4,0,Even,0,0
123,2022-02-01,BK0003,Computer Science: A Practical Approach,J. Sharma,Computer Science,CSE,2006,69,1,2,0,0,Even,0,0
124,2022-02-01,BK0004,Advanced Computer Science,K. Gupta,Computer Science,CSE,2022,28,22,20,0,0,Even,0,0
125,2022-02-01,BK0005,Principles of Computer Science,R. Menon,Computer Science,CSE,2008,31,12,8,3,1,Even,0,0
126,2022-02-01,BK0006,Computer Science for Engineers,K. Kumar,Computer Science,CSE,2012,40,17,16,1,0,Even,0,0
127,2022-02-01,BK0007,Modern Computer Science,R. Menon,Computer Science,CSE,2010,59,15,17,3,1,Even,0,0
128,2022-02-01,BK0008,Applied Computer Science,R. Nair,Computer Science,CSE,2007,15,23,12,3,6,Even,0,0
129,2022-02-01,BK0009,Computer Science Concepts and Applications,J. Rao,Computer Science,CSE,2021,19,6,2,2,0,Even,0,0
130,2022-02-01,BK0010,Essentials of Computer Science,D. Rao,Computer Science,CSE,2017,37,9,5,3,1,Even,0,0
131,2022-02-01,BK0011,Computer Science: Theory and Practice,V. Nair,Computer Science,CSE,2020,69,14,32,2,1,Even,0,0
132,2022-02-01,BK0012,Understanding Computer Science,N. Khan,Computer Science,CSE,2001,63,19,33,2,2,Even,0,0
133,2022-02-01,BK0013,Introduction to Data Science,K. Iyer,Data Science,CSE,2016,42,13,13,1,1,Even,0,0
134,2022-02-01,BK0014,Fundamentals of Data Science,R. Menon,Data Science,CSE,2005,69,21,22,2,1,Even,0,0
135,2022-02-01,BK0015,Data Science: A Practical Approach,J. Rao,Data Science,CSE,2021,23,11,8,0,1,Even,0,0
136,2022-02-01,BK0016,Advanced Data Science,M. Sharma,Data Science,CSE,2003,66,22,17,2,0,Even,0,0
137,2022-02-01,BK0017,Principles of Data Science,A. Sharma,Data Science,CSE,1996,16,6,4,1,0,Even,0,0
138,2022-02-01,BK0018,Data Science for Engineers,P. Rao,Data Science,CSE,2000,46,12,5,1,0,Even,0,0
139,2022-02-01,BK0019,Modern Data Science,N. Iyer,Data Science,CSE,2010,30,19,14,2,1,Even,0,0
140,2022-02-01,BK0020,Applied Data Science,A. Gupta,Data Science,CSE,2013,40,13,11,3,0,Even,0,0
141,2022-02-01,BK0021,Data Science Concepts and Applications,S. Reddy,Data Science,CSE,2019,39,6,6,1,1,Even,0,0
142,2022-02-01,BK0022,Essentials of Data Science,R. Rao,Data Science,CSE,2014,63,14,16,1,0,Even,0,0
143,2022-02-01,BK0023,Data Science: Theory and Practice,R. Sharma,Data Science,CSE,2018,47,22,13,3,0,Even,0,0
144,2022-02-01,BK0024,Understanding Data Science,V. Iyer,Data Science,CSE,2019,49,25,26,2,0,Even,0,0
145,2022-02-01,BK0025,Introduction to Electronics,J. Kumar,Electronics,ECE,2015,62,21,19,4,0,Even,0,0
146,2022-02-01,BK0026,Fundamentals of Electronics,K. Singh,Electronics,ECE,2013,36,8,4,1,0,Even,0,0
147,2022-02-01,BK0027,Electronics: A Practical Approach,N. Bose,Electronics,ECE,1999,62,24,18,3,2,Even,0,0
148,2022-02-01,BK0028,Advanced Electronics,S. Iyer,Electronics,ECE,2015,20,14,12,1,2,Even,0,0
149,2022-02-01,BK0029,Principles of Electronics,S. Verma,Electronics,ECE,1997,32,15,22,0,1,Even,0,0
150,2022-02-01,BK0030,Electronics for Engineers,J. Menon,Electronics,ECE,2016,37,13,11,0,2,Even,0,0
151,2022-02-01,BK0031,Modern Electronics,R. Khan,Electronics,ECE,2020,49,8,7,1,1,Even,0,0
152,2022-02-01,BK0032,Applied Electronics,R. Gupta,Electronics,ECE,2002,60,8,5,0,0,Even,0,0
153,2022-02-01,BK0033,Electronics Concepts and Applications,S. Rao,Electronics,ECE,2016,36,12,12,0,0,Even,0,0
154,2022-02-01,BK0034,Essentials of Electronics,A. Iyer,Electronics,ECE,2022,58,10,17,1,0,Even,0,0
155,2022-02-01,BK0035,Electronics: Theory and Practice,M. Rao,Electronics,ECE,2011,33,59,45,12,10,Even,0,0
156,2022-02-01,BK0036,Understanding Electronics,D. Rao,Electronics,ECE,1995,15,45,44,4,14,Even,0,0
157,2022-02-01,BK0037,Introduction to Mechanical,R. Bose,Mechanical,MECH,2017,17,23,29,3,2,Even,0,0
158,2022-02-01,BK0038,Fundamentals of Mechanical,D. Reddy,Mechanical,MECH,2008,66,31,21,2,0,Even,0,0
159,2022-02-01,BK0039,Mechanical: A Practical Approach,M. Verma,Mechanical,MECH,2014,45,12,7,2,0,Even,0,0
160,2022-02-01,BK0040,Advanced Mechanical,D. Menon,Mechanical,MECH,2010,69,24,40,2,0,Even,0,0
161,2022-02-01,BK0041,Principles of Mechanical,R. Sharma,Mechanical,MECH,2005,51,20,18,1,0,Even,0,0
162,2022-02-01,BK0042,Mechanical for Engineers,S. Sharma,Mechanical,MECH,1996,65,31,26,7,1,Even,0,0
163,2022-02-01,BK0043,Modern Mechanical,R. Reddy,Mechanical,MECH,2020,67,33,23,4,0,Even,0,0
164,2022-02-01,BK0044,Applied Mechanical,R. Khan,Mechanical,MECH,2003,38,7,6,0,1,Even,0,0
165,2022-02-01,BK0045,Mechanical Concepts and Applications,S. Sharma,Mechanical,MECH,2017,27,18,10,1,1,Even,0,0
166,2022-02-01,BK0046,Essentials of Mechanical,N. Gupta,Mechanical,MECH,2007,33,14,16,1,1,Even,0,0
167,2022-02-01,BK0047,Mechanical: Theory and Practice,A. Iyer,Mechanical,MECH,1997,26,17,12,1,0,Even,0,0
168,2022-02-01,BK0048,Understanding Mechanical,J. Iyer,Mechanical,MECH,2004,53,8,8,4,0,Even,0,0
169,2022-02-01,BK0049,Introduction to Civil,D. Nair,Civil,CIVIL,2000,21,18,16,0,0,Even,0,0
170,2022-02-01,BK0050,Fundamentals of Civil,V. Menon,Civil,CIVIL,2002,62,48,33,7,0,Even,0,0
171,2022-02-01,BK0051,Civil: A Practical Approach,A. Bose,Civil,CIVIL,1997,59,12,5,1,0,Even,0,0
172,2022-02-01,BK0052,Advanced Civil,R. Verma,Civil,CIVIL,1997,27,11,7,3,0,Even,0,0
173,2022-02-01,BK0053,Principles of Civil,J. Verma,Civil,CIVIL,2015,30,30,22,5,0,Even,0,0
174,2022-02-01,BK0054,Civil for Engineers,P. Nair,Civil,CIVIL,2003,63,12,10,1,0,Even,0,0
175,2022-02-01,BK0055,Modern Civil,A. Nair,Civil,CIVIL,2018,42,9,5,2,0,Even,0,0
176,2022-02-01,BK0056,Applied Civil,M. Singh,Civil,CIVIL,1999,55,44,28,9,0,Even,0,0
177,2022-02-01,BK0057,Civil Concepts and Applications,K. Khan,Civil,CIVIL,2023,20,12,23,3,0,Even,0,0
178,2022-02-01,BK0058,Essentials of Civil,R. Reddy,Civil,CIVIL,2007,19,39,38,7,11,Even,0,0
179,2022-02-01,BK0059,Civil: Theory and Practice,N. Singh,Civil,CIVIL,2021,63,24,25,2,0,Even,0,0
180,2022-02-01,BK0060,Understanding Civil,A. Kumar,Civil,CIVIL,1999,45,15,7,6,1,Even,0,0
181,2022-02-01,BK0061,Introduction to Mathematics,M. Bose,Mathematics,SCIENCE,1995,65,18,15,2,1,Even,0,0
182,2022-02-01,BK0062,Fundamentals of Mathematics,K. Sharma,Mathematics,SCIENCE,1996,68,21,20,1,0,Even,0,0
183,2022-02-01,BK0063,Mathematics: A Practical Approach,P. Reddy,Mathematics,SCIENCE,2009,37,37,30,6,1,Even,0,0
184,2022-02-01,BK0064,Advanced Mathematics,M. Nair,Mathematics,SCIENCE,2012,48,13,18,2,1,Even,0,0
185,2022-02-01,BK0065,Principles of Mathematics,R. Khan,Mathematics,SCIENCE,2011,19,24,16,1,3,Even,0,0
186,2022-02-01,BK0066,Mathematics for Engineers,K. Menon,Mathematics,SCIENCE,2015,16,13,9,4,0,Even,0,0
187,2022-02-01,BK0067,Modern Mathematics,S. Gupta,Mathematics,SCIENCE,1997,41,52,47,7,8,Even,0,0
188,2022-02-01,BK0068,Applied Mathematics,R. Menon,Mathematics,SCIENCE,2000,15,6,9,2,0,Even,0,0
189,2022-02-01,BK0069,Mathematics Concepts and Applications,M. Gupta,Mathematics,SCIENCE,2016,61,23,30,3,0,Even,0,0
190,2022-02-01,BK0070,Essentials of Mathematics,V. Khan,Mathematics,SCIENCE,2023,66,18,12,2,0,Even,0,0
191,2022-02-01,BK0071,Mathematics: Theory and Practice,V. Bose,Mathematics,SCIENCE,1997,61,17,24,0,2,Even,0,0
192,2022-02-01,BK0072,Understanding Mathematics,N. Khan,Mathematics,SCIENCE,2019,69,11,10,2,0,Even,0,0
193,2022-02-01,BK0073,Introduction to Physics,M. Verma,Physics,SCIENCE,2007,32,13,6,3,0,Even,0,0
194,2022-02-01,BK0074,Fundamentals of Physics,K. Bose,Physics,SCIENCE,2000,66,9,4,2,0,Even,0,0
195,2022-02-01,BK0075,Physics: A Practical Approach,D. Kumar,Physics,SCIENCE,2010,18,8,13,0,2,Even,0,0
196,2022-02-01,BK0076,Advanced Physics,V. Rao,Physics,SCIENCE,2000,16,4,6,1,0,Even,0,0
197,2022-02-01,BK0077,Principles of Physics,K. Verma,Physics,SCIENCE,2007,58,14,15,2,0,Even,0,0
198,2022-02-01,BK0078,Physics for Engineers,M. Bose,Physics,SCIENCE,1995,40,22,17,3,1,Even,0,0
199,2022-02-01,BK0079,Modern Physics,P. Nair,Physics,SCIENCE,2004,58,22,13,2,0,Even,0,0
200,2022-02-01,BK0080,Applied Physics,R. Singh,Physics,SCIENCE,2018,52,29,11,6,1,Even,0,0
201,2022-02-01,BK0081,Physics Concepts and Applications,N. Reddy,Physics,SCIENCE,2006,49,29,22,5,1,Even,0,0
202,2022-02-01,BK0082,Essentials of Physics,S. Sharma,Physics,SCIENCE,2008,44,17,11,6,0,Even,0,0
203,2022-02-01,BK0083,Physics: Theory and Practice,S. Nair,Physics,SCIENCE,2002,53,9,13,0,2,Even,0,0
204,2022-02-01,BK0084,Understanding Physics,V. Reddy,Physics,SCIENCE,2009,69,5,6,0,0,Even,0,0
205,2022-02-01,BK0085,Introduction to Chemistry,R. Nair,Chemistry,SCIENCE,2009,61,19,11,4,0,Even,0,0
206,2022-02-01,BK0086,Fundamentals of Chemistry,A. Iyer,Chemistry,SCIENCE,2021,69,28,18,3,0,Even,0,0
207,2022-02-01,BK0087,Chemistry: A Practical Approach,A. Iyer,Chemistry,SCIENCE,2018,66,28,24,3,1,Even,0,0
208,2022-02-01,BK0088,Advanced Chemistry,V. Singh,Chemistry,SCIENCE,2013,50,18,18,0,0,Even,0,0
209,2022-02-01,BK0089,Principles of Chemistry,K. Menon,Chemistry,SCIENCE,2008,57,7,5,2,0,Even,0,0
210,2022-02-01,BK0090,Chemistry for Engineers,D. Singh,Chemistry,SCIENCE,1998,62,8,10,3,0,Even,0,0
211,2022-02-01,BK0091,Modern Chemistry,K. Nair,Chemistry,SCIENCE,2002,55,17,13,4,0,Even,0,0
212,2022-02-01,BK0092,Applied Chemistry,P. Khan,Chemistry,SCIENCE,2019,15,18,25,1,5,Even,0,0
213,2022-02-01,BK0093,Chemistry Concepts and Applications,P. Rao,Chemistry,SCIENCE,1997,66,20,22,5,1,Even,0,0
214,2022-02-01,BK0094,Essentials of Chemistry,J. Menon,Chemistry,SCIENCE,2005,58,10,3,3,1,Even,0,0
215,2022-02-01,BK0095,Chemistry: Theory and Practice,S. Bose,Chemistry,SCIENCE,2022,64,11,14,1,0,Even,0,0
216,2022-02-01,BK0096,Understanding Chemistry,M. Sharma,Chemistry,SCIENCE,2023,54,7,7,1,1,Even,0,0
217,2022-02-01,BK0097,Introduction to Business Management,A. Rao,Business Management,MBA,2007,43,6,6,0,1,Even,0,0
218,2022-02-01,BK0098,Fundamentals of Business Management,V. Reddy,Business Management,MBA,2012,44,18,16,2,1,Even,0,0
219,2022-02-01,BK0099,Business Management: A Practical Approach,P. Reddy,Business Management,MBA,2022,47,14,7,0,0,Even,0,0
220,2022-02-01,BK0100,Advanced Business Management,N. Rao,Business Management,MBA,2018,37,19,11,6,0,Even,0,0
221,2022-02-01,BK0101,Principles of Business Management,V. Bose,Business Management,MBA,2018,60,28,27,2,0,Even,0,0
222,2022-02-01,BK0102,Business Management for Engineers,K. Iyer,Business Management,MBA,2001,47,5,4,2,1,Even,0,0
223,2022-02-01,BK0103,Modern Business Management,N. Nair,Business Management,MBA,2017,69,3,4,0,0,Even,0,0
224,2022-02-01,BK0104,Applied Business Management,K. Nair,Business Management,MBA,2020,36,49,42,9,6,Even,0,0
225,2022-02-01,BK0105,Business Management Concepts and Applications,V. Sharma,Business Management,MBA,2002,16,14,18,2,0,Even,0,0
226,2022-02-01,BK0106,Essentials of Business Management,J. Rao,Business Management,MBA,1996,37,27,25,5,0,Even,0,0
227,2022-02-01,BK0107,Business Management: Theory and Practice,M. Khan,Business Management,MBA,2006,37,18,8,4,0,Even,0,0
228,2022-02-01,BK0108,Understanding Business Management,M. Menon,Business Management,MBA,2007,67,34,23,4,0,Even,0,0
229,2022-02-01,BK0109,Introduction to English Literature,N. Menon,English Literature,HUMANITIES,2013,67,16,9,3,0,Even,0,0
230,2022-02-01,BK0110,Fundamentals of English Literature,K. Reddy,English Literature,HUMANITIES,2001,54,25,22,4,1,Even,0,0
231,2022-02-01,BK0111,English Literature: A Practical Approach,S. Bose,English Literature,HUMANITIES,1997,66,51,28,10,0,Even,0,0
232,2022-02-01,BK0112,Advanced English Literature,A. Khan,English Literature,HUMANITIES,2011,15,13,11,2,2,Even,0,0
233,2022-02-01,BK0113,Principles of English Literature,J. Khan,English Literature,HUMANITIES,2006,33,8,11,1,1,Even,0,0
234,2022-02-01,BK0114,English Literature for Engineers,M. Verma,English Literature,HUMANITIES,2006,30,53,42,8,8,Even,0,0
235,2022-02-01,BK0115,Modern English Literature,V. Reddy,English Literature,HUMANITIES,2009,40,26,20,6,0,Even,0,0
236,2022-02-01,BK0116,Applied English Literature,J. Menon,English Literature,HUMANITIES,2020,21,23,13,1,2,Even,0,0
237,2022-02-01,BK0117,English Literature Concepts and Applications,M. Rao,English Literature,HUMANITIES,2012,56,31,14,4,1,Even,0,0
238,2022-02-01,BK0118,Essentials of English Literature,N. Sharma,English Literature,HUMANITIES,2005,54,10,16,3,0,Even,0,0
239,2022-02-01,BK0119,English Literature: Theory and Practice,D. Rao,English Literature,HUMANITIES,2007,56,32,33,8,1,Even,0,0
240,2022-02-01,BK0120,Understanding English Literature,R. Rao,English Literature,HUMANITIES,1997,53,4,1,2,1,Even,0,0
241,2022-03-01,BK0001,Introduction to Computer Science,N. Iyer,Computer Science,CSE,2016,67,9,7,1,0,Even,0,0
242,2022-03-01,BK0002,Fundamentals of Computer Science,R. Singh,Computer Science,CSE,2016,58,19,15,5,0,Even,0,0
243,2022-03-01,BK0003,Computer Science: A Practical Approach,J. Sharma,Computer Science,CSE,2006,69,4,1,0,0,Even,0,0
244,2022-03-01,BK0004,Advanced Computer Science,K. Gupta,Computer Science,CSE,2022,28,13,20,2,1,Even,0,0
245,2022-03-01,BK0005,Principles of Computer Science,R. Menon,Computer Science,CSE,2008,31,11,9,3,2,Even,0,0
246,2022-03-01,BK0006,Computer Science for Engineers,K. Kumar,Computer Science,CSE,2012,40,8,16,1,0,Even,0,0
247,2022-03-01,BK0007,Modern Computer Science,R. Menon,Computer Science,CSE,2010,59,20,13,5,0,Even,0,0
248,2022-03-01,BK0008,Applied Computer Science,R. Nair,Computer Science,CSE,2007,15,25,18,3,6,Even,0,0
249,2022-03-01,BK0009,Computer Science Concepts and Applications,J. Rao,Computer Science,CSE,2021,19,1,5,0,0,Even,0,0
250,2022-03-01,BK0010,Essentials of Computer Science,D. Rao,Computer Science,CSE,2017,37,4,7,1,0,Even,0,0
251,2022-03-01,BK0011,Computer Science: Theory and Practice,V. Nair,Computer Science,CSE,2020,69,29,12,1,0,Even,0,0
252,2022-03-01,BK0012,Understanding Computer Science,N. Khan,Computer Science,CSE,2001,63,43,16,7,0,Even,0,0
253,2022-03-01,BK0013,Introduction to Data Science,K. Iyer,Data Science,CSE,2016,42,6,10,0,0,Even,0,0
254,2022-03-01,BK0014,Fundamentals of Data Science,R. Menon,Data Science,CSE,2005,69,26,19,3,0,Even,0,0
255,2022-03-01,BK0015,Data Science: A Practical Approach,J. Rao,Data Science,CSE,2021,23,16,9,3,1,Even,0,0
256,2022-03-01,BK0016,Advanced Data Science,M. Sharma,Data Science,CSE,2003,66,17,21,2,1,Even,0,0
257,2022-03-01,BK0017,Principles of Data Science,A. Sharma,Data Science,CSE,1996,16,7,6,1,0,Even,0,0
258,2022-03-01,BK0018,Data Science for Engineers,P. Rao,Data Science,CSE,2000,46,12,11,0,1,Even,0,0
259,2022-03-01,BK0019,Modern Data Science,N. Iyer,Data Science,CSE,2010,30,9,17,0,0,Even,0,0
260,2022-03-01,BK0020,Applied Data Science,A. Gupta,Data Science,CSE,2013,40,6,11,0,0,Even,0,0
261,2022-03-01,BK0021,Data Science Concepts and Applications,S. Reddy,Data Science,CSE,2019,39,9,4,0,1,Even,0,0
262,2022-03-01,BK0022,Essentials of Data Science,R. Rao,Data Science,CSE,2014,63,18,12,3,0,Even,0,0
263,2022-03-01,BK0023,Data Science: Theory and Practice,R. Sharma,Data Science,CSE,2018,47,18,19,2,0,Even,0,0
264,2022-03-01,BK0024,Understanding Data Science,V. Iyer,Data Science,CSE,2019,49,20,20,6,0,Even,0,0
265,2022-03-01,BK0025,Introduction to Electronics,J. Kumar,Electronics,ECE,2015,62,20,19,4,0,Even,0,0
266,2022-03-01,BK0026,Fundamentals of Electronics,K. Singh,Electronics,ECE,2013,36,7,8,0,0,Even,0,0
267,2022-03-01,BK0027,Electronics: A Practical Approach,N. Bose,Electronics,ECE,1999,62,21,18,3,1,Even,0,0
268,2022-03-01,BK0028,Advanced Electronics,S. Iyer,Electronics,ECE,2015,20,11,14,1,0,Even,0,0
269,2022-03-01,BK0029,Principles of Electronics,S. Verma,Electronics,ECE,1997,32,13,13,5,1,Even,0,0
270,2022-03-01,BK0030,Electronics for Engineers,J. Menon,Electronics,ECE,2016,37,10,10,2,1,Even,0,0
271,2022-03-01,BK0031,Modern Electronics,R. Khan,Electronics,ECE,2020,49,8,8,1,0,Even,0,0
272,2022-03-01,BK0032,Applied Electronics,R. Gupta,Electronics,ECE,2002,60,8,7,0,1,Even,0,0
273,2022-03-01,BK0033,Electronics Concepts and Applications,S. Rao,Electronics,ECE,2016,36,16,10,1,0,Even,0,0
274,2022-03-01,BK0034,Essentials of Electronics,A. Iyer,Electronics,ECE,2022,58,13,9,2,0,Even,0,0
275,2022-03-01,BK0035,Electronics: Theory and Practice,M. Rao,Electronics,ECE,2011,33,56,50,7,7,Even,0,0
276,2022-03-01,BK0036,Understanding Electronics,D. Rao,Electronics,ECE,1995,15,45,34,2,19,Even,0,0
277,2022-03-01,BK0037,Introduction to Mechanical,R. Bose,Mechanical,MECH,2017,17,25,19,3,7,Even,0,0
278,2022-03-01,BK0038,Fundamentals of Mechanical,D. Reddy,Mechanical,MECH,2008,66,36,25,4,1,Even,0,0
279,2022-03-01,BK0039,Mechanical: A Practical Approach,M. Verma,Mechanical,MECH,2014,45,15,11,6,0,Even,0,0
280,2022-03-01,BK0040,Advanced Mechanical,D. Menon,Mechanical,MECH,2010,69,30,20,3,0,Even,0,0
281,2022-03-01,BK0041,Principles of Mechanical,R. Sharma,Mechanical,MECH,2005,51,24,15,1,0,Even,0,0
282,2022-03-01,BK0042,Mechanical for Engineers,S. Sharma,Mechanical,MECH,1996,65,35,27,4,0,Even,0,0
283,2022-03-01,BK0043,Modern Mechanical,R. Reddy,Mechanical,MECH,2020,67,33,29,7,0,Even,0,0
284,2022-03-01,BK0044,Applied Mechanical,R. Khan,Mechanical,MECH,2003,38,7,5,1,0,Even,0,0
285,2022-03-01,BK0045,Mechanical Concepts and Applications,S. Sharma,Mechanical,MECH,2017,27,14,14,4,1,Even,0,0
286,2022-03-01,BK0046,Essentials of Mechanical,N. Gupta,Mechanical,MECH,2007,33,23,10,4,1,Even,0,0
287,2022-03-01,BK0047,Mechanical: Theory and Practice,A. Iyer,Mechanical,MECH,1997,26,14,13,2,0,Even,0,0
288,2022-03-01,BK0048,Understanding Mechanical,J. Iyer,Mechanical,MECH,2004,53,14,8,2,0,Even,0,0
289,2022-03-01,BK0049,Introduction to Civil,D. Nair,Civil,CIVIL,2000,21,19,17,2,0,Even,0,0
290,2022-03-01,BK0050,Fundamentals of Civil,V. Menon,Civil,CIVIL,2002,62,50,41,9,1,Even,0,0
291,2022-03-01,BK0051,Civil: A Practical Approach,A. Bose,Civil,CIVIL,1997,59,10,9,3,0,Even,0,0
292,2022-03-01,BK0052,Advanced Civil,R. Verma,Civil,CIVIL,1997,27,15,10,1,0,Even,0,0
293,2022-03-01,BK0053,Principles of Civil,J. Verma,Civil,CIVIL,2015,30,31,24,4,1,Even,0,0
294,2022-03-01,BK0054,Civil for Engineers,P. Nair,Civil,CIVIL,2003,63,18,10,2,0,Even,0,0
295,2022-03-01,BK0055,Modern Civil,A. Nair,Civil,CIVIL,2018,42,12,8,1,0,Even,0,0
296,2022-03-01,BK0056,Applied Civil,M. Singh,Civil,CIVIL,1999,55,44,37,7,0,Even,0,0
297,2022-03-01,BK0057,Civil Concepts and Applications,K. Khan,Civil,CIVIL,2023,20,15,11,1,0,Even,0,0
298,2022-03-01,BK0058,Essentials of Civil,R. Reddy,Civil,CIVIL,2007,19,39,33,11,9,Even,0,0
299,2022-03-01,BK0059,Civil: Theory and Practice,N. Singh,Civil,CIVIL,2021,63,40,21,7,0,Even,0,0
300,2022-03-01,BK0060,Understanding Civil,A. Kumar,Civil,CIVIL,1999,45,10,13,0,1,Even,0,0
301,2022-03-01,BK0061,Introduction to Mathematics,M. Bose,Mathematics,SCIENCE,1995,65,18,14,3,1,Even,0,0
302,2022-03-01,BK0062,Fundamentals of Mathematics,K. Sharma,Mathematics,SCIENCE,1996,68,30,16,5,0,Even,0,0
303,2022-03-01,BK0063,Mathematics: A Practical Approach,P. Reddy,Mathematics,SCIENCE,2009,37,38,30,8,2,Even,0,0
304,2022-03-01,BK0064,Advanced Mathematics,M. Nair,Mathematics,SCIENCE,2012,48,16,12,1,0,Even,0,0
305,2022-03-01,BK0065,Principles of Mathematics,R. Khan,Mathematics,SCIENCE,2011,19,18,19,2,0,Even,0,0
306,2022-03-01,BK0066,Mathematics for Engineers,K. Menon,Mathematics,SCIENCE,2015,16,13,12,1,0,Even,0,0
307,2022-03-01,BK0067,Modern Mathematics,S. Gupta,Mathematics,SCIENCE,1997,41,51,43,10,7,Even,0,0
308,2022-03-01,BK0068,Applied Mathematics,R. Menon,Mathematics,SCIENCE,2000,15,7,6,3,0,Even,0,0
309,2022-03-01,BK0069,Mathematics Concepts and Applications,M. Gupta,Mathematics,SCIENCE,2016,61,22,22,1,0,Even,0,0
310,2022-03-01,BK0070,Essentials of Mathematics,V. Khan,Mathematics,SCIENCE,2023,66,15,15,2,0,Even,0,0
311,2022-03-01,BK0071,Mathematics: Theory and Practice,V. Bose,Mathematics,SCIENCE,1997,61,27,17,2,0,Even,0,0
312,2022-03-01,BK0072,Understanding Mathematics,N. Khan,Mathematics,SCIENCE,2019,69,12,10,2,0,Even,0,0
313,2022-03-01,BK0073,Introduction to Physics,M. Verma,Physics,SCIENCE,2007,32,11,11,3,1,Even,0,0
314,2022-03-01,BK0074,Fundamentals of Physics,K. Bose,Physics,SCIENCE,2000,66,10,7,1,0,Even,0,0
315,2022-03-01,BK0075,Physics: A Practical Approach,D. Kumar,Physics,SCIENCE,2010,18,20,7,4,1,Even,0,0
316,2022-03-01,BK0076,Advanced Physics,V. Rao,Physics,SCIENCE,2000,16,8,4,0,0,Even,0,0
317,2022-03-01,BK0077,Principles of Physics,K. Verma,Physics,SCIENCE,2007,58,17,11,2,0,Even,0,0
318,2022-03-01,BK0078,Physics for Engineers,M. Bose,Physics,SCIENCE,1995,40,21,19,4,0,Even,0,0
319,2022-03-01,BK0079,Modern Physics,P. Nair,Physics,SCIENCE,2004,58,34,18,1,0,Even,0,0
320,2022-03-01,BK0080,Applied Physics,R. Singh,Physics,SCIENCE,2018,52,18,26,6,2,Even,0,0
321,2022-03-01,BK0081,Physics Concepts and Applications,N. Reddy,Physics,SCIENCE,2006,49,20,28,5,0,Even,0,0
322,2022-03-01,BK0082,Essentials of Physics,S. Sharma,Physics,SCIENCE,2008,44,12,15,0,1,Even,0,0
323,2022-03-01,BK0083,Physics: Theory and Practice,S. Nair,Physics,SCIENCE,2002,53,10,9,2,0,Even,0,0
324,2022-03-01,BK0084,Understanding Physics,V. Reddy,Physics,SCIENCE,2009,69,12,4,2,1,Even,0,0
325,2022-03-01,BK0085,Introduction to Chemistry,R. Nair,Chemistry,SCIENCE,2009,61,17,16,2,0,Even,0,0
326,2022-03-01,BK0086,Fundamentals of Chemistry,A. Iyer,Chemistry,SCIENCE,2021,69,25,24,7,0,Even,0,0
327,2022-03-01,BK0087,Chemistry: A Practical Approach,A. Iyer,Chemistry,SCIENCE,2018,66,32,26,8,0,Even,0,0
328,2022-03-01,BK0088,Advanced Chemistry,V. Singh,Chemistry,SCIENCE,2013,50,12,12,0,0,Even,0,0
329,2022-03-01,BK0089,Principles of Chemistry,K. Menon,Chemistry,SCIENCE,2008,57,8,6,0,0,Even,0,0
330,2022-03-01,BK0090,Chemistry for Engineers,D. Singh,Chemistry,SCIENCE,1998,62,11,8,2,0,Even,0,0
331,2022-03-01,BK0091,Modern Chemistry,K. Nair,Chemistry,SCIENCE,2002,55,10,12,2,0,Even,0,0
332,2022-03-01,BK0092,Applied Chemistry,P. Khan,Chemistry,SCIENCE,2019,15,25,15,8,5,Even,0,0
333,2022-03-01,BK0093,Chemistry Concepts and Applications,P. Rao,Chemistry,SCIENCE,1997,66,18,17,3,1,Even,0,0
334,2022-03-01,BK0094,Essentials of Chemistry,J. Menon,Chemistry,SCIENCE,2005,58,6,8,2,0,Even,0,0
335,2022-03-01,BK0095,Chemistry: Theory and Practice,S. Bose,Chemistry,SCIENCE,2022,64,11,11,4,0,Even,0,0
336,2022-03-01,BK0096,Understanding Chemistry,M. Sharma,Chemistry,SCIENCE,2023,54,5,7,0,0,Even,0,0
337,2022-03-01,BK0097,Introduction to Business Management,A. Rao,Business Management,MBA,2007,43,8,4,1,0,Even,0,0
338,2022-03-01,BK0098,Fundamentals of Business Management,V. Reddy,Business Management,MBA,2012,44,21,12,2,0,Even,0,0
339,2022-03-01,BK0099,Business Management: A Practical Approach,P. Reddy,Business Management,MBA,2022,47,14,12,3,0,Even,0,0
340,2022-03-01,BK0100,Advanced Business Management,N. Rao,Business Management,MBA,2018,37,10,18,3,0,Even,0,0
341,2022-03-01,BK0101,Principles of Business Management,V. Bose,Business Management,MBA,2018,60,29,25,3,0,Even,0,0
342,2022-03-01,BK0102,Business Management for Engineers,K. Iyer,Business Management,MBA,2001,47,4,5,1,1,Even,0,0
343,2022-03-01,BK0103,Modern Business Management,N. Nair,Business Management,MBA,2017,69,1,3,0,0,Even,0,0
344,2022-03-01,BK0104,Applied Business Management,K. Nair,Business Management,MBA,2020,36,44,45,9,6,Even,0,0
345,2022-03-01,BK0105,Business Management Concepts and Applications,V. Sharma,Business Management,MBA,2002,16,16,12,4,0,Even,0,0
346,2022-03-01,BK0106,Essentials of Business Management,J. Rao,Business Management,MBA,1996,37,34,25,7,0,Even,0,0
347,2022-03-01,BK0107,Business Management: Theory and Practice,M. Khan,Business Management,MBA,2006,37,22,16,6,0,Even,0,0
348,2022-03-01,BK0108,Understanding Business Management,M. Menon,Business Management,MBA,2007,67,35,30,7,0,Even,0,0
349,2022-03-01,BK0109,Introduction to English Literature,N. Menon,English Literature,HUMANITIES,2013,67,13,13,1,1,Even,0,0
350,2022-03-01,BK0110,Fundamentals of English Literature,K. Reddy,English Literature,HUMANITIES,2001,54,20,21,3,1,Even,0,0
351,2022-03-01,BK0111,English Literature: A Practical Approach,S. Bose,English Literature,HUMANITIES,1997,66,48,44,5,0,Even,0,0
352,2022-03-01,BK0112,Advanced English Literature,A. Khan,English Literature,HUMANITIES,2011,15,13,12,1,2,Even,0,0
353,2022-03-01,BK0113,Principles of English Literature,J. Khan,English Literature,HUMANITIES,2006,33,11,6,1,0,Even,0,0
354,2022-03-01,BK0114,English Literature for Engineers,M. Verma,English Literature,HUMANITIES,2006,30,57,44,6,16,Even,0,0
355,2022-03-01,BK0115,Modern English Literature,V. Reddy,English Literature,HUMANITIES,2009,40,30,22,3,3,Even,0,0
356,2022-03-01,BK0116,Applied English Literature,J. Menon,English Literature,HUMANITIES,2020,21,27,20,4,6,Even,0,0
357,2022-03-01,BK0117,English Literature Concepts and Applications,M. Rao,English Literature,HUMANITIES,2012,56,23,26,5,2,Even,0,0
358,2022-03-01,BK0118,Essentials of English Literature,N. Sharma,English Literature,HUMANITIES,2005,54,11,9,0,0,Even,0,0
359,2022-03-01,BK0119,English Literature: Theory and Practice,D. Rao,English Literature,HUMANITIES,2007,56,33,28,4,0,Even,0,0
360,2022-03-01,BK0120,Understanding English Literature,R. Rao,English Literature,HUMANITIES,1997,53,4,3,1,0,Even,0,0
361,2022-04-01,BK0001,Introduction to Computer Science,N. Iyer,Computer Science,CSE,2016,67,13,8,2,0,Even,1,0
362,2022-04-01,BK0002,Fundamentals of Computer Science,R. Singh,Computer Science,CSE,2016,58,37,17,7,0,Even,1,0
363,2022-04-01,BK0003,Computer Science: A Practical Approach,J. Sharma,Computer Science,CSE,2006,69,3,1,0,2,Even,1,0
364,2022-04-01,BK0004,Advanced Computer Science,K. Gupta,Computer Science,CSE,2022,28,35,12,6,4,Even,1,0
365,2022-04-01,BK0005,Principles of Computer Science,R. Menon,Computer Science,CSE,2008,31,25,10,2,0,Even,1,0
366,2022-04-01,BK0006,Computer Science for Engineers,K. Kumar,Computer Science,CSE,2012,40,27,6,3,0,Even,1,0
367,2022-04-01,BK0007,Modern Computer Science,R. Menon,Computer Science,CSE,2010,59,42,16,5,0,Even,1,0
368,2022-04-01,BK0008,Applied Computer Science,R. Nair,Computer Science,CSE,2007,15,37,20,9,12,Even,1,0
369,2022-04-01,BK0009,Computer Science Concepts and Applications,J. Rao,Computer Science,CSE,2021,19,6,1,1,0,Even,1,0
370,2022-04-01,BK0010,Essentials of Computer Science,D. Rao,Computer Science,CSE,2017,37,10,4,1,0,Even,1,0
371,2022-04-01,BK0011,Computer Science: Theory and Practice,V. Nair,Computer Science,CSE,2020,69,44,22,7,0,Even,1,0
372,2022-04-01,BK0012,Understanding Computer Science,N. Khan,Computer Science,CSE,2001,63,56,33,5,0,Even,1,0
373,2022-04-01,BK0013,Introduction to Data Science,K. Iyer,Data Science,CSE,2016,42,31,6,4,0,Even,1,0
374,2022-04-01,BK0014,Fundamentals of Data Science,R. Menon,Data Science,CSE,2005,69,39,20,8,0,Even,1,0
375,2022-04-01,BK0015,Data Science: A Practical Approach,J. Rao,Data Science,CSE,2021,23,29,15,7,4,Even,1,0
376,2022-04-01,BK0016,Advanced Data Science,M. Sharma,Data Science,CSE,2003,66,44,13,5,0,Even,1,0
377,2022-04-01,BK0017,Principles of Data Science,A. Sharma,Data Science,CSE,1996,16,11,6,1,1,Even,1,0
378,2022-04-01,BK0018,Data Science for Engineers,P. Rao,Data Science,CSE,2000,46,12,9,3,0,Even,1,0
379,2022-04-01,BK0019,Modern Data Science,N. Iyer,Data Science,CSE,2010,30,34,9,2,1,Even,1,0
380,2022-04-01,BK0020,Applied Data Science,A. Gupta,Data Science,CSE,2013,40,25,4,4,0,Even,1,0
381,2022-04-01,BK0021,Data Science Concepts and Applications,S. Reddy,Data Science,CSE,2019,39,12,7,3,0,Even,1,0
382,2022-04-01,BK0022,Essentials of Data Science,R. Rao,Data Science,CSE,2014,63,21,15,1,0,Even,1,0
383,2022-04-01,BK0023,Data Science: Theory and Practice,R. Sharma,Data Science,CSE,2018,47,34,16,4,0,Even,1,0
384,2022-04-01,BK0024,Understanding Data Science,V. Iyer,Data Science,CSE,2019,49,55,15,11,2,Even,1,0
385,2022-04-01,BK0025,Introduction to Electronics,J. Kumar,Electronics,ECE,2015,62,33,16,6,0,Even,1,0
386,2022-04-01,BK0026,Fundamentals of Electronics,K. Singh,Electronics,ECE,2013,36,10,4,1,1,Even,1,0
387,2022-04-01,BK0027,Electronics: A Practical Approach,N. Bose,Electronics,ECE,1999,62,43,19,5,0,Even,1,0
388,2022-04-01,BK0028,Advanced Electronics,S. Iyer,Electronics,ECE,2015,20,17,9,3,0,Even,1,0
389,2022-04-01,BK0029,Principles of Electronics,S. Verma,Electronics,ECE,1997,32,31,12,4,1,Even,1,0
390,2022-04-01,BK0030,Electronics for Engineers,J. Menon,Electronics,ECE,2016,37,24,9,3,0,Even,1,0
391,2022-04-01,BK0031,Modern Electronics,R. Khan,Electronics,ECE,2020,49,12,6,1,0,Even,1,0
392,2022-04-01,BK0032,Applied Electronics,R. Gupta,Electronics,ECE,2002,60,9,6,1,0,Even,1,0
393,2022-04-01,BK0033,Electronics Concepts and Applications,S. Rao,Electronics,ECE,2016,36,23,15,6,0,Even,1,0
394,2022-04-01,BK0034,Essentials of Electronics,A. Iyer,Electronics,ECE,2022,58,25,10,5,0,Even,1,0
395,2022-04-01,BK0035,Electronics: Theory and Practice,M. Rao,Electronics,ECE,2011,33,79,50,15,28,Even,1,0
396,2022-04-01,BK0036,Understanding Electronics,D. Rao,Electronics,ECE,1995,15,59,38,8,17,Even,1,0
397,2022-04-01,BK0037,Introduction to Mechanical,R. Bose,Mechanical,MECH,2017,17,39,23,3,16,Even,1,0
398,2022-04-01,BK0038,Fundamentals of Mechanical,D. Reddy,Mechanical,MECH,2008,66,50,29,5,0,Even,1,0
399,2022-04-01,BK0039,Mechanical: A Practical Approach,M. Verma,Mechanical,MECH,2014,45,16,12,3,0,Even,1,0
400,2022-04-01,BK0040,Advanced Mechanical,D. Menon,Mechanical,MECH,2010,69,51,27,6,0,Even,1,0
401,2022-04-01,BK0041,Principles of Mechanical,R. Sharma,Mechanical,MECH,2005,51,25,17,3,0,Even,1,0
402,2022-04-01,BK0042,Mechanical for Engineers,S. Sharma,Mechanical,MECH,1996,65,36,33,9,0,Even,1,0
403,2022-04-01,BK0043,Modern Mechanical,R. Reddy,Mechanical,MECH,2020,67,45,26,8,1,Even,1,0
404,2022-04-01,BK0044,Applied Mechanical,R. Khan,Mechanical,MECH,2003,38,5,7,1,0,Even,1,0
405,2022-04-01,BK0045,Mechanical Concepts and Applications,S. Sharma,Mechanical,MECH,2017,27,19,12,1,0,Even,1,0
406,2022-04-01,BK0046,Essentials of Mechanical,N. Gupta,Mechanical,MECH,2007,33,27,21,3,0,Even,1,0
407,2022-04-01,BK0047,Mechanical: Theory and Practice,A. Iyer,Mechanical,MECH,1997,26,13,13,0,0,Even,1,0
408,2022-04-01,BK0048,Understanding Mechanical,J. Iyer,Mechanical,MECH,2004,53,13,13,2,1,Even,1,0
409,2022-04-01,BK0049,Introduction to Civil,D. Nair,Civil,CIVIL,2000,21,31,15,5,5,Even,1,0
410,2022-04-01,BK0050,Fundamentals of Civil,V. Menon,Civil,CIVIL,2002,62,51,45,5,1,Even,1,0
411,2022-04-01,BK0051,Civil: A Practical Approach,A. Bose,Civil,CIVIL,1997,59,12,9,4,0,Even,1,0
412,2022-04-01,BK0052,Advanced Civil,R. Verma,Civil,CIVIL,1997,27,17,14,1,0,Even,1,0
413,2022-04-01,BK0053,Principles of Civil,J. Verma,Civil,CIVIL,2015,30,26,29,1,0,Even,1,0
414,2022-04-01,BK0054,Civil for Engineers,P. Nair,Civil,CIVIL,2003,63,19,18,7,0,Even,1,0
415,2022-04-01,BK0055,Modern Civil,A. Nair,Civil,CIVIL,2018,42,12,12,1,0,Even,1,0
416,2022-04-01,BK0056,Applied Civil,M. Singh,Civil,CIVIL,1999,55,56,37,15,1,Even,1,0
417,2022-04-01,BK0057,Civil Concepts and Applications,K. Khan,Civil,CIVIL,2023,20,27,12,4,1,Even,1,0
418,2022-04-01,BK0058,Essentials of Civil,R. Reddy,Civil,CIVIL,2007,19,58,36,5,21,Even,1,0
419,2022-04-01,BK0059,Civil: Theory and Practice,N. Singh,Civil,CIVIL,2021,63,41,34,4,0,Even,1,0
420,2022-04-01,BK0060,Understanding Civil,A. Kumar,Civil,CIVIL,1999,45,18,10,2,0,Even,1,0
421,2022-04-01,BK0061,Introduction to Mathematics,M. Bose,Mathematics,SCIENCE,1995,65,45,17,10,1,Even,1,0
422,2022-04-01,BK0062,Fundamentals of Mathematics,K. Sharma,Mathematics,SCIENCE,1996,68,41,29,6,1,Even,1,0
423,2022-04-01,BK0063,Mathematics: A Practical Approach,P. Reddy,Mathematics,SCIENCE,2009,37,55,34,9,8,Even,1,0
424,2022-04-01,BK0064,Advanced Mathematics,M. Nair,Mathematics,SCIENCE,2012,48,28,13,5,0,Even,1,0
425,2022-04-01,BK0065,Principles of Mathematics,R. Khan,Mathematics,SCIENCE,2011,19,32,16,7,3,Even,1,0
426,2022-04-01,BK0066,Mathematics for Engineers,K. Menon,Mathematics,SCIENCE,2015,16,20,12,4,4,Even,1,0
427,2022-04-01,BK0067,Modern Mathematics,S. Gupta,Mathematics,SCIENCE,1997,41,91,41,15,26,Even,1,0
428,2022-04-01,BK0068,Applied Mathematics,R. Menon,Mathematics,SCIENCE,2000,15,15,5,2,0,Even,1,0
429,2022-04-01,BK0069,Mathematics Concepts and Applications,M. Gupta,Mathematics,SCIENCE,2016,61,40,18,9,1,Even,1,0
430,2022-04-01,BK0070,Essentials of Mathematics,V. Khan,Mathematics,SCIENCE,2023,66,33,13,4,1,Even,1,0
431,2022-04-01,BK0071,Mathematics: Theory and Practice,V. Bose,Mathematics,SCIENCE,1997,61,38,21,1,0,Even,1,0
432,2022-04-01,BK0072,Understanding Mathematics,N. Khan,Mathematics,SCIENCE,2019,69,18,12,4,1,Even,1,0
433,2022-04-01,BK0073,Introduction to Physics,M. Verma,Physics,SCIENCE,2007,32,22,8,3,0,Even,1,0
434,2022-04-01,BK0074,Fundamentals of Physics,K. Bose,Physics,SCIENCE,2000,66,10,10,0,2,Even,1,0
435,2022-04-01,BK0075,Physics: A Practical Approach,D. Kumar,Physics,SCIENCE,2010,18,16,15,2,0,Even,1,0
436,2022-04-01,BK0076,Advanced Physics,V. Rao,Physics,SCIENCE,2000,16,9,7,1,1,Even,1,0
437,2022-04-01,BK0077,Principles of Physics,K. Verma,Physics,SCIENCE,2007,58,28,13,3,0,Even,1,0
438,2022-04-01,BK0078,Physics for Engineers,M. Bose,Physics,SCIENCE,1995,40,37,19,6,0,Even,1,0
439,2022-04-01,BK0079,Modern Physics,P. Nair,Physics,SCIENCE,2004,58,33,30,6,0,Even,1,0
440,2022-04-01,BK0080,Applied Physics,R. Singh,Physics,SCIENCE,2018,52,26,18,3,1,Even,1,0
441,2022-04-01,BK0081,Physics Concepts and Applications,N. Reddy,Physics,SCIENCE,2006,49,29,17,5,0,Even,1,0
442,2022-04-01,BK0082,Essentials of Physics,S. Sharma,Physics,SCIENCE,2008,44,25,8,4,0,Even,1,0
443,2022-04-01,BK0083,Physics: Theory and Practice,S. Nair,Physics,SCIENCE,2002,53,21,6,4,1,Even,1,0
444,2022-04-01,BK0084,Understanding Physics,V. Reddy,Physics,SCIENCE,2009,69,13,10,3,0,Even,1,0
445,2022-04-01,BK0085,Introduction to Chemistry,R. Nair,Chemistry,SCIENCE,2009,61,27,13,4,0,Even,1,0
446,2022-04-01,BK0086,Fundamentals of Chemistry,A. Iyer,Chemistry,SCIENCE,2021,69,28,21,2,0,Even,1,0
447,2022-04-01,BK0087,Chemistry: A Practical Approach,A. Iyer,Chemistry,SCIENCE,2018,66,62,28,16,0,Even,1,0
448,2022-04-01,BK0088,Advanced Chemistry,V. Singh,Chemistry,SCIENCE,2013,50,33,10,4,0,Even,1,0
449,2022-04-01,BK0089,Principles of Chemistry,K. Menon,Chemistry,SCIENCE,2008,57,12,8,1,0,Even,1,0
450,2022-04-01,BK0090,Chemistry for Engineers,D. Singh,Chemistry,SCIENCE,1998,62,7,9,1,0,Even,1,0
451,2022-04-01,BK0091,Modern Chemistry,K. Nair,Chemistry,SCIENCE,2002,55,18,9,2,0,Even,1,0
452,2022-04-01,BK0092,Applied Chemistry,P. Khan,Chemistry,SCIENCE,2019,15,36,23,3,15,Even,1,0
453,2022-04-01,BK0093,Chemistry Concepts and Applications,P. Rao,Chemistry,SCIENCE,1997,66,38,15,6,0,Even,1,0
454,2022-04-01,BK0094,Essentials of Chemistry,J. Menon,Chemistry,SCIENCE,2005,58,8,5,1,1,Even,1,0
455,2022-04-01,BK0095,Chemistry: Theory and Practice,S. Bose,Chemistry,SCIENCE,2022,64,21,8,3,0,Even,1,0
456,2022-04-01,BK0096,Understanding Chemistry,M. Sharma,Chemistry,SCIENCE,2023,54,8,5,1,0,Even,1,0
457,2022-04-01,BK0097,Introduction to Business Management,A. Rao,Business Management,MBA,2007,43,16,8,1,0,Even,1,0
458,2022-04-01,BK0098,Fundamentals of Business Management,V. Reddy,Business Management,MBA,2012,44,22,16,5,0,Even,1,0
459,2022-04-01,BK0099,Business Management: A Practical Approach,P. Reddy,Business Management,MBA,2022,47,16,13,2,0,Even,1,0
460,2022-04-01,BK0100,Advanced Business Management,N. Rao,Business Management,MBA,2018,37,13,9,2,0,Even,1,0
461,2022-04-01,BK0101,Principles of Business Management,V. Bose,Business Management,MBA,2018,60,27,28,4,0,Even,1,0
462,2022-04-01,BK0102,Business Management for Engineers,K. Iyer,Business Management,MBA,2001,47,8,4,2,0,Even,1,0
463,2022-04-01,BK0103,Modern Business Management,N. Nair,Business Management,MBA,2017,69,8,1,1,0,Even,1,0
464,2022-04-01,BK0104,Applied Business Management,K. Nair,Business Management,MBA,2020,36,47,34,9,12,Even,1,0
465,2022-04-01,BK0105,Business Management Concepts and Applications,V. Sharma,Business Management,MBA,2002,16,15,13,3,0,Even,1,0
466,2022-04-01,BK0106,Essentials of Business Management,J. Rao,Business Management,MBA,1996,37,50,30,9,4,Even,1,0
467,2022-04-01,BK0107,Business Management: Theory and Practice,M. Khan,Business Management,MBA,2006,37,23,22,8,0,Even,1,0
468,2022-04-01,BK0108,Understanding Business Management,M. Menon,Business Management,MBA,2007,67,63,30,7,0,Even,1,0
469,2022-04-01,BK0109,Introduction to English Literature,N. Menon,English Literature,HUMANITIES,2013,67,17,11,1,0,Even,1,0
470,2022-04-01,BK0110,Fundamentals of English Literature,K. Reddy,English Literature,HUMANITIES,2001,54,31,17,5,1,Even,1,0
471,2022-04-01,BK0111,English Literature: A Practical Approach,S. Bose,English Literature,HUMANITIES,1997,66,56,40,10,0,Even,1,0
472,2022-04-01,BK0112,Advanced English Literature,A. Khan,English Literature,HUMANITIES,2011,15,18,10,2,1,Even,1,0
473,2022-04-01,BK0113,Principles of English Literature,J. Khan,English Literature,HUMANITIES,2006,33,12,9,2,0,Even,1,0
474,2022-04-01,BK0114,English Literature for Engineers,M. Verma,English Literature,HUMANITIES,2006,30,46,50,6,9,Even,1,0
475,2022-04-01,BK0115,Modern English Literature,V. Reddy,English Literature,HUMANITIES,2009,40,24,29,4,0,Even,1,0
476,2022-04-01,BK0116,Applied English Literature,J. Menon,English Literature,HUMANITIES,2020,21,29,25,4,4,Even,1,0
477,2022-04-01,BK0117,English Literature Concepts and Applications,M. Rao,English Literature,HUMANITIES,2012,56,26,20,3,1,Even,1,0
478,2022-04-01,BK0118,Essentials of English Literature,N. Sharma,English Literature,HUMANITIES,2005,54,8,11,0,0,Even,1,0
479,2022-04-01,BK0119,English Literature: Theory and Practice,D. Rao,English Literature,HUMANITIES,2007,56,26,27,3,0,Even,1,0
480,2022-04-01,BK0120,Understanding English Literature,R. Rao,English Literature,HUMANITIES,1997,53,4,3,0,0,Even,1,0
481,2022-05-01,BK0001,Introduction to Computer Science,N. Iyer,Computer Science,CSE,2016,67,19,12,2,0,Even,1,0
482,2022-05-01,BK0002,Fundamentals of Computer Science,R. Singh,Computer Science,CSE,2016,58,30,30,4,0,Even,1,0
483,2022-05-01,BK0003,Computer Science: A Practical Approach,J. Sharma,Computer Science,CSE,2006,69,2,2,0,0,Even,1,0
484,2022-05-01,BK0004,Advanced Computer Science,K. Gupta,Computer Science,CSE,2022,28,47,29,2,14,Even,1,0
485,2022-05-01,BK0005,Principles of Computer Science,R. Menon,Computer Science,CSE,2008,31,21,23,4,0,Even,1,0
486,2022-05-01,BK0006,Computer Science for Engineers,K. Kumar,Computer Science,CSE,2012,40,12,27,3,0,Even,1,0
487,2022-05-01,BK0007,Modern Computer Science,R. Menon,Computer Science,CSE,2010,59,30,37,7,0,Even,1,0
488,2022-05-01,BK0008,Applied Computer Science,R. Nair,Computer Science,CSE,2007,15,47,28,8,20,Even,1,0
489,2022-05-01,BK0009,Computer Science Concepts and Applications,J. Rao,Computer Science,CSE,2021,19,6,6,3,0,Even,1,0
490,2022-05-01,BK0010,Essentials of Computer Science,D. Rao,Computer Science,CSE,2017,37,12,9,1,0,Even,1,0
491,2022-05-01,BK0011,Computer Science: Theory and Practice,V. Nair,Computer Science,CSE,2020,69,37,38,1,0,Even,1,0
492,2022-05-01,BK0012,Understanding Computer Science,N. Khan,Computer Science,CSE,2001,63,70,45,13,4,Even,1,0
493,2022-05-01,BK0013,Introduction to Data Science,K. Iyer,Data Science,CSE,2016,42,34,25,2,0,Even,1,0
494,2022-05-01,BK0014,Fundamentals of Data Science,R. Menon,Data Science,CSE,2005,69,37,30,8,1,Even,1,0
495,2022-05-01,BK0015,Data Science: A Practical Approach,J. Rao,Data Science,CSE,2021,23,37,23,4,4,Even,1,0
496,2022-05-01,BK0016,Advanced Data Science,M. Sharma,Data Science,CSE,2003,66,25,43,3,0,Even,1,0
497,2022-05-01,BK0017,Principles of Data Science,A. Sharma,Data Science,CSE,1996,16,19,7,5,4,Even,1,0
498,2022-05-01,BK0018,Data Science for Engineers,P. Rao,Data Science,CSE,2000,46,10,10,2,0,Even,1,0
499,2022-05-01,BK0019,Modern Data Science,N. Iyer,Data Science,CSE,2010,30,22,31,5,0,Even,1,0
500,2022-05-01,BK0020,Applied Data Science,A. Gupta,Data Science,CSE,2013,40,22,21,2,0,Even,1,0
501,2022-05-01,BK0021,Data Science Concepts and Applications,S. Reddy,Data Science,CSE,2019,39,16,10,5,0,Even,1,0
502,2022-05-01,BK0022,Essentials of Data Science,R. Rao,Data Science,CSE,2014,63,23,17,2,0,Even,1,0
503,2022-05-01,BK0023,Data Science: Theory and Practice,R. Sharma,Data Science,CSE,2018,47,21,27,2,0,Even,1,0
504,2022-05-01,BK0024,Understanding Data Science,V. Iyer,Data Science,CSE,2019,49,57,50,14,4,Even,1,0
505,2022-05-01,BK0025,Introduction to Electronics,J. Kumar,Electronics,ECE,2015,62,24,30,2,0,Even,1,0
506,2022-05-01,BK0026,Fundamentals of Electronics,K. Singh,Electronics,ECE,2013,36,2,9,0,0,Even,1,0
507,2022-05-01,BK0027,Electronics: A Practical Approach,N. Bose,Electronics,ECE,1999,62,41,34,6,0,Even,1,0
508,2022-05-01,BK0028,Advanced Electronics,S. Iyer,Electronics,ECE,2015,20,21,13,5,1,Even,1,0
509,2022-05-01,BK0029,Principles of Electronics,S. Verma,Electronics,ECE,1997,32,30,23,5,1,Even,1,0
510,2022-05-01,BK0030,Electronics for Engineers,J. Menon,Electronics,ECE,2016,37,30,24,4,0,Even,1,0
511,2022-05-01,BK0031,Modern Electronics,R. Khan,Electronics,ECE,2020,49,14,12,2,0,Even,1,0
512,2022-05-01,BK0032,Applied Electronics,R. Gupta,Electronics,ECE,2002,60,9,7,2,1,Even,1,0
513,2022-05-01,BK0033,Electronics Concepts and Applications,S. Rao,Electronics,ECE,2016,36,22,21,2,0,Even,1,0
514,2022-05-01,BK0034,Essentials of Electronics,A. Iyer,Electronics,ECE,2022,58,22,23,4,1,Even,1,0
515,2022-05-01,BK0035,Electronics: Theory and Practice,M. Rao,Electronics,ECE,2011,33,76,69,12,14,Even,1,0
516,2022-05-01,BK0036,Understanding Electronics,D. Rao,Electronics,ECE,1995,15,77,48,15,36,Even,1,0
517,2022-05-01,BK0037,Introduction to Mechanical,R. Bose,Mechanical,MECH,2017,17,37,35,7,15,Even,1,0
518,2022-05-01,BK0038,Fundamentals of Mechanical,D. Reddy,Mechanical,MECH,2008,66,60,42,12,0,Even,1,0
519,2022-05-01,BK0039,Mechanical: A Practical Approach,M. Verma,Mechanical,MECH,2014,45,26,16,6,0,Even,1,0
520,2022-05-01,BK0040,Advanced Mechanical,D. Menon,Mechanical,MECH,2010,69,36,46,5,0,Even,1,0
521,2022-05-01,BK0041,Principles of Mechanical,R. Sharma,Mechanical,MECH,2005,51,25,22,8,1,Even,1,0
522,2022-05-01,BK0042,Mechanical for Engineers,S. Sharma,Mechanical,MECH,1996,65,41,32,7,1,Even,1,0
523,2022-05-01,BK0043,Modern Mechanical,R. Reddy,Mechanical,MECH,2020,67,51,35,9,0,Even,1,0
524,2022-05-01,BK0044,Applied Mechanical,R. Khan,Mechanical,MECH,2003,38,5,5,1,0,Even,1,0
525,2022-05-01,BK0045,Mechanical Concepts and Applications,S. Sharma,Mechanical,MECH,2017,27,11,16,1,0,Even,1,0
526,2022-05-01,BK0046,Essentials of Mechanical,N. Gupta,Mechanical,MECH,2007,33,34,26,7,2,Even,1,0
527,2022-05-01,BK0047,Mechanical: Theory and Practice,A. Iyer,Mechanical,MECH,1997,26,24,11,4,0,Even,1,0
528,2022-05-01,BK0048,Understanding Mechanical,J. Iyer,Mechanical,MECH,2004,53,15,11,2,0,Even,1,0
529,2022-05-01,BK0049,Introduction to Civil,D. Nair,Civil,CIVIL,2000,21,20,25,2,0,Even,1,0
530,2022-05-01,BK0050,Fundamentals of Civil,V. Menon,Civil,CIVIL,2002,62,70,45,16,7,Even,1,0
531,2022-05-01,BK0051,Civil: A Practical Approach,A. Bose,Civil,CIVIL,1997,59,15,10,3,0,Even,1,0
532,2022-05-01,BK0052,Advanced Civil,R. Verma,Civil,CIVIL,1997,27,21,14,4,1,Even,1,0
533,2022-05-01,BK0053,Principles of Civil,J. Verma,Civil,CIVIL,2015,30,43,22,7,14,Even,1,0
534,2022-05-01,BK0054,Civil for Engineers,P. Nair,Civil,CIVIL,2003,63,15,16,2,0,Even,1,0
535,2022-05-01,BK0055,Modern Civil,A. Nair,Civil,CIVIL,2018,42,11,11,0,0,Even,1,0
536,2022-05-01,BK0056,Applied Civil,M. Singh,Civil,CIVIL,1999,55,59,49,5,2,Even,1,0
537,2022-05-01,BK0057,Civil Concepts and Applications,K. Khan,Civil,CIVIL,2023,20,28,21,4,3,Even,1,0
538,2022-05-01,BK0058,Essentials of Civil,R. Reddy,Civil,CIVIL,2007,19,61,48,7,20,Even,1,0
539,2022-05-01,BK0059,Civil: Theory and Practice,N. Singh,Civil,CIVIL,2021,63,36,34,4,0,Even,1,0
540,2022-05-01,BK0060,Understanding Civil,A. Kumar,Civil,CIVIL,1999,45,11,15,2,0,Even,1,0
541,2022-05-01,BK0061,Introduction to Mathematics,M. Bose,Mathematics,SCIENCE,1995,65,18,38,1,1,Even,1,0
542,2022-05-01,BK0062,Fundamentals of Mathematics,K. Sharma,Mathematics,SCIENCE,1996,68,43,36,7,1,Even,1,0
543,2022-05-01,BK0063,Mathematics: A Practical Approach,P. Reddy,Mathematics,SCIENCE,2009,37,64,48,9,12,Even,1,0
544,2022-05-01,BK0064,Advanced Mathematics,M. Nair,Mathematics,SCIENCE,2012,48,30,24,1,1,Even,1,0
545,2022-05-01,BK0065,Principles of Mathematics,R. Khan,Mathematics,SCIENCE,2011,19,28,28,5,3,Even,1,0
546,2022-05-01,BK0066,Mathematics for Engineers,K. Menon,Mathematics,SCIENCE,2015,16,20,20,2,1,Even,1,0
547,2022-05-01,BK0067,Modern Mathematics,S. Gupta,Mathematics,SCIENCE,1997,41,85,74,11,24,Even,1,0
548,2022-05-01,BK0068,Applied Mathematics,R. Menon,Mathematics,SCIENCE,2000,15,14,13,0,0,Even,1,0
549,2022-05-01,BK0069,Mathematics Concepts and Applications,M. Gupta,Mathematics,SCIENCE,2016,61,38,35,3,0,Even,1,0
550,2022-05-01,BK0070,Essentials of Mathematics,V. Khan,Mathematics,SCIENCE,2023,66,24,26,3,0,Even,1,0
551,2022-05-01,BK0071,Mathematics: Theory and Practice,V. Bose,Mathematics,SCIENCE,1997,61,55,32,6,0,Even,1,0
552,2022-05-01,BK0072,Understanding Mathematics,N. Khan,Mathematics,SCIENCE,2019,69,23,16,2,0,Even,1,0
553,2022-05-01,BK0073,Introduction to Physics,M. Verma,Physics,SCIENCE,2007,32,17,17,1,0,Even,1,0
554,2022-05-01,BK0074,Fundamentals of Physics,K. Bose,Physics,SCIENCE,2000,66,13,7,3,1,Even,1,0
555,2022-05-01,BK0075,Physics: A Practical Approach,D. Kumar,Physics,SCIENCE,2010,18,18,14,4,1,Even,1,0
556,2022-05-01,BK0076,Advanced Physics,V. Rao,Physics,SCIENCE,2000,16,7,7,0,1,Even,1,0
557,2022-05-01,BK0077,Principles of Physics,K. Verma,Physics,SCIENCE,2007,58,24,26,4,0,Even,1,0
558,2022-05-01,BK0078,Physics for Engineers,M. Bose,Physics,SCIENCE,1995,40,40,34,3,0,Even,1,0
559,2022-05-01,BK0079,Modern Physics,P. Nair,Physics,SCIENCE,2004,58,31,28,1,0,Even,1,0
560,2022-05-01,BK0080,Applied Physics,R. Singh,Physics,SCIENCE,2018,52,26,24,5,1,Even,1,0
561,2022-05-01,BK0081,Physics Concepts and Applications,N. Reddy,Physics,SCIENCE,2006,49,39,25,8,1,Even,1,0
562,2022-05-01,BK0082,Essentials of Physics,S. Sharma,Physics,SCIENCE,2008,44,15,19,2,0,Even,1,0
563,2022-05-01,BK0083,Physics: Theory and Practice,S. Nair,Physics,SCIENCE,2002,53,19,16,2,1,Even,1,0
564,2022-05-01,BK0084,Understanding Physics,V. Reddy,Physics,SCIENCE,2009,69,7,13,1,0,Even,1,0
565,2022-05-01,BK0085,Introduction to Chemistry,R. Nair,Chemistry,SCIENCE,2009,61,23,24,3,0,Even,1,0
566,2022-05-01,BK0086,Fundamentals of Chemistry,A. Iyer,Chemistry,SCIENCE,2021,69,40,24,8,0,Even,1,0
567,2022-05-01,BK0087,Chemistry: A Practical Approach,A. Iyer,Chemistry,SCIENCE,2018,66,42,54,11,0,Even,1,0
568,2022-05-01,BK0088,Advanced Chemistry,V. Singh,Chemistry,SCIENCE,2013,50,37,29,5,0,Even,1,0
569,2022-05-01,BK0089,Principles of Chemistry,K. Menon,Chemistry,SCIENCE,2008,57,10,11,2,1,Even,1,0
570,2022-05-01,BK0090,Chemistry for Engineers,D. Singh,Chemistry,SCIENCE,1998,62,14,7,1,0,Even,1,0
571,2022-05-01,BK0091,Modern Chemistry,K. Nair,Chemistry,SCIENCE,2002,55,18,17,1,0,Even,1,0
572,2022-05-01,BK0092,Applied Chemistry,P. Khan,Chemistry,SCIENCE,2019,15,27,32,3,8,Even,1,0
573,2022-05-01,BK0093,Chemistry Concepts and Applications,P. Rao,Chemistry,SCIENCE,1997,66,29,33,1,1,Even,1,0
574,2022-05-01,BK0094,Essentials of Chemistry,J. Menon,Chemistry,SCIENCE,2005,58,7,6,1,0,Even,1,0
575,2022-05-01,BK0095,Chemistry: Theory and Practice,S. Bose,Chemistry,SCIENCE,2022,64,24,18,2,0,Even,1,0
576,2022-05-01,BK0096,Understanding Chemistry,M. Sharma,Chemistry,SCIENCE,2023,54,13,7,1,0,Even,1,0
577,2022-05-01,BK0097,Introduction to Business Management,A. Rao,Business Management,MBA,2007,43,15,13,3,0,Even,1,0
578,2022-05-01,BK0098,Fundamentals of Business Management,V. Reddy,Business Management,MBA,2012,44,22,17,1,0,Even,1,0
579,2022-05-01,BK0099,Business Management: A Practical Approach,P. Reddy,Business Management,MBA,2022,47,18,13,5,1,Even,1,0
580,2022-05-01,BK0100,Advanced Business Management,N. Rao,Business Management,MBA,2018,37,13,11,1,0,Even,1,0
581,2022-05-01,BK0101,Principles of Business Management,V. Bose,Business Management,MBA,2018,60,20,24,2,0,Even,1,0
582,2022-05-01,BK0102,Business Management for Engineers,K. Iyer,Business Management,MBA,2001,47,8,8,1,1,Even,1,0
583,2022-05-01,BK0103,Modern Business Management,N. Nair,Business Management,MBA,2017,69,8,7,2,0,Even,1,0
584,2022-05-01,BK0104,Applied Business Management,K. Nair,Business Management,MBA,2020,36,47,42,11,7,Even,1,0
585,2022-05-01,BK0105,Business Management Concepts and Applications,V. Sharma,Business Management,MBA,2002,16,18,12,2,2,Even,1,0
586,2022-05-01,BK0106,Essentials of Business Management,J. Rao,Business Management,MBA,1996,37,43,40,13,2,Even,1,0
587,2022-05-01,BK0107,Business Management: Theory and Practice,M. Khan,Business Management,MBA,2006,37,17,22,4,0,Even,1,0
588,2022-05-01,BK0108,Understanding Business Management,M. Menon,Business Management,MBA,2007,67,44,51,7,0,Even,1,0
589,2022-05-01,BK0109,Introduction to English Literature,N. Menon,English Literature,HUMANITIES,2013,67,12,14,4,0,Even,1,0
590,2022-05-01,BK0110,Fundamentals of English Literature,K. Reddy,English Literature,HUMANITIES,2001,54,24,30,3,0,Even,1,0
591,2022-05-01,BK0111,English Literature: A Practical Approach,S. Bose,English Literature,HUMANITIES,1997,66,35,49,4,0,Even,1,0
592,2022-05-01,BK0112,Advanced English Literature,A. Khan,English Literature,HUMANITIES,2011,15,14,12,2,1,Even,1,0
593,2022-05-01,BK0113,Principles of English Literature,J. Khan,English Literature,HUMANITIES,2006,33,5,11,1,0,Even,1,0
594,2022-05-01,BK0114,English Literature for Engineers,M. Verma,English Literature,HUMANITIES,2006,30,58,37,15,11,Even,1,0
595,2022-05-01,BK0115,Modern English Literature,V. Reddy,English Literature,HUMANITIES,2009,40,36,21,9,0,Even,1,0
596,2022-05-01,BK0116,Applied English Literature,J. Menon,English Literature,HUMANITIES,2020,21,34,25,8,11,Even,1,0
597,2022-05-01,BK0117,English Literature Concepts and Applications,M. Rao,English Literature,HUMANITIES,2012,56,14,24,4,0,Even,1,0
598,2022-05-01,BK0118,Essentials of English Literature,N. Sharma,English Literature,HUMANITIES,2005,54,17,8,2,1,Even,1,0
599,2022-05-01,BK0119,English Literature: Theory and Practice,D. Rao,English Literature,HUMANITIES,2007,56,50,22,8,2,Even,1,0
600,2022-05-01,BK0120,Understanding English Literature,R. Rao,English Literature,HUMANITIES,1997,53,6,3,0,0,Even,1,0
601,2022-06-01,BK0001,Introduction to Computer Science,N. Iyer,Computer Science,CSE,2016,67,1,15,0,0,Even,0,1
602,2022-06-01,BK0002,Fundamentals of Computer Science,R. Singh,Computer Science,CSE,2016,58,5,24,0,1,Even,0,1
603,2022-06-01,BK0003,Computer Science: A Practical Approach,J. Sharma,Computer Science,CSE,2006,69,0,2,0,0,Even,0,1
604,2022-06-01,BK0004,Advanced Computer Science,K. Gupta,Computer Science,CSE,2022,28,8,40,2,0,Even,0,1
605,2022-06-01,BK0005,Principles of Computer Science,R. Menon,Computer Science,CSE,2008,31,7,20,0,0,Even,0,1
606,2022-06-01,BK0006,Computer Science for Engineers,K. Kumar,Computer Science,CSE,2012,40,7,9,0,0,Even,0,1
607,2022-06-01,BK0007,Modern Computer Science,R. Menon,Computer Science,CSE,2010,59,5,24,0,1,Even,0,1
608,2022-06-01,BK0008,Applied Computer Science,R. Nair,Computer Science,CSE,2007,15,11,40,2,1,Even,0,1
609,2022-06-01,BK0009,Computer Science Concepts and Applications,J. Rao,Computer Science,CSE,2021,19,0,4,0,0,Even,0,1
610,2022-06-01,BK0010,Essentials of Computer Science,D. Rao,Computer Science,CSE,2017,37,0,10,0,0,Even,0,1
611,2022-06-01,BK0011,Computer Science: Theory and Practice,V. Nair,Computer Science,CSE,2020,69,9,33,1,1,Even,0,1
612,2022-06-01,BK0012,Understanding Computer Science,N. Khan,Computer Science,CSE,2001,63,15,57,3,0,Even,0,1
613,2022-06-01,BK0013,Introduction to Data Science,K. Iyer,Data Science,CSE,2016,42,6,28,0,0,Even,0,1
614,2022-06-01,BK0014,Fundamentals of Data Science,R. Menon,Data Science,CSE,2005,69,3,31,0,0,Even,0,1
615,2022-06-01,BK0015,Data Science: A Practical Approach,J. Rao,Data Science,CSE,2021,23,7,29,2,3,Even,0,1
616,2022-06-01,BK0016,Advanced Data Science,M. Sharma,Data Science,CSE,2003,66,7,22,1,0,Even,0,1
617,2022-06-01,BK0017,Principles of Data Science,A. Sharma,Data Science,CSE,1996,16,4,16,0,1,Even,0,1
618,2022-06-01,BK0018,Data Science for Engineers,P. Rao,Data Science,CSE,2000,46,2,8,0,0,Even,0,1
619,2022-06-01,BK0019,Modern Data Science,N. Iyer,Data Science,CSE,2010,30,6,21,1,1,Even,0,1
620,2022-06-01,BK0020,Applied Data Science,A. Gupta,Data Science,CSE,2013,40,4,19,0,0,Even,0,1
621,2022-06-01,BK0021,Data Science Concepts and Applications,S. Reddy,Data Science,CSE,2019,39,3,13,0,0,Even,0,1
622,2022-06-01,BK0022,Essentials of Data Science,R. Rao,Data Science,CSE,2014,63,7,19,0,0,Even,0,1
623,2022-06-01,BK0023,Data Science: Theory and Practice,R. Sharma,Data Science,CSE,2018,47,10,18,1,1,Even,0,1
624,2022-06-01,BK0024,Understanding Data Science,V. Iyer,Data Science,CSE,2019,49,6,49,0,0,Even,0,1
625,2022-06-01,BK0025,Introduction to Electronics,J. Kumar,Electronics,ECE,2015,62,9,23,0,0,Even,0,1
626,2022-06-01,BK0026,Fundamentals of Electronics,K. Singh,Electronics,ECE,2013,36,5,2,2,0,Even,0,1
627,2022-06-01,BK0027,Electronics: A Practical Approach,N. Bose,Electronics,ECE,1999,62,12,33,2,0,Even,0,1
628,2022-06-01,BK0028,Advanced Electronics,S. Iyer,Electronics,ECE,2015,20,3,21,0,0,Even,0,1
629,2022-06-01,BK0029,Principles of Electronics,S. Verma,Electronics,ECE,1997,32,13,25,0,0,Even,0,1
630,2022-06-01,BK0030,Electronics for Engineers,J. Menon,Electronics,ECE,2016,37,10,22,1,0,Even,0,1
631,2022-06-01,BK0031,Modern Electronics,R. Khan,Electronics,ECE,2020,49,2,7,0,0,Even,0,1
632,2022-06-01,BK0032,Applied Electronics,R. Gupta,Electronics,ECE,2002,60,6,6,1,0,Even,0,1
633,2022-06-01,BK0033,Electronics Concepts and Applications,S. Rao,Electronics,ECE,2016,36,7,18,1,1,Even,0,1
634,2022-06-01,BK0034,Essentials of Electronics,A. Iyer,Electronics,ECE,2022,58,6,19,0,1,Even,0,1
635,2022-06-01,BK0035,Electronics: Theory and Practice,M. Rao,Electronics,ECE,2011,33,25,67,4,0,Even,0,1
636,2022-06-01,BK0036,Understanding Electronics,D. Rao,Electronics,ECE,1995,15,18,61,6,1,Even,0,1
637,2022-06-01,BK0037,Introduction to Mechanical,R. Bose,Mechanical,MECH,2017,17,14,29,2,0,Even,0,1
638,2022-06-01,BK0038,Fundamentals of Mechanical,D. Reddy,Mechanical,MECH,2008,66,18,47,5,0,Even,0,1
639,2022-06-01,BK0039,Mechanical: A Practical Approach,M. Verma,Mechanical,MECH,2014,45,0,18,0,0,Even,0,1
640,2022-06-01,BK0040,Advanced Mechanical,D. Menon,Mechanical,MECH,2010,69,16,32,4,0,Even,0,1
641,2022-06-01,BK0041,Principles of Mechanical,R. Sharma,Mechanical,MECH,2005,51,9,20,1,0,Even,0,1
642,2022-06-01,BK0042,Mechanical for Engineers,S. Sharma,Mechanical,MECH,1996,65,11,38,1,0,Even,0,1
643,2022-06-01,BK0043,Modern Mechanical,R. Reddy,Mechanical,MECH,2020,67,13,45,1,0,Even,0,1
644,2022-06-01,BK0044,Applied Mechanical,R. Khan,Mechanical,MECH,2003,38,2,5,0,0,Even,0,1
645,2022-06-01,BK0045,Mechanical Concepts and Applications,S. Sharma,Mechanical,MECH,2017,27,3,10,0,0,Even,0,1
646,2022-06-01,BK0046,Essentials of Mechanical,N. Gupta,Mechanical,MECH,2007,33,3,31,1,0,Even,0,1
647,2022-06-01,BK0047,Mechanical: Theory and Practice,A. Iyer,Mechanical,MECH,1997,26,6,20,0,0,Even,0,1
648,2022-06-01,BK0048,Understanding Mechanical,J. Iyer,Mechanical,MECH,2004,53,7,14,1,0,Even,0,1
649,2022-06-01,BK0049,Introduction to Civil,D. Nair,Civil,CIVIL,2000,21,10,17,3,0,Even,0,1
650,2022-06-01,BK0050,Fundamentals of Civil,V. Menon,Civil,CIVIL,2002,62,8,58,0,0,Even,0,1
651,2022-06-01,BK0051,Civil: A Practical Approach,A. Bose,Civil,CIVIL,1997,59,4,12,0,0,Even,0,1
652,2022-06-01,BK0052,Advanced Civil,R. Verma,Civil,CIVIL,1997,27,4,18,0,0,Even,0,1
653,2022-06-01,BK0053,Principles of Civil,J. Verma,Civil,CIVIL,2015,30,4,36,1,1,Even,0,1
654,2022-06-01,BK0054,Civil for Engineers,P. Nair,Civil,CIVIL,2003,63,5,12,1,0,Even,0,1
655,2022-06-01,BK0055,Modern Civil,A. Nair,Civil,CIVIL,2018,42,2,9,1,0,Even,0,1
656,2022-06-01,BK0056,Applied Civil,M. Singh,Civil,CIVIL,1999,55,13,48,3,0,Even,0,1
657,2022-06-01,BK0057,Civil Concepts and Applications,K. Khan,Civil,CIVIL,2023,20,6,25,0,0,Even,0,1
658,2022-06-01,BK0058,Essentials of Civil,R. Reddy,Civil,CIVIL,2007,19,13,51,1,0,Even,0,1
659,2022-06-01,BK0059,Civil: Theory and Practice,N. Singh,Civil,CIVIL,2021,63,15,31,1,1,Even,0,1
660,2022-06-01,BK0060,Understanding Civil,A. Kumar,Civil,CIVIL,1999,45,5,10,0,0,Even,0,1
661,2022-06-01,BK0061,Introduction to Mathematics,M. Bose,Mathematics,SCIENCE,1995,65,5,15,0,1,Even,0,1
662,2022-06-01,BK0062,Fundamentals of Mathematics,K. Sharma,Mathematics,SCIENCE,1996,68,10,39,1,2,Even,0,1
663,2022-06-01,BK0063,Mathematics: A Practical Approach,P. Reddy,Mathematics,SCIENCE,2009,37,13,54,0,0,Even,0,1
664,2022-06-01,BK0064,Advanced Mathematics,M. Nair,Mathematics,SCIENCE,2012,48,10,27,1,0,Even,0,1
665,2022-06-01,BK0065,Principles of Mathematics,R. Khan,Mathematics,SCIENCE,2011,19,6,22,0,0,Even,0,1
666,2022-06-01,BK0066,Mathematics for Engineers,K. Menon,Mathematics,SCIENCE,2015,16,6,14,0,0,Even,0,1
667,2022-06-01,BK0067,Modern Mathematics,S. Gupta,Mathematics,SCIENCE,1997,41,14,78,2,0,Even,0,1
668,2022-06-01,BK0068,Applied Mathematics,R. Menon,Mathematics,SCIENCE,2000,15,5,13,2,0,Even,0,1
669,2022-06-01,BK0069,Mathematics Concepts and Applications,M. Gupta,Mathematics,SCIENCE,2016,61,10,35,2,1,Even,0,1
670,2022-06-01,BK0070,Essentials of Mathematics,V. Khan,Mathematics,SCIENCE,2023,66,3,20,0,0,Even,0,1
671,2022-06-01,BK0071,Mathematics: Theory and Practice,V. Bose,Mathematics,SCIENCE,1997,61,11,48,4,0,Even,0,1
672,2022-06-01,BK0072,Understanding Mathematics,N. Khan,Mathematics,SCIENCE,2019,69,6,22,1,0,Even,0,1
673,2022-06-01,BK0073,Introduction to Physics,M. Verma,Physics,SCIENCE,2007,32,7,15,2,0,Even,0,1
674,2022-06-01,BK0074,Fundamentals of Physics,K. Bose,Physics,SCIENCE,2000,66,3,11,1,0,Even,0,1
675,2022-06-01,BK0075,Physics: A Practical Approach,D. Kumar,Physics,SCIENCE,2010,18,2,15,1,0,Even,0,1
676,2022-06-01,BK0076,Advanced Physics,V. Rao,Physics,SCIENCE,2000,16,5,7,0,2,Even,0,1
677,2022-06-01,BK0077,Principles of Physics,K. Verma,Physics,SCIENCE,2007,58,3,20,2,1,Even,0,1
678,2022-06-01,BK0078,Physics for Engineers,M. Bose,Physics,SCIENCE,1995,40,7,35,1,0,Even,0,1
679,2022-06-01,BK0079,Modern Physics,P. Nair,Physics,SCIENCE,2004,58,11,25,1,0,Even,0,1
680,2022-06-01,BK0080,Applied Physics,R. Singh,Physics,SCIENCE,2018,52,13,22,1,0,Even,0,1
681,2022-06-01,BK0081,Physics Concepts and Applications,N. Reddy,Physics,SCIENCE,2006,49,7,33,0,0,Even,0,1
682,2022-06-01,BK0082,Essentials of Physics,S. Sharma,Physics,SCIENCE,2008,44,4,12,2,1,Even,0,1
683,2022-06-01,BK0083,Physics: Theory and Practice,S. Nair,Physics,SCIENCE,2002,53,6,17,0,0,Even,0,1
684,2022-06-01,BK0084,Understanding Physics,V. Reddy,Physics,SCIENCE,2009,69,2,6,1,0,Even,0,1
685,2022-06-01,BK0085,Introduction to Chemistry,R. Nair,Chemistry,SCIENCE,2009,61,5,19,1,0,Even,0,1
686,2022-06-01,BK0086,Fundamentals of Chemistry,A. Iyer,Chemistry,SCIENCE,2021,69,11,35,2,0,Even,0,1
687,2022-06-01,BK0087,Chemistry: A Practical Approach,A. Iyer,Chemistry,SCIENCE,2018,66,16,33,2,0,Even,0,1
688,2022-06-01,BK0088,Advanced Chemistry,V. Singh,Chemistry,SCIENCE,2013,50,6,26,0,0,Even,0,1
689,2022-06-01,BK0089,Principles of Chemistry,K. Menon,Chemistry,SCIENCE,2008,57,4,8,3,0,Even,0,1
690,2022-06-01,BK0090,Chemistry for Engineers,D. Singh,Chemistry,SCIENCE,1998,62,2,11,1,0,Even,0,1
691,2022-06-01,BK0091,Modern Chemistry,K. Nair,Chemistry,SCIENCE,2002,55,7,17,2,0,Even,0,1
692,2022-06-01,BK0092,Applied Chemistry,P. Khan,Chemistry,SCIENCE,2019,15,9,24,0,0,Even,0,1
693,2022-06-01,BK0093,Chemistry Concepts and Applications,P. Rao,Chemistry,SCIENCE,1997,66,4,24,0,1,Even,0,1
694,2022-06-01,BK0094,Essentials of Chemistry,J. Menon,Chemistry,SCIENCE,2005,58,2,5,0,0,Even,0,1
695,2022-06-01,BK0095,Chemistry: Theory and Practice,S. Bose,Chemistry,SCIENCE,2022,64,10,22,1,0,Even,0,1
696,2022-06-01,BK0096,Understanding Chemistry,M. Sharma,Chemistry,SCIENCE,2023,54,0,10,0,0,Even,0,1
697,2022-06-01,BK0097,Introduction to Business Management,A. Rao,Business Management,MBA,2007,43,3,10,0,0,Even,0,1
698,2022-06-01,BK0098,Fundamentals of Business Management,V. Reddy,Business Management,MBA,2012,44,3,19,2,0,Even,0,1
699,2022-06-01,BK0099,Business Management: A Practical Approach,P. Reddy,Business Management,MBA,2022,47,5,14,1,0,Even,0,1
700,2022-06-01,BK0100,Advanced Business Management,N. Rao,Business Management,MBA,2018,37,2,13,0,1,Even,0,1
701,2022-06-01,BK0101,Principles of Business Management,V. Bose,Business Management,MBA,2018,60,8,18,0,1,Even,0,1
702,2022-06-01,BK0102,Business Management for Engineers,K. Iyer,Business Management,MBA,2001,47,4,7,2,0,Even,0,1
703,2022-06-01,BK0103,Modern Business Management,N. Nair,Business Management,MBA,2017,69,5,7,2,2,Even,0,1
704,2022-06-01,BK0104,Applied Business Management,K. Nair,Business Management,MBA,2020,36,17,40,4,0,Even,0,1
705,2022-06-01,BK0105,Business Management Concepts and Applications,V. Sharma,Business Management,MBA,2002,16,3,17,0,0,Even,0,1
706,2022-06-01,BK0106,Essentials of Business Management,J. Rao,Business Management,MBA,1996,37,10,32,2,1,Even,0,1
707,2022-06-01,BK0107,Business Management: Theory and Practice,M. Khan,Business Management,MBA,2006,37,4,14,0,0,Even,0,1
708,2022-06-01,BK0108,Understanding Business Management,M. Menon,Business Management,MBA,2007,67,10,37,0,0,Even,0,1
709,2022-06-01,BK0109,Introduction to English Literature,N. Menon,English Literature,HUMANITIES,2013,67,8,11,0,0,Even,0,1
710,2022-06-01,BK0110,Fundamentals of English Literature,K. Reddy,English Literature,HUMANITIES,2001,54,11,22,1,0,Even,0,1
711,2022-06-01,BK0111,English Literature: A Practical Approach,S. Bose,English Literature,HUMANITIES,1997,66,13,28,4,0,Even,0,1
712,2022-06-01,BK0112,Advanced English Literature,A. Khan,English Literature,HUMANITIES,2011,15,8,7,0,0,Even,0,1
713,2022-06-01,BK0113,Principles of English Literature,J. Khan,English Literature,HUMANITIES,2006,33,3,3,1,0,Even,0,1
714,2022-06-01,BK0114,English Literature for Engineers,M. Verma,English Literature,HUMANITIES,2006,30,16,46,2,0,Even,0,1
715,2022-06-01,BK0115,Modern English Literature,V. Reddy,English Literature,HUMANITIES,2009,40,8,30,1,0,Even,0,1
716,2022-06-01,BK0116,Applied English Literature,J. Menon,English Literature,HUMANITIES,2020,21,10,31,2,0,Even,0,1
717,2022-06-01,BK0117,English Literature Concepts and Applications,M. Rao,English Literature,HUMANITIES,2012,56,14,10,2,0,Even,0,1
718,2022-06-01,BK0118,Essentials of English Literature,N. Sharma,English Literature,HUMANITIES,2005,54,5,15,0,1,Even,0,1
719,2022-06-01,BK0119,English Literature: Theory and Practice,D. Rao,English Literature,HUMANITIES,2007,56,10,45,1,1,Even,0,1
720,2022-06-01,BK0120,Understanding English Literature,R. Rao,English Literature,HUMANITIES,1997,53,2,4,0,0,Even,0,1
721,2022-07-01,BK0001,Introduction to Computer Science,N. Iyer,Computer Science,CSE,2016,67,9,1,2,0,Odd,0,0
722,2022-07-01,BK0002,Fundamentals of Computer Science,R. Singh,Computer Science,CSE,2016,58,20,3,4,0,Odd,0,0
723,2022-07-01,BK0003,Computer Science: A Practical Approach,J. Sharma,Computer Science,CSE,2006,69,2,0,2,0,Odd,0,0
724,2022-07-01,BK0004,Advanced Computer Science,K. Gupta,Computer Science,CSE,2022,28,22,7,1,0,Odd,0,0
725,2022-07-01,BK0005,Principles of Computer Science,R. Menon,Computer Science,CSE,2008,31,6,4,1,2,Odd,0,0
726,2022-07-01,BK0006,Computer Science for Engineers,K. Kumar,Computer Science,CSE,2012,40,10,4,2,0,Odd,0,0
727,2022-07-01,BK0007,Modern Computer Science,R. Menon,Computer Science,CSE,2010,59,20,4,4,1,Odd,0,0
728,2022-07-01,BK0008,Applied Computer Science,R. Nair,Computer Science,CSE,2007,15,27,9,5,6,Odd,0,0
729,2022-07-01,BK0009,Computer Science Concepts and Applications,J. Rao,Computer Science,CSE,2021,19,2,0,0,0,Odd,0,0
730,2022-07-01,BK0010,Essentials of Computer Science,D. Rao,Computer Science,CSE,2017,37,9,0,1,0,Odd,0,0
731,2022-07-01,BK0011,Computer Science: Theory and Practice,V. Nair,Computer Science,CSE,2020,69,18,6,1,1,Odd,0,0
732,2022-07-01,BK0012,Understanding Computer Science,N. Khan,Computer Science,CSE,2001,63,22,12,4,0,Odd,0,0
733,2022-07-01,BK0013,Introduction to Data Science,K. Iyer,Data Science,CSE,2016,42,14,5,2,1,Odd,0,0
734,2022-07-01,BK0014,Fundamentals of Data Science,R. Menon,Data Science,CSE,2005,69,23,3,5,0,Odd,0,0
735,2022-07-01,BK0015,Data Science: A Practical Approach,J. Rao,Data Science,CSE,2021,23,10,7,3,1,Odd,0,0
736,2022-07-01,BK0016,Advanced Data Science,M. Sharma,Data Science,CSE,2003,66,20,6,7,0,Odd,0,0
737,2022-07-01,BK0017,Principles of Data Science,A. Sharma,Data Science,CSE,1996,16,8,4,1,0,Odd,0,0
738,2022-07-01,BK0018,Data Science for Engineers,P. Rao,Data Science,CSE,2000,46,11,2,1,0,Odd,0,0
739,2022-07-01,BK0019,Modern Data Science,N. Iyer,Data Science,CSE,2010,30,18,6,5,0,Odd,0,0
740,2022-07-01,BK0020,Applied Data Science,A. Gupta,Data Science,CSE,2013,40,15,4,2,0,Odd,0,0
741,2022-07-01,BK0021,Data Science Concepts and Applications,S. Reddy,Data Science,CSE,2019,39,9,2,3,0,Odd,0,0
742,2022-07-01,BK0022,Essentials of Data Science,R. Rao,Data Science,CSE,2014,63,10,6,1,1,Odd,0,0
743,2022-07-01,BK0023,Data Science: Theory and Practice,R. Sharma,Data Science,CSE,2018,47,19,10,3,0,Odd,0,0
744,2022-07-01,BK0024,Understanding Data Science,V. Iyer,Data Science,CSE,2019,49,33,5,5,0,Odd,0,0
745,2022-07-01,BK0025,Introduction to Electronics,J. Kumar,Electronics,ECE,2015,62,13,8,2,1,Odd,0,0
746,2022-07-01,BK0026,Fundamentals of Electronics,K. Singh,Electronics,ECE,2013,36,7,3,3,0,Odd,0,0
747,2022-07-01,BK0027,Electronics: A Practical Approach,N. Bose,Electronics,ECE,1999,62,26,11,3,0,Odd,0,0
748,2022-07-01,BK0028,Advanced Electronics,S. Iyer,Electronics,ECE,2015,20,11,2,0,0,Odd,0,0
749,2022-07-01,BK0029,Principles of Electronics,S. Verma,Electronics,ECE,1997,32,18,12,5,0,Odd,0,0
750,2022-07-01,BK0030,Electronics for Engineers,J. Menon,Electronics,ECE,2016,37,11,9,1,0,Odd,0,0
751,2022-07-01,BK0031,Modern Electronics,R. Khan,Electronics,ECE,2020,49,9,2,3,0,Odd,0,0
752,2022-07-01,BK0032,Applied Electronics,R. Gupta,Electronics,ECE,2002,60,10,6,3,1,Odd,0,0
753,2022-07-01,BK0033,Electronics Concepts and Applications,S. Rao,Electronics,ECE,2016,36,17,6,2,0,Odd,0,0
754,2022-07-01,BK0034,Essentials of Electronics,A. Iyer,Electronics,ECE,2022,58,8,4,1,0,Odd,0,0
755,2022-07-01,BK0035,Electronics: Theory and Practice,M. Rao,Electronics,ECE,2011,33,48,20,6,4,Odd,0,0
756,2022-07-01,BK0036,Understanding Electronics,D. Rao,Electronics,ECE,1995,15,40,14,8,10,Odd,0,0
757,2022-07-01,BK0037,Introduction to Mechanical,R. Bose,Mechanical,MECH,2017,17,23,12,3,1,Odd,0,0
758,2022-07-01,BK0038,Fundamentals of Mechanical,D. Reddy,Mechanical,MECH,2008,66,39,16,6,2,Odd,0,0
759,2022-07-01,BK0039,Mechanical: A Practical Approach,M. Verma,Mechanical,MECH,2014,45,14,0,4,0,Odd,0,0
760,2022-07-01,BK0040,Advanced Mechanical,D. Menon,Mechanical,MECH,2010,69,28,13,5,0,Odd,0,0
761,2022-07-01,BK0041,Principles of Mechanical,R. Sharma,Mechanical,MECH,2005,51,26,9,5,1,Odd,0,0
762,2022-07-01,BK0042,Mechanical for Engineers,S. Sharma,Mechanical,MECH,1996,65,33,8,4,2,Odd,0,0
763,2022-07-01,BK0043,Modern Mechanical,R. Reddy,Mechanical,MECH,2020,67,23,11,2,1,Odd,0,0
764,2022-07-01,BK0044,Applied Mechanical,R. Khan,Mechanical,MECH,2003,38,5,2,2,0,Odd,0,0
765,2022-07-01,BK0045,Mechanical Concepts and Applications,S. Sharma,Mechanical,MECH,2017,27,11,3,1,0,Odd,0,0
766,2022-07-01,BK0046,Essentials of Mechanical,N. Gupta,Mechanical,MECH,2007,33,18,3,3,1,Odd,0,0
767,2022-07-01,BK0047,Mechanical: Theory and Practice,A. Iyer,Mechanical,MECH,1997,26,14,5,2,0,Odd,0,0
768,2022-07-01,BK0048,Understanding Mechanical,J. Iyer,Mechanical,MECH,2004,53,8,5,3,1,Odd,0,0
769,2022-07-01,BK0049,Introduction to Civil,D. Nair,Civil,CIVIL,2000,21,18,10,1,0,Odd,0,0
770,2022-07-01,BK0050,Fundamentals of Civil,V. Menon,Civil,CIVIL,2002,62,34,3,3,0,Odd,0,0
771,2022-07-01,BK0051,Civil: A Practical Approach,A. Bose,Civil,CIVIL,1997,59,11,4,2,1,Odd,0,0
772,2022-07-01,BK0052,Advanced Civil,R. Verma,Civil,CIVIL,1997,27,21,3,4,1,Odd,0,0
773,2022-07-01,BK0053,Principles of Civil,J. Verma,Civil,CIVIL,2015,30,27,4,4,0,Odd,0,0
774,2022-07-01,BK0054,Civil for Engineers,P. Nair,Civil,CIVIL,2003,63,24,3,3,0,Odd,0,0
775,2022-07-01,BK0055,Modern Civil,A. Nair,Civil,CIVIL,2018,42,11,1,1,0,Odd,0,0
776,2022-07-01,BK0056,Applied Civil,M. Singh,Civil,CIVIL,1999,55,34,11,4,0,Odd,0,0
777,2022-07-01,BK0057,Civil Concepts and Applications,K. Khan,Civil,CIVIL,2023,20,21,5,4,2,Odd,0,0
778,2022-07-01,BK0058,Essentials of Civil,R. Reddy,Civil,CIVIL,2007,19,37,10,4,8,Odd,0,0
779,2022-07-01,BK0059,Civil: Theory and Practice,N. Singh,Civil,CIVIL,2021,63,33,13,3,0,Odd,0,0
780,2022-07-01,BK0060,Understanding Civil,A. Kumar,Civil,CIVIL,1999,45,15,5,0,0,Odd,0,0
781,2022-07-01,BK0061,Introduction to Mathematics,M. Bose,Mathematics,SCIENCE,1995,65,23,3,1,1,Odd,0,0
782,2022-07-01,BK0062,Fundamentals of Mathematics,K. Sharma,Mathematics,SCIENCE,1996,68,28,9,6,1,Odd,0,0
783,2022-07-01,BK0063,Mathematics: A Practical Approach,P. Reddy,Mathematics,SCIENCE,2009,37,22,10,3,0,Odd,0,0
784,2022-07-01,BK0064,Advanced Mathematics,M. Nair,Mathematics,SCIENCE,2012,48,18,8,2,0,Odd,0,0
785,2022-07-01,BK0065,Principles of Mathematics,R. Khan,Mathematics,SCIENCE,2011,19,21,4,1,0,Odd,0,0
786,2022-07-01,BK0066,Mathematics for Engineers,K. Menon,Mathematics,SCIENCE,2015,16,16,5,3,0,Odd,0,0
787,2022-07-01,BK0067,Modern Mathematics,S. Gupta,Mathematics,SCIENCE,1997,41,52,11,11,9,Odd,0,0
788,2022-07-01,BK0068,Applied Mathematics,R. Menon,Mathematics,SCIENCE,2000,15,4,4,0,1,Odd,0,0
789,2022-07-01,BK0069,Mathematics Concepts and Applications,M. Gupta,Mathematics,SCIENCE,2016,61,24,10,1,0,Odd,0,0
790,2022-07-01,BK0070,Essentials of Mathematics,V. Khan,Mathematics,SCIENCE,2023,66,20,2,6,1,Odd,0,0
791,2022-07-01,BK0071,Mathematics: Theory and Practice,V. Bose,Mathematics,SCIENCE,1997,61,32,10,7,0,Odd,0,0
792,2022-07-01,BK0072,Understanding Mathematics,N. Khan,Mathematics,SCIENCE,2019,69,10,6,1,0,Odd,0,0
793,2022-07-01,BK0073,Introduction to Physics,M. Verma,Physics,SCIENCE,2007,32,15,6,4,1,Odd,0,0
794,2022-07-01,BK0074,Fundamentals of Physics,K. Bose,Physics,SCIENCE,2000,66,6,3,0,0,Odd,0,0
795,2022-07-01,BK0075,Physics: A Practical Approach,D. Kumar,Physics,SCIENCE,2010,18,18,2,2,0,Odd,0,0
796,2022-07-01,BK0076,Advanced Physics,V. Rao,Physics,SCIENCE,2000,16,4,3,1,0,Odd,0,0
797,2022-07-01,BK0077,Principles of Physics,K. Verma,Physics,SCIENCE,2007,58,18,2,2,0,Odd,0,0
798,2022-07-01,BK0078,Physics for Engineers,M. Bose,Physics,SCIENCE,1995,40,17,6,2,0,Odd,0,0
799,2022-07-01,BK0079,Modern Physics,P. Nair,Physics,SCIENCE,2004,58,23,8,1,0,Odd,0,0
800,2022-07-01,BK0080,Applied Physics,R. Singh,Physics,SCIENCE,2018,52,16,12,3,0,Odd,0,0
801,2022-07-01,BK0081,Physics Concepts and Applications,N. Reddy,Physics,SCIENCE,2006,49,30,5,3,0,Odd,0,0
802,2022-07-01,BK0082,Essentials of Physics,S. Sharma,Physics,SCIENCE,2008,44,12,3,1,0,Odd,0,0
803,2022-07-01,BK0083,Physics: Theory and Practice,S. Nair,Physics,SCIENCE,2002,53,13,6,0,1,Odd,0,0
804,2022-07-01,BK0084,Understanding Physics,V. Reddy,Physics,SCIENCE,2009,69,11,1,3,1,Odd,0,0
805,2022-07-01,BK0085,Introduction to Chemistry,R. Nair,Chemistry,SCIENCE,2009,61,24,4,4,0,Odd,0,0
806,2022-07-01,BK0086,Fundamentals of Chemistry,A. Iyer,Chemistry,SCIENCE,2021,69,34,9,7,1,Odd,0,0
807,2022-07-01,BK0087,Chemistry: A Practical Approach,A. Iyer,Chemistry,SCIENCE,2018,66,32,14,5,0,Odd,0,0
808,2022-07-01,BK0088,Advanced Chemistry,V. Singh,Chemistry,SCIENCE,2013,50,24,5,4,0,Odd,0,0
809,2022-07-01,BK0089,Principles of Chemistry,K. Menon,Chemistry,SCIENCE,2008,57,7,4,2,0,Odd,0,0
810,2022-07-01,BK0090,Chemistry for Engineers,D. Singh,Chemistry,SCIENCE,1998,62,1,1,0,1,Odd,0,0
811,2022-07-01,BK0091,Modern Chemistry,K. Nair,Chemistry,SCIENCE,2002,55,19,7,2,0,Odd,0,0
812,2022-07-01,BK0092,Applied Chemistry,P. Khan,Chemistry,SCIENCE,2019,15,22,8,3,1,Odd,0,0
813,2022-07-01,BK0093,Chemistry Concepts and Applications,P. Rao,Chemistry,SCIENCE,1997,66,26,4,3,0,Odd,0,0
814,2022-07-01,BK0094,Essentials of Chemistry,J. Menon,Chemistry,SCIENCE,2005,58,8,2,2,0,Odd,0,0
815,2022-07-01,BK0095,Chemistry: Theory and Practice,S. Bose,Chemistry,SCIENCE,2022,64,12,8,1,1,Odd,0,0
816,2022-07-01,BK0096,Understanding Chemistry,M. Sharma,Chemistry,SCIENCE,2023,54,3,0,0,1,Odd,0,0
817,2022-07-01,BK0097,Introduction to Business Management,A. Rao,Business Management,MBA,2007,43,6,3,1,1,Odd,0,0
818,2022-07-01,BK0098,Fundamentals of Business Management,V. Reddy,Business Management,MBA,2012,44,18,3,5,0,Odd,0,0
819,2022-07-01,BK0099,Business Management: A Practical Approach,P. Reddy,Business Management,MBA,2022,47,16,4,3,0,Odd,0,0
820,2022-07-01,BK0100,Advanced Business Management,N. Rao,Business Management,MBA,2018,37,14,1,2,0,Odd,0,0
821,2022-07-01,BK0101,Principles of Business Management,V. Bose,Business Management,MBA,2018,60,23,8,2,1,Odd,0,0
822,2022-07-01,BK0102,Business Management for Engineers,K. Iyer,Business Management,MBA,2001,47,5,3,1,0,Odd,0,0
823,2022-07-01,BK0103,Modern Business Management,N. Nair,Business Management,MBA,2017,69,5,4,0,1,Odd,0,0
824,2022-07-01,BK0104,Applied Business Management,K. Nair,Business Management,MBA,2020,36,43,15,5,3,Odd,0,0
825,2022-07-01,BK0105,Business Management Concepts and Applications,V. Sharma,Business Management,MBA,2002,16,15,3,1,0,Odd,0,0
826,2022-07-01,BK0106,Essentials of Business Management,J. Rao,Business Management,MBA,1996,37,39,8,7,2,Odd,0,0
827,2022-07-01,BK0107,Business Management: Theory and Practice,M. Khan,Business Management,MBA,2006,37,12,4,2,0,Odd,0,0
828,2022-07-01,BK0108,Understanding Business Management,M. Menon,Business Management,MBA,2007,67,45,7,5,0,Odd,0,0
829,2022-07-01,BK0109,Introduction to English Literature,N. Menon,English Literature,HUMANITIES,2013,67,14,7,4,2,Odd,0,0
830,2022-07-01,BK0110,Fundamentals of English Literature,K. Reddy,English Literature,HUMANITIES,2001,54,28,11,2,0,Odd,0,0
831,2022-07-01,BK0111,English Literature: A Practical Approach,S. Bose,English Literature,HUMANITIES,1997,66,41,11,6,0,Odd,0,0
832,2022-07-01,BK0112,Advanced English Literature,A. Khan,English Literature,HUMANITIES,2011,15,13,6,1,1,Odd,0,0
833,2022-07-01,BK0113,Principles of English Literature,J. Khan,English Literature,HUMANITIES,2006,33,8,2,0,0,Odd,0,0
834,2022-07-01,BK0114,English Literature for Engineers,M. Verma,English Literature,HUMANITIES,2006,30,52,14,7,13,Odd,0,0
835,2022-07-01,BK0115,Modern English Literature,V. Reddy,English Literature,HUMANITIES,2009,40,30,6,4,0,Odd,0,0
836,2022-07-01,BK0116,Applied English Literature,J. Menon,English Literature,HUMANITIES,2020,21,27,10,4,3,Odd,0,0
837,2022-07-01,BK0117,English Literature Concepts and Applications,M. Rao,English Literature,HUMANITIES,2012,56,15,14,3,0,Odd,0,0
838,2022-07-01,BK0118,Essentials of English Literature,N. Sharma,English Literature,HUMANITIES,2005,54,14,5,4,0,Odd,0,0
839,2022-07-01,BK0119,English Literature: Theory and Practice,D. Rao,English Literature,HUMANITIES,2007,56,45,8,6,1,Odd,0,0
840,2022-07-01,BK0120,Understanding English Literature,R. Rao,English Literature,HUMANITIES,1997,53,2,1,0,0,Odd,0,0
841,2022-08-01,BK0001,Introduction to Computer Science,N. Iyer,Computer Science,CSE,2016,67,10,9,1,1,Odd,0,0
842,2022-08-01,BK0002,Fundamentals of Computer Science,R. Singh,Computer Science,CSE,2016,58,15,15,1,0,Odd,0,0
843,2022-08-01,BK0003,Computer Science: A Practical Approach,J. Sharma,Computer Science,CSE,2006,69,1,1,0,0,Odd,0,0
844,2022-08-01,BK0004,Advanced Computer Science,K. Gupta,Computer Science,CSE,2022,28,19,18,3,0,Odd,0,0
845,2022-08-01,BK0005,Principles of Computer Science,R. Menon,Computer Science,CSE,2008,31,7,5,2,0,Odd,0,0
846,2022-08-01,BK0006,Computer Science for Engineers,K. Kumar,Computer Science,CSE,2012,40,11,10,2,0,Odd,0,0
847,2022-08-01,BK0007,Modern Computer Science,R. Menon,Computer Science,CSE,2010,59,25,17,0,0,Odd,0,0
848,2022-08-01,BK0008,Applied Computer Science,R. Nair,Computer Science,CSE,2007,15,29,22,5,6,Odd,0,0
849,2022-08-01,BK0009,Computer Science Concepts and Applications,J. Rao,Computer Science,CSE,2021,19,5,2,0,0,Odd,0,0
850,2022-08-01,BK0010,Essentials of Computer Science,D. Rao,Computer Science,CSE,2017,37,7,8,1,0,Odd,0,0
851,2022-08-01,BK0011,Computer Science: Theory and Practice,V. Nair,Computer Science,CSE,2020,69,28,16,5,0,Odd,0,0
852,2022-08-01,BK0012,Understanding Computer Science,N. Khan,Computer Science,CSE,2001,63,25,19,5,1,Odd,0,0
853,2022-08-01,BK0013,Introduction to Data Science,K. Iyer,Data Science,CSE,2016,42,11,13,1,0,Odd,0,0
854,2022-08-01,BK0014,Fundamentals of Data Science,R. Menon,Data Science,CSE,2005,69,21,20,2,0,Odd,0,0
855,2022-08-01,BK0015,Data Science: A Practical Approach,J. Rao,Data Science,CSE,2021,23,9,9,1,0,Odd,0,0
856,2022-08-01,BK0016,Advanced Data Science,M. Sharma,Data Science,CSE,2003,66,16,19,3,0,Odd,0,0
857,2022-08-01,BK0017,Principles of Data Science,A. Sharma,Data Science,CSE,1996,16,9,8,1,1,Odd,0,0
858,2022-08-01,BK0018,Data Science for Engineers,P. Rao,Data Science,CSE,2000,46,3,8,1,0,Odd,0,0
859,2022-08-01,BK0019,Modern Data Science,N. Iyer,Data Science,CSE,2010,30,17,14,1,1,Odd,0,0
860,2022-08-01,BK0020,Applied Data Science,A. Gupta,Data Science,CSE,2013,40,13,14,1,2,Odd,0,0
861,2022-08-01,BK0021,Data Science Concepts and Applications,S. Reddy,Data Science,CSE,2019,39,12,9,2,0,Odd,0,0
862,2022-08-01,BK0022,Essentials of Data Science,R. Rao,Data Science,CSE,2014,63,18,9,0,0,Odd,0,0
863,2022-08-01,BK0023,Data Science: Theory and Practice,R. Sharma,Data Science,CSE,2018,47,12,15,4,2,Odd,0,0
864,2022-08-01,BK0024,Understanding Data Science,V. Iyer,Data Science,CSE,2019,49,35,29,4,0,Odd,0,0
865,2022-08-01,BK0025,Introduction to Electronics,J. Kumar,Electronics,ECE,2015,62,18,9,2,0,Odd,0,0
866,2022-08-01,BK0026,Fundamentals of Electronics,K. Singh,Electronics,ECE,2013,36,8,7,1,1,Odd,0,0
867,2022-08-01,BK0027,Electronics: A Practical Approach,N. Bose,Electronics,ECE,1999,62,26,22,5,1,Odd,0,0
868,2022-08-01,BK0028,Advanced Electronics,S. Iyer,Electronics,ECE,2015,20,16,7,5,1,Odd,0,0
869,2022-08-01,BK0029,Principles of Electronics,S. Verma,Electronics,ECE,1997,32,18,16,2,0,Odd,0,0
870,2022-08-01,BK0030,Electronics for Engineers,J. Menon,Electronics,ECE,2016,37,20,10,3,0,Odd,0,0
871,2022-08-01,BK0031,Modern Electronics,R. Khan,Electronics,ECE,2020,49,13,8,2,1,Odd,0,0
872,2022-08-01,BK0032,Applied Electronics,R. Gupta,Electronics,ECE,2002,60,6,8,0,0,Odd,0,0
873,2022-08-01,BK0033,Electronics Concepts and Applications,S. Rao,Electronics,ECE,2016,36,15,13,1,0,Odd,0,0
874,2022-08-01,BK0034,Essentials of Electronics,A. Iyer,Electronics,ECE,2022,58,12,7,1,0,Odd,0,0
875,2022-08-01,BK0035,Electronics: Theory and Practice,M. Rao,Electronics,ECE,2011,33,66,40,12,15,Odd,0,0
876,2022-08-01,BK0036,Understanding Electronics,D. Rao,Electronics,ECE,1995,15,50,34,7,14,Odd,0,0
877,2022-08-01,BK0037,Introduction to Mechanical,R. Bose,Mechanical,MECH,2017,17,29,17,1,9,Odd,0,0
878,2022-08-01,BK0038,Fundamentals of Mechanical,D. Reddy,Mechanical,MECH,2008,66,32,31,7,1,Odd,0,0
879,2022-08-01,BK0039,Mechanical: A Practical Approach,M. Verma,Mechanical,MECH,2014,45,15,13,4,1,Odd,0,0
880,2022-08-01,BK0040,Advanced Mechanical,D. Menon,Mechanical,MECH,2010,69,43,23,3,0,Odd,0,0
881,2022-08-01,BK0041,Principles of Mechanical,R. Sharma,Mechanical,MECH,2005,51,18,23,1,0,Odd,0,0
882,2022-08-01,BK0042,Mechanical for Engineers,S. Sharma,Mechanical,MECH,1996,65,19,31,3,2,Odd,0,0
883,2022-08-01,BK0043,Modern Mechanical,R. Reddy,Mechanical,MECH,2020,67,41,21,6,2,Odd,0,0
884,2022-08-01,BK0044,Applied Mechanical,R. Khan,Mechanical,MECH,2003,38,6,4,0,1,Odd,0,0
885,2022-08-01,BK0045,Mechanical Concepts and Applications,S. Sharma,Mechanical,MECH,2017,27,7,9,0,1,Odd,0,0
886,2022-08-01,BK0046,Essentials of Mechanical,N. Gupta,Mechanical,MECH,2007,33,22,16,4,0,Odd,0,0
887,2022-08-01,BK0047,Mechanical: Theory and Practice,A. Iyer,Mechanical,MECH,1997,26,12,13,1,2,Odd,0,0
888,2022-08-01,BK0048,Understanding Mechanical,J. Iyer,Mechanical,MECH,2004,53,17,7,2,1,Odd,0,0
889,2022-08-01,BK0049,Introduction to Civil,D. Nair,Civil,CIVIL,2000,21,21,14,3,0,Odd,0,0
890,2022-08-01,BK0050,Fundamentals of Civil,V. Menon,Civil,CIVIL,2002,62,31,28,5,0,Odd,0,0
891,2022-08-01,BK0051,Civil: A Practical Approach,A. Bose,Civil,CIVIL,1997,59,10,9,2,1,Odd,0,0
892,2022-08-01,BK0052,Advanced Civil,R. Verma,Civil,CIVIL,1997,27,12,19,2,0,Odd,0,0
893,2022-08-01,BK0053,Principles of Civil,J. Verma,Civil,CIVIL,2015,30,17,25,3,0,Odd,0,0
894,2022-08-01,BK0054,Civil for Engineers,P. Nair,Civil,CIVIL,2003,63,14,22,2,1,Odd,0,0
895,2022-08-01,BK0055,Modern Civil,A. Nair,Civil,CIVIL,2018,42,13,9,1,2,Odd,0,0
896,2022-08-01,BK0056,Applied Civil,M. Singh,Civil,CIVIL,1999,55,35,33,8,0,Odd,0,0
897,2022-08-01,BK0057,Civil Concepts and Applications,K. Khan,Civil,CIVIL,2023,20,19,16,3,0,Odd,0,0
898,2022-08-01,BK0058,Essentials of Civil,R. Reddy,Civil,CIVIL,2007,19,45,36,4,14,Odd,0,0
899,2022-08-01,BK0059,Civil: Theory and Practice,N. Singh,Civil,CIVIL,2021,63,44,29,6,1,Odd,0,0
900,2022-08-01,BK0060,Understanding Civil,A. Kumar,Civil,CIVIL,1999,45,19,12,3,1,Odd,0,0
901,2022-08-01,BK0061,Introduction to Mathematics,M. Bose,Mathematics,SCIENCE,1995,65,25,21,4,0,Odd,0,0
902,2022-08-01,BK0062,Fundamentals of Mathematics,K. Sharma,Mathematics,SCIENCE,1996,68,22,22,3,0,Odd,0,0
903,2022-08-01,BK0063,Mathematics: A Practical Approach,P. Reddy,Mathematics,SCIENCE,2009,37,28,16,5,1,Odd,0,0
904,2022-08-01,BK0064,Advanced Mathematics,M. Nair,Mathematics,SCIENCE,2012,48,12,15,1,0,Odd,0,0
905,2022-08-01,BK0065,Principles of Mathematics,R. Khan,Mathematics,SCIENCE,2011,19,20,17,2,0,Odd,0,0
906,2022-08-01,BK0066,Mathematics for Engineers,K. Menon,Mathematics,SCIENCE,2015,16,10,15,1,0,Odd,0,0
907,2022-08-01,BK0067,Modern Mathematics,S. Gupta,Mathematics,SCIENCE,1997,41,51,45,8,7,Odd,0,0
908,2022-08-01,BK0068,Applied Mathematics,R. Menon,Mathematics,SCIENCE,2000,15,8,3,2,0,Odd,0,0
909,2022-08-01,BK0069,Mathematics Concepts and Applications,M. Gupta,Mathematics,SCIENCE,2016,61,30,21,4,0,Odd,0,0
910,2022-08-01,BK0070,Essentials of Mathematics,V. Khan,Mathematics,SCIENCE,2023,66,18,16,4,0,Odd,0,0
911,2022-08-01,BK0071,Mathematics: Theory and Practice,V. Bose,Mathematics,SCIENCE,1997,61,31,24,2,0,Odd,0,0
912,2022-08-01,BK0072,Understanding Mathematics,N. Khan,Mathematics,SCIENCE,2019,69,11,8,1,0,Odd,0,0
913,2022-08-01,BK0073,Introduction to Physics,M. Verma,Physics,SCIENCE,2007,32,15,14,0,0,Odd,0,0
914,2022-08-01,BK0074,Fundamentals of Physics,K. Bose,Physics,SCIENCE,2000,66,9,5,3,0,Odd,0,0
915,2022-08-01,BK0075,Physics: A Practical Approach,D. Kumar,Physics,SCIENCE,2010,18,15,16,2,1,Odd,0,0
916,2022-08-01,BK0076,Advanced Physics,V. Rao,Physics,SCIENCE,2000,16,9,4,2,0,Odd,0,0
917,2022-08-01,BK0077,Principles of Physics,K. Verma,Physics,SCIENCE,2007,58,15,16,2,1,Odd,0,0
918,2022-08-01,BK0078,Physics for Engineers,M. Bose,Physics,SCIENCE,1995,40,20,15,2,1,Odd,0,0
919,2022-08-01,BK0079,Modern Physics,P. Nair,Physics,SCIENCE,2004,58,30,19,4,0,Odd,0,0
920,2022-08-01,BK0080,Applied Physics,R. Singh,Physics,SCIENCE,2018,52,21,14,3,0,Odd,0,0
921,2022-08-01,BK0081,Physics Concepts and Applications,N. Reddy,Physics,SCIENCE,2006,49,16,22,0,0,Odd,0,0
922,2022-08-01,BK0082,Essentials of Physics,S. Sharma,Physics,SCIENCE,2008,44,12,12,2,0,Odd,0,0
923,2022-08-01,BK0083,Physics: Theory and Practice,S. Nair,Physics,SCIENCE,2002,53,6,12,3,0,Odd,0,0
924,2022-08-01,BK0084,Understanding Physics,V. Reddy,Physics,SCIENCE,2009,69,10,10,5,1,Odd,0,0
925,2022-08-01,BK0085,Introduction to Chemistry,R. Nair,Chemistry,SCIENCE,2009,61,19,22,1,3,Odd,0,0
926,2022-08-01,BK0086,Fundamentals of Chemistry,A. Iyer,Chemistry,SCIENCE,2021,69,27,31,2,0,Odd,0,0
927,2022-08-01,BK0087,Chemistry: A Practical Approach,A. Iyer,Chemistry,SCIENCE,2018,66,42,19,5,1,Odd,0,0
928,2022-08-01,BK0088,Advanced Chemistry,V. Singh,Chemistry,SCIENCE,2013,50,32,23,6,0,Odd,0,0
929,2022-08-01,BK0089,Principles of Chemistry,K. Menon,Chemistry,SCIENCE,2008,57,5,5,0,0,Odd,0,0
930,2022-08-01,BK0090,Chemistry for Engineers,D. Singh,Chemistry,SCIENCE,1998,62,5,1,1,0,Odd,0,0
931,2022-08-01,BK0091,Modern Chemistry,K. Nair,Chemistry,SCIENCE,2002,55,23,16,2,0,Odd,0,0
932,2022-08-01,BK0092,Applied Chemistry,P. Khan,Chemistry,SCIENCE,2019,15,35,19,9,11,Odd,0,0
933,2022-08-01,BK0093,Chemistry Concepts and Applications,P. Rao,Chemistry,SCIENCE,1997,66,19,21,2,0,Odd,0,0
934,2022-08-01,BK0094,Essentials of Chemistry,J. Menon,Chemistry,SCIENCE,2005,58,3,6,0,0,Odd,0,0
935,2022-08-01,BK0095,Chemistry: Theory and Practice,S. Bose,Chemistry,SCIENCE,2022,64,8,9,1,0,Odd,0,0
936,2022-08-01,BK0096,Understanding Chemistry,M. Sharma,Chemistry,SCIENCE,2023,54,6,3,1,0,Odd,0,0
937,2022-08-01,BK0097,Introduction to Business Management,A. Rao,Business Management,MBA,2007,43,16,6,3,1,Odd,0,0
938,2022-08-01,BK0098,Fundamentals of Business Management,V. Reddy,Business Management,MBA,2012,44,19,14,5,1,Odd,0,0
939,2022-08-01,BK0099,Business Management: A Practical Approach,P. Reddy,Business Management,MBA,2022,47,10,14,0,0,Odd,0,0
940,2022-08-01,BK0100,Advanced Business Management,N. Rao,Business Management,MBA,2018,37,16,12,3,0,Odd,0,0
941,2022-08-01,BK0101,Principles of Business Management,V. Bose,Business Management,MBA,2018,60,18,17,3,1,Odd,0,0
942,2022-08-01,BK0102,Business Management for Engineers,K. Iyer,Business Management,MBA,2001,47,4,5,0,1,Odd,0,0
943,2022-08-01,BK0103,Modern Business Management,N. Nair,Business Management,MBA,2017,69,0,5,0,0,Odd,0,0
944,2022-08-01,BK0104,Applied Business Management,K. Nair,Business Management,MBA,2020,36,35,35,2,0,Odd,0,0
945,2022-08-01,BK0105,Business Management Concepts and Applications,V. Sharma,Business Management,MBA,2002,16,13,12,2,2,Odd,0,0
946,2022-08-01,BK0106,Essentials of Business Management,J. Rao,Business Management,MBA,1996,37,34,30,5,0,Odd,0,0
947,2022-08-01,BK0107,Business Management: Theory and Practice,M. Khan,Business Management,MBA,2006,37,14,11,1,0,Odd,0,0
948,2022-08-01,BK0108,Understanding Business Management,M. Menon,Business Management,MBA,2007,67,32,41,4,1,Odd,0,0
949,2022-08-01,BK0109,Introduction to English Literature,N. Menon,English Literature,HUMANITIES,2013,67,18,13,4,1,Odd,0,0
950,2022-08-01,BK0110,Fundamentals of English Literature,K. Reddy,English Literature,HUMANITIES,2001,54,35,25,6,0,Odd,0,0
951,2022-08-01,BK0111,English Literature: A Practical Approach,S. Bose,English Literature,HUMANITIES,1997,66,37,39,5,0,Odd,0,0
952,2022-08-01,BK0112,Advanced English Literature,A. Khan,English Literature,HUMANITIES,2011,15,15,10,2,2,Odd,0,0
953,2022-08-01,BK0113,Principles of English Literature,J. Khan,English Literature,HUMANITIES,2006,33,6,7,1,0,Odd,0,0
954,2022-08-01,BK0114,English Literature for Engineers,M. Verma,English Literature,HUMANITIES,2006,30,50,47,6,11,Odd,0,0
955,2022-08-01,BK0115,Modern English Literature,V. Reddy,English Literature,HUMANITIES,2009,40,24,26,3,0,Odd,0,0
956,2022-08-01,BK0116,Applied English Literature,J. Menon,English Literature,HUMANITIES,2020,21,24,25,3,2,Odd,0,0
957,2022-08-01,BK0117,English Literature Concepts and Applications,M. Rao,English Literature,HUMANITIES,2012,56,23,11,1,0,Odd,0,0
958,2022-08-01,BK0118,Essentials of English Literature,N. Sharma,English Literature,HUMANITIES,2005,54,12,13,2,0,Odd,0,0
959,2022-08-01,BK0119,English Literature: Theory and Practice,D. Rao,English Literature,HUMANITIES,2007,56,34,37,8,0,Odd,0,0
960,2022-08-01,BK0120,Understanding English Literature,R. Rao,English Literature,HUMANITIES,1997,53,0,1,0,1,Odd,0,0
961,2022-09-01,BK0001,Introduction to Computer Science,N. Iyer,Computer Science,CSE,2016,67,8,7,1,0,Odd,0,0
962,2022-09-01,BK0002,Fundamentals of Computer Science,R. Singh,Computer Science,CSE,2016,58,18,9,3,0,Odd,0,0
963,2022-09-01,BK0003,Computer Science: A Practical Approach,J. Sharma,Computer Science,CSE,2006,69,1,1,0,0,Odd,0,0
964,2022-09-01,BK0004,Advanced Computer Science,K. Gupta,Computer Science,CSE,2022,28,16,17,3,0,Odd,0,0
965,2022-09-01,BK0005,Principles of Computer Science,R. Menon,Computer Science,CSE,2008,31,5,6,1,0,Odd,0,0
966,2022-09-01,BK0006,Computer Science for Engineers,K. Kumar,Computer Science,CSE,2012,40,18,8,4,3,Odd,0,0
967,2022-09-01,BK0007,Modern Computer Science,R. Menon,Computer Science,CSE,2010,59,19,20,6,0,Odd,0,0
968,2022-09-01,BK0008,Applied Computer Science,R. Nair,Computer Science,CSE,2007,15,35,27,4,9,Odd,0,0
969,2022-09-01,BK0009,Computer Science Concepts and Applications,J. Rao,Computer Science,CSE,2021,19,4,5,1,0,Odd,0,0
970,2022-09-01,BK0010,Essentials of Computer Science,D. Rao,Computer Science,CSE,2017,37,4,7,0,0,Odd,0,0
971,2022-09-01,BK0011,Computer Science: Theory and Practice,V. Nair,Computer Science,CSE,2020,69,23,24,4,0,Odd,0,0
972,2022-09-01,BK0012,Understanding Computer Science,N. Khan,Computer Science,CSE,2001,63,33,22,7,1,Odd,0,0
973,2022-09-01,BK0013,Introduction to Data Science,K. Iyer,Data Science,CSE,2016,42,10,6,0,0,Odd,0,0
974,2022-09-01,BK0014,Fundamentals of Data Science,R. Menon,Data Science,CSE,2005,69,14,19,2,0,Odd,0,0
975,2022-09-01,BK0015,Data Science: A Practical Approach,J. Rao,Data Science,CSE,2021,23,22,8,4,0,Odd,0,0
976,2022-09-01,BK0016,Advanced Data Science,M. Sharma,Data Science,CSE,2003,66,18,16,4,0,Odd,0,0
977,2022-09-01,BK0017,Principles of Data Science,A. Sharma,Data Science,CSE,1996,16,5,7,0,0,Odd,0,0
978,2022-09-01,BK0018,Data Science for Engineers,P. Rao,Data Science,CSE,2000,46,11,3,3,2,Odd,0,0
979,2022-09-01,BK0019,Modern Data Science,N. Iyer,Data Science,CSE,2010,30,10,15,1,0,Odd,0,0
980,2022-09-01,BK0020,Applied Data Science,A. Gupta,Data Science,CSE,2013,40,7,10,4,1,Odd,0,0
981,2022-09-01,BK0021,Data Science Concepts and Applications,S. Reddy,Data Science,CSE,2019,39,9,12,0,0,Odd,0,0
982,2022-09-01,BK0022,Essentials of Data Science,R. Rao,Data Science,CSE,2014,63,14,17,3,0,Odd,0,0
983,2022-09-01,BK0023,Data Science: Theory and Practice,R. Sharma,Data Science,CSE,2018,47,15,12,1,0,Odd,0,0
984,2022-09-01,BK0024,Understanding Data Science,V. Iyer,Data Science,CSE,2019,49,25,30,3,0,Odd,0,0
985,2022-09-01,BK0025,Introduction to Electronics,J. Kumar,Electronics,ECE,2015,62,15,15,1,0,Odd,0,0
986,2022-09-01,BK0026,Fundamentals of Electronics,K. Singh,Electronics,ECE,2013,36,1,6,0,0,Odd,0,0
987,2022-09-01,BK0027,Electronics: A Practical Approach,N. Bose,Electronics,ECE,1999,62,33,23,9,1,Odd,0,0
988,2022-09-01,BK0028,Advanced Electronics,S. Iyer,Electronics,ECE,2015,20,12,14,2,2,Odd,0,0
989,2022-09-01,BK0029,Principles of Electronics,S. Verma,Electronics,ECE,1997,32,24,12,6,0,Odd,0,0
990,2022-09-01,BK0030,Electronics for Engineers,J. Menon,Electronics,ECE,2016,37,8,16,1,0,Odd,0,0
991,2022-09-01,BK0031,Modern Electronics,R. Khan,Electronics,ECE,2020,49,8,10,1,0,Odd,0,0
992,2022-09-01,BK0032,Applied Electronics,R. Gupta,Electronics,ECE,2002,60,9,6,1,1,Odd,0,0
993,2022-09-01,BK0033,Electronics Concepts and Applications,S. Rao,Electronics,ECE,2016,36,14,11,1,1,Odd,0,0
994,2022-09-01,BK0034,Essentials of Electronics,A. Iyer,Electronics,ECE,2022,58,10,12,1,0,Odd,0,0
995,2022-09-01,BK0035,Electronics: Theory and Practice,M. Rao,Electronics,ECE,2011,33,63,59,11,14,Odd,0,0
996,2022-09-01,BK0036,Understanding Electronics,D. Rao,Electronics,ECE,1995,15,49,43,9,14,Odd,0,0
997,2022-09-01,BK0037,Introduction to Mechanical,R. Bose,Mechanical,MECH,2017,17,15,25,2,0,Odd,0,0
998,2022-09-01,BK0038,Fundamentals of Mechanical,D. Reddy,Mechanical,MECH,2008,66,33,26,2,1,Odd,0,0
999,2022-09-01,BK0039,Mechanical: A Practical Approach,M. Verma,Mechanical,MECH,2014,45,12,13,1,1,Odd,0,0
1000,2022-09-01,BK0040,Advanced Mechanical,D. Menon,Mechanical,MECH,2010,69,25,34,4,0,Odd,0,0
1001,2022-09-01,BK0041,Principles of Mechanical,R. Sharma,Mechanical,MECH,2005,51,23,14,2,1,Odd,0,0
1002,2022-09-01,BK0042,Mechanical for Engineers,S. Sharma,Mechanical,MECH,1996,65,31,16,8,0,Odd,0,0
1003,2022-09-01,BK0043,Modern Mechanical,R. Reddy,Mechanical,MECH,2020,67,28,31,2,0,Odd,0,0
1004,2022-09-01,BK0044,Applied Mechanical,R. Khan,Mechanical,MECH,2003,38,4,5,1,0,Odd,0,0
1005,2022-09-01,BK0045,Mechanical Concepts and Applications,S. Sharma,Mechanical,MECH,2017,27,9,7,1,0,Odd,0,0
1006,2022-09-01,BK0046,Essentials of Mechanical,N. Gupta,Mechanical,MECH,2007,33,6,18,0,1,Odd,0,0
1007,2022-09-01,BK0047,Mechanical: Theory and Practice,A. Iyer,Mechanical,MECH,1997,26,11,11,0,0,Odd,0,0
1008,2022-09-01,BK0048,Understanding Mechanical,J. Iyer,Mechanical,MECH,2004,53,15,14,4,0,Odd,0,0
1009,2022-09-01,BK0049,Introduction to Civil,D. Nair,Civil,CIVIL,2000,21,22,20,3,3,Odd,0,0
1010,2022-09-01,BK0050,Fundamentals of Civil,V. Menon,Civil,CIVIL,2002,62,46,28,6,0,Odd,0,0
1011,2022-09-01,BK0051,Civil: A Practical Approach,A. Bose,Civil,CIVIL,1997,59,10,8,4,0,Odd,0,0
1012,2022-09-01,BK0052,Advanced Civil,R. Verma,Civil,CIVIL,1997,27,13,10,1,0,Odd,0,0
1013,2022-09-01,BK0053,Principles of Civil,J. Verma,Civil,CIVIL,2015,30,27,13,2,1,Odd,0,0
1014,2022-09-01,BK0054,Civil for Engineers,P. Nair,Civil,CIVIL,2003,63,13,11,3,0,Odd,0,0
1015,2022-09-01,BK0055,Modern Civil,A. Nair,Civil,CIVIL,2018,42,9,11,1,1,Odd,0,0
1016,2022-09-01,BK0056,Applied Civil,M. Singh,Civil,CIVIL,1999,55,41,33,6,0,Odd,0,0
1017,2022-09-01,BK0057,Civil Concepts and Applications,K. Khan,Civil,CIVIL,2023,20,19,17,2,1,Odd,0,0
1018,2022-09-01,BK0058,Essentials of Civil,R. Reddy,Civil,CIVIL,2007,19,39,40,4,6,Odd,0,0
1019,2022-09-01,BK0059,Civil: Theory and Practice,N. Singh,Civil,CIVIL,2021,63,29,35,2,1,Odd,0,0
1020,2022-09-01,BK0060,Understanding Civil,A. Kumar,Civil,CIVIL,1999,45,13,18,3,0,Odd,0,0
1021,2022-09-01,BK0061,Introduction to Mathematics,M. Bose,Mathematics,SCIENCE,1995,65,19,19,1,0,Odd,0,0
1022,2022-09-01,BK0062,Fundamentals of Mathematics,K. Sharma,Mathematics,SCIENCE,1996,68,24,19,5,1,Odd,0,0
1023,2022-09-01,BK0063,Mathematics: A Practical Approach,P. Reddy,Mathematics,SCIENCE,2009,37,30,26,4,0,Odd,0,0
1024,2022-09-01,BK0064,Advanced Mathematics,M. Nair,Mathematics,SCIENCE,2012,48,15,11,2,1,Odd,0,0
1025,2022-09-01,BK0065,Principles of Mathematics,R. Khan,Mathematics,SCIENCE,2011,19,16,19,4,0,Odd,0,0
1026,2022-09-01,BK0066,Mathematics for Engineers,K. Menon,Mathematics,SCIENCE,2015,16,9,9,1,0,Odd,0,0
1027,2022-09-01,BK0067,Modern Mathematics,S. Gupta,Mathematics,SCIENCE,1997,41,62,38,12,11,Odd,0,0
1028,2022-09-01,BK0068,Applied Mathematics,R. Menon,Mathematics,SCIENCE,2000,15,9,7,2,1,Odd,0,0
1029,2022-09-01,BK0069,Mathematics Concepts and Applications,M. Gupta,Mathematics,SCIENCE,2016,61,16,26,4,0,Odd,0,0
1030,2022-09-01,BK0070,Essentials of Mathematics,V. Khan,Mathematics,SCIENCE,2023,66,25,12,0,3,Odd,0,0
1031,2022-09-01,BK0071,Mathematics: Theory and Practice,V. Bose,Mathematics,SCIENCE,1997,61,19,30,1,0,Odd,0,0
1032,2022-09-01,BK0072,Understanding Mathematics,N. Khan,Mathematics,SCIENCE,2019,69,11,11,1,0,Odd,0,0
1033,2022-09-01,BK0073,Introduction to Physics,M. Verma,Physics,SCIENCE,2007,32,11,13,3,3,Odd,0,0
1034,2022-09-01,BK0074,Fundamentals of Physics,K. Bose,Physics,SCIENCE,2000,66,6,7,0,0,Odd,0,0
1035,2022-09-01,BK0075,Physics: A Practical Approach,D. Kumar,Physics,SCIENCE,2010,18,15,13,3,1,Odd,0,0
1036,2022-09-01,BK0076,Advanced Physics,V. Rao,Physics,SCIENCE,2000,16,11,9,1,2,Odd,0,0
1037,2022-09-01,BK0077,Principles of Physics,K. Verma,Physics,SCIENCE,2007,58,18,10,4,0,Odd,0,0
1038,2022-09-01,BK0078,Physics for Engineers,M. Bose,Physics,SCIENCE,1995,40,23,16,3,0,Odd,0,0
1039,2022-09-01,BK0079,Modern Physics,P. Nair,Physics,SCIENCE,2004,58,30,21,3,0,Odd,0,0
1040,2022-09-01,BK0080,Applied Physics,R. Singh,Physics,SCIENCE,2018,52,19,18,2,0,Odd,0,0
1041,2022-09-01,BK0081,Physics Concepts and Applications,N. Reddy,Physics,SCIENCE,2006,49,19,13,0,0,Odd,0,0
1042,2022-09-01,BK0082,Essentials of Physics,S. Sharma,Physics,SCIENCE,2008,44,17,8,3,1,Odd,0,0
1043,2022-09-01,BK0083,Physics: Theory and Practice,S. Nair,Physics,SCIENCE,2002,53,10,5,2,0,Odd,0,0
1044,2022-09-01,BK0084,Understanding Physics,V. Reddy,Physics,SCIENCE,2009,69,13,8,1,0,Odd,0,0
1045,2022-09-01,BK0085,Introduction to Chemistry,R. Nair,Chemistry,SCIENCE,2009,61,19,19,2,0,Odd,0,0
1046,2022-09-01,BK0086,Fundamentals of Chemistry,A. Iyer,Chemistry,SCIENCE,2021,69,25,23,5,0,Odd,0,0
1047,2022-09-01,BK0087,Chemistry: A Practical Approach,A. Iyer,Chemistry,SCIENCE,2018,66,24,34,3,1,Odd,0,0
1048,2022-09-01,BK0088,Advanced Chemistry,V. Singh,Chemistry,SCIENCE,2013,50,20,28,0,0,Odd,0,0
1049,2022-09-01,BK0089,Principles of Chemistry,K. Menon,Chemistry,SCIENCE,2008,57,8,4,1,0,Odd,0,0
1050,2022-09-01,BK0090,Chemistry for Engineers,D. Singh,Chemistry,SCIENCE,1998,62,7,4,0,0,Odd,0,0
1051,2022-09-01,BK0091,Modern Chemistry,K. Nair,Chemistry,SCIENCE,2002,55,20,22,3,0,Odd,0,0
1052,2022-09-01,BK0092,Applied Chemistry,P. Khan,Chemistry,SCIENCE,2019,15,19,31,3,2,Odd,0,0
1053,2022-09-01,BK0093,Chemistry Concepts and Applications,P. Rao,Chemistry,SCIENCE,1997,66,16,17,2,1,Odd,0,0
1054,2022-09-01,BK0094,Essentials of Chemistry,J. Menon,Chemistry,SCIENCE,2005,58,2,2,0,0,Odd,0,0
1055,2022-09-01,BK0095,Chemistry: Theory and Practice,S. Bose,Chemistry,SCIENCE,2022,64,13,6,1,0,Odd,0,0
1056,2022-09-01,BK0096,Understanding Chemistry,M. Sharma,Chemistry,SCIENCE,2023,54,2,6,0,0,Odd,0,0
1057,2022-09-01,BK0097,Introduction to Business Management,A. Rao,Business Management,MBA,2007,43,6,14,0,1,Odd,0,0
1058,2022-09-01,BK0098,Fundamentals of Business Management,V. Reddy,Business Management,MBA,2012,44,19,16,2,1,Odd,0,0
1059,2022-09-01,BK0099,Business Management: A Practical Approach,P. Reddy,Business Management,MBA,2022,47,17,9,3,0,Odd,0,0
1060,2022-09-01,BK0100,Advanced Business Management,N. Rao,Business Management,MBA,2018,37,15,15,4,0,Odd,0,0
1061,2022-09-01,BK0101,Principles of Business Management,V. Bose,Business Management,MBA,2018,60,20,13,1,2,Odd,0,0
1062,2022-09-01,BK0102,Business Management for Engineers,K. Iyer,Business Management,MBA,2001,47,3,4,0,0,Odd,0,0
1063,2022-09-01,BK0103,Modern Business Management,N. Nair,Business Management,MBA,2017,69,4,0,0,0,Odd,0,0
1064,2022-09-01,BK0104,Applied Business Management,K. Nair,Business Management,MBA,2020,36,53,31,5,6,Odd,0,0
1065,2022-09-01,BK0105,Business Management Concepts and Applications,V. Sharma,Business Management,MBA,2002,16,11,12,0,1,Odd,0,0
1066,2022-09-01,BK0106,Essentials of Business Management,J. Rao,Business Management,MBA,1996,37,36,25,6,0,Odd,0,0
1067,2022-09-01,BK0107,Business Management: Theory and Practice,M. Khan,Business Management,MBA,2006,37,19,12,4,0,Odd,0,0
1068,2022-09-01,BK0108,Understanding Business Management,M. Menon,Business Management,MBA,2007,67,40,28,3,0,Odd,0,0
1069,2022-09-01,BK0109,Introduction to English Literature,N. Menon,English Literature,HUMANITIES,2013,67,17,17,1,1,Odd,0,0
1070,2022-09-01,BK0110,Fundamentals of English Literature,K. Reddy,English Literature,HUMANITIES,2001,54,24,28,7,0,Odd,0,0
1071,2022-09-01,BK0111,English Literature: A Practical Approach,S. Bose,English Literature,HUMANITIES,1997,66,42,33,4,2,Odd,0,0
1072,2022-09-01,BK0112,Advanced English Literature,A. Khan,English Literature,HUMANITIES,2011,15,9,14,2,1,Odd,0,0
1073,2022-09-01,BK0113,Principles of English Literature,J. Khan,English Literature,HUMANITIES,2006,33,7,3,2,1,Odd,0,0
1074,2022-09-01,BK0114,English Literature for Engineers,M. Verma,English Literature,HUMANITIES,2006,30,43,42,7,8,Odd,0,0
1075,2022-09-01,BK0115,Modern English Literature,V. Reddy,English Literature,HUMANITIES,2009,40,29,21,5,0,Odd,0,0
1076,2022-09-01,BK0116,Applied English Literature,J. Menon,English Literature,HUMANITIES,2020,21,26,21,4,3,Odd,0,0
1077,2022-09-01,BK0117,English Literature Concepts and Applications,M. Rao,English Literature,HUMANITIES,2012,56,31,20,5,0,Odd,0,0
1078,2022-09-01,BK0118,Essentials of English Literature,N. Sharma,English Literature,HUMANITIES,2005,54,12,11,1,0,Odd,0,0
1079,2022-09-01,BK0119,English Literature: Theory and Practice,D. Rao,English Literature,HUMANITIES,2007,56,34,26,2,1,Odd,0,0
1080,2022-09-01,BK0120,Understanding English Literature,R. Rao,English Literature,HUMANITIES,1997,53,4,0,0,1,Odd,0,0
1081,2022-10-01,BK0001,Introduction to Computer Science,N. Iyer,Computer Science,CSE,2016,67,22,8,1,0,Odd,1,0
1082,2022-10-01,BK0002,Fundamentals of Computer Science,R. Singh,Computer Science,CSE,2016,58,35,18,5,0,Odd,1,0
1083,2022-10-01,BK0003,Computer Science: A Practical Approach,J. Sharma,Computer Science,CSE,2006,69,5,1,0,0,Odd,1,0
1084,2022-10-01,BK0004,Advanced Computer Science,K. Gupta,Computer Science,CSE,2022,28,41,14,12,9,Odd,1,0
1085,2022-10-01,BK0005,Principles of Computer Science,R. Menon,Computer Science,CSE,2008,31,20,4,2,1,Odd,1,0
1086,2022-10-01,BK0006,Computer Science for Engineers,K. Kumar,Computer Science,CSE,2012,40,28,14,3,0,Odd,1,0
1087,2022-10-01,BK0007,Modern Computer Science,R. Menon,Computer Science,CSE,2010,59,29,15,5,0,Odd,1,0
1088,2022-10-01,BK0008,Applied Computer Science,R. Nair,Computer Science,CSE,2007,15,51,28,9,17,Odd,1,0
1089,2022-10-01,BK0009,Computer Science Concepts and Applications,J. Rao,Computer Science,CSE,2021,19,5,4,1,1,Odd,1,0
1090,2022-10-01,BK0010,Essentials of Computer Science,D. Rao,Computer Science,CSE,2017,37,10,3,1,1,Odd,1,0
1091,2022-10-01,BK0011,Computer Science: Theory and Practice,V. Nair,Computer Science,CSE,2020,69,29,21,4,2,Odd,1,0
1092,2022-10-01,BK0012,Understanding Computer Science,N. Khan,Computer Science,CSE,2001,63,53,27,10,0,Odd,1,0
1093,2022-10-01,BK0013,Introduction to Data Science,K. Iyer,Data Science,CSE,2016,42,27,8,4,0,Odd,1,0
1094,2022-10-01,BK0014,Fundamentals of Data Science,R. Menon,Data Science,CSE,2005,69,35,10,9,1,Odd,1,0
1095,2022-10-01,BK0015,Data Science: A Practical Approach,J. Rao,Data Science,CSE,2021,23,32,16,3,8,Odd,1,0
1096,2022-10-01,BK0016,Advanced Data Science,M. Sharma,Data Science,CSE,2003,66,45,15,3,0,Odd,1,0
1097,2022-10-01,BK0017,Principles of Data Science,A. Sharma,Data Science,CSE,1996,16,19,4,1,2,Odd,1,0
1098,2022-10-01,BK0018,Data Science for Engineers,P. Rao,Data Science,CSE,2000,46,19,9,2,0,Odd,1,0
1099,2022-10-01,BK0019,Modern Data Science,N. Iyer,Data Science,CSE,2010,30,22,9,3,0,Odd,1,0
1100,2022-10-01,BK0020,Applied Data Science,A. Gupta,Data Science,CSE,2013,40,31,7,5,0,Odd,1,0
1101,2022-10-01,BK0021,Data Science Concepts and Applications,S. Reddy,Data Science,CSE,2019,39,15,9,1,0,Odd,1,0
1102,2022-10-01,BK0022,Essentials of Data Science,R. Rao,Data Science,CSE,2014,63,28,12,5,1,Odd,1,0
1103,2022-10-01,BK0023,Data Science: Theory and Practice,R. Sharma,Data Science,CSE,2018,47,15,14,1,0,Odd,1,0
1104,2022-10-01,BK0024,Understanding Data Science,V. Iyer,Data Science,CSE,2019,49,56,17,11,4,Odd,1,0
1105,2022-10-01,BK0025,Introduction to Electronics,J. Kumar,Electronics,ECE,2015,62,34,14,5,0,Odd,1,0
1106,2022-10-01,BK0026,Fundamentals of Electronics,K. Singh,Electronics,ECE,2013,36,15,0,2,0,Odd,1,0
1107,2022-10-01,BK0027,Electronics: A Practical Approach,N. Bose,Electronics,ECE,1999,62,35,25,4,0,Odd,1,0
1108,2022-10-01,BK0028,Advanced Electronics,S. Iyer,Electronics,ECE,2015,20,23,12,4,2,Odd,1,0
1109,2022-10-01,BK0029,Principles of Electronics,S. Verma,Electronics,ECE,1997,32,29,20,4,0,Odd,1,0
1110,2022-10-01,BK0030,Electronics for Engineers,J. Menon,Electronics,ECE,2016,37,21,7,3,0,Odd,1,0
1111,2022-10-01,BK0031,Modern Electronics,R. Khan,Electronics,ECE,2020,49,16,8,1,1,Odd,1,0
1112,2022-10-01,BK0032,Applied Electronics,R. Gupta,Electronics,ECE,2002,60,8,8,0,0,Odd,1,0
1113,2022-10-01,BK0033,Electronics Concepts and Applications,S. Rao,Electronics,ECE,2016,36,27,13,4,0,Odd,1,0
1114,2022-10-01,BK0034,Essentials of Electronics,A. Iyer,Electronics,ECE,2022,58,14,7,2,0,Odd,1,0
1115,2022-10-01,BK0035,Electronics: Theory and Practice,M. Rao,Electronics,ECE,2011,33,96,51,17,28,Odd,1,0
1116,2022-10-01,BK0036,Understanding Electronics,D. Rao,Electronics,ECE,1995,15,83,43,9,39,Odd,1,0
1117,2022-10-01,BK0037,Introduction to Mechanical,R. Bose,Mechanical,MECH,2017,17,37,12,7,7,Odd,1,0
1118,2022-10-01,BK0038,Fundamentals of Mechanical,D. Reddy,Mechanical,MECH,2008,66,58,22,12,0,Odd,1,0
1119,2022-10-01,BK0039,Mechanical: A Practical Approach,M. Verma,Mechanical,MECH,2014,45,21,8,5,0,Odd,1,0
1120,2022-10-01,BK0040,Advanced Mechanical,D. Menon,Mechanical,MECH,2010,69,46,21,9,1,Odd,1,0
1121,2022-10-01,BK0041,Principles of Mechanical,R. Sharma,Mechanical,MECH,2005,51,31,19,5,0,Odd,1,0
1122,2022-10-01,BK0042,Mechanical for Engineers,S. Sharma,Mechanical,MECH,1996,65,41,30,8,0,Odd,1,0
1123,2022-10-01,BK0043,Modern Mechanical,R. Reddy,Mechanical,MECH,2020,67,44,26,8,0,Odd,1,0
1124,2022-10-01,BK0044,Applied Mechanical,R. Khan,Mechanical,MECH,2003,38,14,1,2,0,Odd,1,0
1125,2022-10-01,BK0045,Mechanical Concepts and Applications,S. Sharma,Mechanical,MECH,2017,27,12,8,1,1,Odd,1,0
1126,2022-10-01,BK0046,Essentials of Mechanical,N. Gupta,Mechanical,MECH,2007,33,18,5,1,0,Odd,1,0
1127,2022-10-01,BK0047,Mechanical: Theory and Practice,A. Iyer,Mechanical,MECH,1997,26,23,9,6,0,Odd,1,0
1128,2022-10-01,BK0048,Understanding Mechanical,J. Iyer,Mechanical,MECH,2004,53,14,13,4,0,Odd,1,0
1129,2022-10-01,BK0049,Introduction to Civil,D. Nair,Civil,CIVIL,2000,21,26,19,2,4,Odd,1,0
1130,2022-10-01,BK0050,Fundamentals of Civil,V. Menon,Civil,CIVIL,2002,62,46,41,4,0,Odd,1,0
1131,2022-10-01,BK0051,Civil: A Practical Approach,A. Bose,Civil,CIVIL,1997,59,16,10,4,1,Odd,1,0
1132,2022-10-01,BK0052,Advanced Civil,R. Verma,Civil,CIVIL,1997,27,21,11,5,0,Odd,1,0
1133,2022-10-01,BK0053,Principles of Civil,J. Verma,Civil,CIVIL,2015,30,38,23,6,2,Odd,1,0
1134,2022-10-01,BK0054,Civil for Engineers,P. Nair,Civil,CIVIL,2003,63,25,13,6,1,Odd,1,0
1135,2022-10-01,BK0055,Modern Civil,A. Nair,Civil,CIVIL,2018,42,10,8,2,0,Odd,1,0
1136,2022-10-01,BK0056,Applied Civil,M. Singh,Civil,CIVIL,1999,55,53,33,8,0,Odd,1,0
1137,2022-10-01,BK0057,Civil Concepts and Applications,K. Khan,Civil,CIVIL,2023,20,28,18,6,0,Odd,1,0
1138,2022-10-01,BK0058,Essentials of Civil,R. Reddy,Civil,CIVIL,2007,19,55,36,7,11,Odd,1,0
1139,2022-10-01,BK0059,Civil: Theory and Practice,N. Singh,Civil,CIVIL,2021,63,38,26,9,0,Odd,1,0
1140,2022-10-01,BK0060,Understanding Civil,A. Kumar,Civil,CIVIL,1999,45,22,10,0,0,Odd,1,0
1141,2022-10-01,BK0061,Introduction to Mathematics,M. Bose,Mathematics,SCIENCE,1995,65,32,12,1,1,Odd,1,0
1142,2022-10-01,BK0062,Fundamentals of Mathematics,K. Sharma,Mathematics,SCIENCE,1996,68,44,22,10,0,Odd,1,0
1143,2022-10-01,BK0063,Mathematics: A Practical Approach,P. Reddy,Mathematics,SCIENCE,2009,37,46,25,5,4,Odd,1,0
1144,2022-10-01,BK0064,Advanced Mathematics,M. Nair,Mathematics,SCIENCE,2012,48,46,13,7,0,Odd,1,0
1145,2022-10-01,BK0065,Principles of Mathematics,R. Khan,Mathematics,SCIENCE,2011,19,21,12,2,1,Odd,1,0
1146,2022-10-01,BK0066,Mathematics for Engineers,K. Menon,Mathematics,SCIENCE,2015,16,21,5,1,3,Odd,1,0
1147,2022-10-01,BK0067,Modern Mathematics,S. Gupta,Mathematics,SCIENCE,1997,41,81,51,10,25,Odd,1,0
1148,2022-10-01,BK0068,Applied Mathematics,R. Menon,Mathematics,SCIENCE,2000,15,15,9,1,0,Odd,1,0
1149,2022-10-01,BK0069,Mathematics Concepts and Applications,M. Gupta,Mathematics,SCIENCE,2016,61,41,15,5,0,Odd,1,0
1150,2022-10-01,BK0070,Essentials of Mathematics,V. Khan,Mathematics,SCIENCE,2023,66,30,25,6,0,Odd,1,0
1151,2022-10-01,BK0071,Mathematics: Theory and Practice,V. Bose,Mathematics,SCIENCE,1997,61,31,17,5,0,Odd,1,0
1152,2022-10-01,BK0072,Understanding Mathematics,N. Khan,Mathematics,SCIENCE,2019,69,17,10,4,0,Odd,1,0
1153,2022-10-01,BK0073,Introduction to Physics,M. Verma,Physics,SCIENCE,2007,32,17,11,2,0,Odd,1,0
1154,2022-10-01,BK0074,Fundamentals of Physics,K. Bose,Physics,SCIENCE,2000,66,19,6,0,0,Odd,1,0
1155,2022-10-01,BK0075,Physics: A Practical Approach,D. Kumar,Physics,SCIENCE,2010,18,18,12,1,0,Odd,1,0
1156,2022-10-01,BK0076,Advanced Physics,V. Rao,Physics,SCIENCE,2000,16,9,7,0,0,Odd,1,0
1157,2022-10-01,BK0077,Principles of Physics,K. Verma,Physics,SCIENCE,2007,58,18,16,0,0,Odd,1,0
1158,2022-10-01,BK0078,Physics for Engineers,M. Bose,Physics,SCIENCE,1995,40,34,22,2,0,Odd,1,0
1159,2022-10-01,BK0079,Modern Physics,P. Nair,Physics,SCIENCE,2004,58,33,27,2,0,Odd,1,0
1160,2022-10-01,BK0080,Applied Physics,R. Singh,Physics,SCIENCE,2018,52,30,15,2,0,Odd,1,0
1161,2022-10-01,BK0081,Physics Concepts and Applications,N. Reddy,Physics,SCIENCE,2006,49,31,14,3,0,Odd,1,0
1162,2022-10-01,BK0082,Essentials of Physics,S. Sharma,Physics,SCIENCE,2008,44,18,13,5,1,Odd,1,0
1163,2022-10-01,BK0083,Physics: Theory and Practice,S. Nair,Physics,SCIENCE,2002,53,13,8,0,0,Odd,1,0
1164,2022-10-01,BK0084,Understanding Physics,V. Reddy,Physics,SCIENCE,2009,69,20,12,5,0,Odd,1,0
1165,2022-10-01,BK0085,Introduction to Chemistry,R. Nair,Chemistry,SCIENCE,2009,61,21,17,4,0,Odd,1,0
1166,2022-10-01,BK0086,Fundamentals of Chemistry,A. Iyer,Chemistry,SCIENCE,2021,69,30,18,4,0,Odd,1,0
1167,2022-10-01,BK0087,Chemistry: A Practical Approach,A. Iyer,Chemistry,SCIENCE,2018,66,43,20,6,1,Odd,1,0
1168,2022-10-01,BK0088,Advanced Chemistry,V. Singh,Chemistry,SCIENCE,2013,50,36,16,6,0,Odd,1,0
1169,2022-10-01,BK0089,Principles of Chemistry,K. Menon,Chemistry,SCIENCE,2008,57,19,8,1,1,Odd,1,0
1170,2022-10-01,BK0090,Chemistry for Engineers,D. Singh,Chemistry,SCIENCE,1998,62,7,5,1,0,Odd,1,0
1171,2022-10-01,BK0091,Modern Chemistry,K. Nair,Chemistry,SCIENCE,2002,55,32,18,3,1,Odd,1,0
1172,2022-10-01,BK0092,Applied Chemistry,P. Khan,Chemistry,SCIENCE,2019,15,35,14,5,11,Odd,1,0
1173,2022-10-01,BK0093,Chemistry Concepts and Applications,P. Rao,Chemistry,SCIENCE,1997,66,29,9,8,1,Odd,1,0
1174,2022-10-01,BK0094,Essentials of Chemistry,J. Menon,Chemistry,SCIENCE,2005,58,10,2,0,0,Odd,1,0
1175,2022-10-01,BK0095,Chemistry: Theory and Practice,S. Bose,Chemistry,SCIENCE,2022,64,20,11,6,0,Odd,1,0
1176,2022-10-01,BK0096,Understanding Chemistry,M. Sharma,Chemistry,SCIENCE,2023,54,12,2,2,0,Odd,1,0
1177,2022-10-01,BK0097,Introduction to Business Management,A. Rao,Business Management,MBA,2007,43,19,5,3,0,Odd,1,0
1178,2022-10-01,BK0098,Fundamentals of Business Management,V. Reddy,Business Management,MBA,2012,44,22,16,4,0,Odd,1,0
1179,2022-10-01,BK0099,Business Management: A Practical Approach,P. Reddy,Business Management,MBA,2022,47,15,16,4,0,Odd,1,0
1180,2022-10-01,BK0100,Advanced Business Management,N. Rao,Business Management,MBA,2018,37,27,13,3,0,Odd,1,0
1181,2022-10-01,BK0101,Principles of Business Management,V. Bose,Business Management,MBA,2018,60,29,16,3,1,Odd,1,0
1182,2022-10-01,BK0102,Business Management for Engineers,K. Iyer,Business Management,MBA,2001,47,5,3,1,1,Odd,1,0
1183,2022-10-01,BK0103,Modern Business Management,N. Nair,Business Management,MBA,2017,69,8,4,0,0,Odd,1,0
1184,2022-10-01,BK0104,Applied Business Management,K. Nair,Business Management,MBA,2020,36,39,43,3,2,Odd,1,0
1185,2022-10-01,BK0105,Business Management Concepts and Applications,V. Sharma,Business Management,MBA,2002,16,15,9,2,0,Odd,1,0
1186,2022-10-01,BK0106,Essentials of Business Management,J. Rao,Business Management,MBA,1996,37,38,28,5,1,Odd,1,0
1187,2022-10-01,BK0107,Business Management: Theory and Practice,M. Khan,Business Management,MBA,2006,37,22,16,3,1,Odd,1,0
1188,2022-10-01,BK0108,Understanding Business Management,M. Menon,Business Management,MBA,2007,67,49,32,8,0,Odd,1,0
1189,2022-10-01,BK0109,Introduction to English Literature,N. Menon,English Literature,HUMANITIES,2013,67,18,12,4,0,Odd,1,0
1190,2022-10-01,BK0110,Fundamentals of English Literature,K. Reddy,English Literature,HUMANITIES,2001,54,21,20,7,0,Odd,1,0
1191,2022-10-01,BK0111,English Literature: A Practical Approach,S. Bose,English Literature,HUMANITIES,1997,66,38,35,9,0,Odd,1,0
1192,2022-10-01,BK0112,Advanced English Literature,A. Khan,English Literature,HUMANITIES,2011,15,15,7,2,1,Odd,1,0
1193,2022-10-01,BK0113,Principles of English Literature,J. Khan,English Literature,HUMANITIES,2006,33,13,6,3,0,Odd,1,0
1194,2022-10-01,BK0114,English Literature for Engineers,M. Verma,English Literature,HUMANITIES,2006,30,48,36,7,5,Odd,1,0
1195,2022-10-01,BK0115,Modern English Literature,V. Reddy,English Literature,HUMANITIES,2009,40,27,27,5,0,Odd,1,0
1196,2022-10-01,BK0116,Applied English Literature,J. Menon,English Literature,HUMANITIES,2020,21,11,25,2,0,Odd,1,0
1197,2022-10-01,BK0117,English Literature Concepts and Applications,M. Rao,English Literature,HUMANITIES,2012,56,32,29,3,2,Odd,1,0
1198,2022-10-01,BK0118,Essentials of English Literature,N. Sharma,English Literature,HUMANITIES,2005,54,10,11,1,0,Odd,1,0
1199,2022-10-01,BK0119,English Literature: Theory and Practice,D. Rao,English Literature,HUMANITIES,2007,56,41,32,5,1,Odd,1,0
1200,2022-10-01,BK0120,Understanding English Literature,R. Rao,English Literature,HUMANITIES,1997,53,1,4,0,0,Odd,1,0
1201,2022-11-01,BK0001,Introduction to Computer Science,N. Iyer,Computer Science,CSE,2016,67,24,14,7,1,Odd,1,0
1202,2022-11-01,BK0002,Fundamentals of Computer Science,R. Singh,Computer Science,CSE,2016,58,39,34,4,0,Odd,1,0
1203,2022-11-01,BK0003,Computer Science: A Practical Approach,J. Sharma,Computer Science,CSE,2006,69,3,4,0,0,Odd,1,0
1204,2022-11-01,BK0004,Advanced Computer Science,K. Gupta,Computer Science,CSE,2022,28,40,34,8,3,Odd,1,0
1205,2022-11-01,BK0005,Principles of Computer Science,R. Menon,Computer Science,CSE,2008,31,16,15,5,1,Odd,1,0
1206,2022-11-01,BK0006,Computer Science for Engineers,K. Kumar,Computer Science,CSE,2012,40,17,24,2,0,Odd,1,0
1207,2022-11-01,BK0007,Modern Computer Science,R. Menon,Computer Science,CSE,2010,59,43,26,3,0,Odd,1,0
1208,2022-11-01,BK0008,Applied Computer Science,R. Nair,Computer Science,CSE,2007,15,53,42,8,14,Odd,1,0
1209,2022-11-01,BK0009,Computer Science Concepts and Applications,J. Rao,Computer Science,CSE,2021,19,12,4,1,0,Odd,1,0
1210,2022-11-01,BK0010,Essentials of Computer Science,D. Rao,Computer Science,CSE,2017,37,8,8,1,0,Odd,1,0
1211,2022-11-01,BK0011,Computer Science: Theory and Practice,V. Nair,Computer Science,CSE,2020,69,33,26,9,1,Odd,1,0
1212,2022-11-01,BK0012,Understanding Computer Science,N. Khan,Computer Science,CSE,2001,63,54,50,5,1,Odd,1,0
1213,2022-11-01,BK0013,Introduction to Data Science,K. Iyer,Data Science,CSE,2016,42,20,20,2,1,Odd,1,0
1214,2022-11-01,BK0014,Fundamentals of Data Science,R. Menon,Data Science,CSE,2005,69,38,30,6,0,Odd,1,0
1215,2022-11-01,BK0015,Data Science: A Practical Approach,J. Rao,Data Science,CSE,2021,23,33,26,6,8,Odd,1,0
1216,2022-11-01,BK0016,Advanced Data Science,M. Sharma,Data Science,CSE,2003,66,39,40,3,1,Odd,1,0
1217,2022-11-01,BK0017,Principles of Data Science,A. Sharma,Data Science,CSE,1996,16,10,18,3,0,Odd,1,0
1218,2022-11-01,BK0018,Data Science for Engineers,P. Rao,Data Science,CSE,2000,46,18,16,2,1,Odd,1,0
1219,2022-11-01,BK0019,Modern Data Science,N. Iyer,Data Science,CSE,2010,30,24,17,5,2,Odd,1,0
1220,2022-11-01,BK0020,Applied Data Science,A. Gupta,Data Science,CSE,2013,40,28,27,5,0,Odd,1,0
1221,2022-11-01,BK0021,Data Science Concepts and Applications,S. Reddy,Data Science,CSE,2019,39,10,13,2,2,Odd,1,0
1222,2022-11-01,BK0022,Essentials of Data Science,R. Rao,Data Science,CSE,2014,63,32,24,4,0,Odd,1,0
1223,2022-11-01,BK0023,Data Science: Theory and Practice,R. Sharma,Data Science,CSE,2018,47,19,12,2,1,Odd,1,0
1224,2022-11-01,BK0024,Understanding Data Science,V. Iyer,Data Science,CSE,2019,49,58,46,7,6,Odd,1,0
1225,2022-11-01,BK0025,Introduction to Electronics,J. Kumar,Electronics,ECE,2015,62,32,30,6,1,Odd,1,0
1226,2022-11-01,BK0026,Fundamentals of Electronics,K. Singh,Electronics,ECE,2013,36,16,11,2,1,Odd,1,0
1227,2022-11-01,BK0027,Electronics: A Practical Approach,N. Bose,Electronics,ECE,1999,62,46,30,3,0,Odd,1,0
1228,2022-11-01,BK0028,Advanced Electronics,S. Iyer,Electronics,ECE,2015,20,21,20,6,2,Odd,1,0
1229,2022-11-01,BK0029,Principles of Electronics,S. Verma,Electronics,ECE,1997,32,36,28,6,2,Odd,1,0
1230,2022-11-01,BK0030,Electronics for Engineers,J. Menon,Electronics,ECE,2016,37,21,14,4,2,Odd,1,0
1231,2022-11-01,BK0031,Modern Electronics,R. Khan,Electronics,ECE,2020,49,14,12,2,1,Odd,1,0
1232,2022-11-01,BK0032,Applied Electronics,R. Gupta,Electronics,ECE,2002,60,10,7,0,0,Odd,1,0
1233,2022-11-01,BK0033,Electronics Concepts and Applications,S. Rao,Electronics,ECE,2016,36,30,23,2,0,Odd,1,0
1234,2022-11-01,BK0034,Essentials of Electronics,A. Iyer,Electronics,ECE,2022,58,23,11,2,0,Odd,1,0
1235,2022-11-01,BK0035,Electronics: Theory and Practice,M. Rao,Electronics,ECE,2011,33,89,84,17,23,Odd,1,0
1236,2022-11-01,BK0036,Understanding Electronics,D. Rao,Electronics,ECE,1995,15,73,70,12,30,Odd,1,0
1237,2022-11-01,BK0037,Introduction to Mechanical,R. Bose,Mechanical,MECH,2017,17,51,32,9,21,Odd,1,0
1238,2022-11-01,BK0038,Fundamentals of Mechanical,D. Reddy,Mechanical,MECH,2008,66,41,48,5,0,Odd,1,0
1239,2022-11-01,BK0039,Mechanical: A Practical Approach,M. Verma,Mechanical,MECH,2014,45,28,19,3,0,Odd,1,0
1240,2022-11-01,BK0040,Advanced Mechanical,D. Menon,Mechanical,MECH,2010,69,45,39,6,0,Odd,1,0
1241,2022-11-01,BK0041,Principles of Mechanical,R. Sharma,Mechanical,MECH,2005,51,29,26,5,0,Odd,1,0
1242,2022-11-01,BK0042,Mechanical for Engineers,S. Sharma,Mechanical,MECH,1996,65,39,36,2,0,Odd,1,0
1243,2022-11-01,BK0043,Modern Mechanical,R. Reddy,Mechanical,MECH,2020,67,42,36,10,1,Odd,1,0
1244,2022-11-01,BK0044,Applied Mechanical,R. Khan,Mechanical,MECH,2003,38,7,12,1,0,Odd,1,0
1245,2022-11-01,BK0045,Mechanical Concepts and Applications,S. Sharma,Mechanical,MECH,2017,27,10,12,1,0,Odd,1,0
1246,2022-11-01,BK0046,Essentials of Mechanical,N. Gupta,Mechanical,MECH,2007,33,29,17,3,0,Odd,1,0
1247,2022-11-01,BK0047,Mechanical: Theory and Practice,A. Iyer,Mechanical,MECH,1997,26,18,17,5,1,Odd,1,0
1248,2022-11-01,BK0048,Understanding Mechanical,J. Iyer,Mechanical,MECH,2004,53,16,12,2,0,Odd,1,0
1249,2022-11-01,BK0049,Introduction to Civil,D. Nair,Civil,CIVIL,2000,21,28,23,4,4,Odd,1,0
1250,2022-11-01,BK0050,Fundamentals of Civil,V. Menon,Civil,CIVIL,2002,62,54,38,7,0,Odd,1,0
1251,2022-11-01,BK0051,Civil: A Practical Approach,A. Bose,Civil,CIVIL,1997,59,19,16,2,0,Odd,1,0
1252,2022-11-01,BK0052,Advanced Civil,R. Verma,Civil,CIVIL,1997,27,19,18,4,0,Odd,1,0
1253,2022-11-01,BK0053,Principles of Civil,J. Verma,Civil,CIVIL,2015,30,32,33,5,0,Odd,1,0
1254,2022-11-01,BK0054,Civil for Engineers,P. Nair,Civil,CIVIL,2003,63,29,23,2,0,Odd,1,0
1255,2022-11-01,BK0055,Modern Civil,A. Nair,Civil,CIVIL,2018,42,11,10,2,0,Odd,1,0
1256,2022-11-01,BK0056,Applied Civil,M. Singh,Civil,CIVIL,1999,55,38,43,11,0,Odd,1,0
1257,2022-11-01,BK0057,Civil Concepts and Applications,K. Khan,Civil,CIVIL,2023,20,23,23,2,4,Odd,1,0
1258,2022-11-01,BK0058,Essentials of Civil,R. Reddy,Civil,CIVIL,2007,19,65,47,13,26,Odd,1,0
1259,2022-11-01,BK0059,Civil: Theory and Practice,N. Singh,Civil,CIVIL,2021,63,47,34,6,0,Odd,1,0
1260,2022-11-01,BK0060,Understanding Civil,A. Kumar,Civil,CIVIL,1999,45,20,18,3,0,Odd,1,0
1261,2022-11-01,BK0061,Introduction to Mathematics,M. Bose,Mathematics,SCIENCE,1995,65,28,27,5,0,Odd,1,0
1262,2022-11-01,BK0062,Fundamentals of Mathematics,K. Sharma,Mathematics,SCIENCE,1996,68,63,38,9,0,Odd,1,0
1263,2022-11-01,BK0063,Mathematics: A Practical Approach,P. Reddy,Mathematics,SCIENCE,2009,37,48,39,6,5,Odd,1,0
1264,2022-11-01,BK0064,Advanced Mathematics,M. Nair,Mathematics,SCIENCE,2012,48,39,35,8,1,Odd,1,0
1265,2022-11-01,BK0065,Principles of Mathematics,R. Khan,Mathematics,SCIENCE,2011,19,21,19,2,3,Odd,1,0
1266,2022-11-01,BK0066,Mathematics for Engineers,K. Menon,Mathematics,SCIENCE,2015,16,8,16,1,1,Odd,1,0
1267,2022-11-01,BK0067,Modern Mathematics,S. Gupta,Mathematics,SCIENCE,1997,41,87,68,8,25,Odd,1,0
1268,2022-11-01,BK0068,Applied Mathematics,R. Menon,Mathematics,SCIENCE,2000,15,12,12,5,0,Odd,1,0
1269,2022-11-01,BK0069,Mathematics Concepts and Applications,M. Gupta,Mathematics,SCIENCE,2016,61,41,34,9,0,Odd,1,0
1270,2022-11-01,BK0070,Essentials of Mathematics,V. Khan,Mathematics,SCIENCE,2023,66,25,24,4,0,Odd,1,0
1271,2022-11-01,BK0071,Mathematics: Theory and Practice,V. Bose,Mathematics,SCIENCE,1997,61,37,25,4,0,Odd,1,0
1272,2022-11-01,BK0072,Understanding Mathematics,N. Khan,Mathematics,SCIENCE,2019,69,19,12,1,0,Odd,1,0
1273,2022-11-01,BK0073,Introduction to Physics,M. Verma,Physics,SCIENCE,2007,32,24,14,1,1,Odd,1,0
1274,2022-11-01,BK0074,Fundamentals of Physics,K. Bose,Physics,SCIENCE,2000,66,15,17,3,1,Odd,1,0
1275,2022-11-01,BK0075,Physics: A Practical Approach,D. Kumar,Physics,SCIENCE,2010,18,29,15,3,3,Odd,1,0
1276,2022-11-01,BK0076,Advanced Physics,V. Rao,Physics,SCIENCE,2000,16,13,8,2,0,Odd,1,0
1277,2022-11-01,BK0077,Principles of Physics,K. Verma,Physics,SCIENCE,2007,58,21,16,2,0,Odd,1,0
1278,2022-11-01,BK0078,Physics for Engineers,M. Bose,Physics,SCIENCE,1995,40,34,31,6,0,Odd,1,0
1279,2022-11-01,BK0079,Modern Physics,P. Nair,Physics,SCIENCE,2004,58,25,29,3,0,Odd,1,0
1280,2022-11-01,BK0080,Applied Physics,R. Singh,Physics,SCIENCE,2018,52,29,24,2,1,Odd,1,0
1281,2022-11-01,BK0081,Physics Concepts and Applications,N. Reddy,Physics,SCIENCE,2006,49,28,26,5,0,Odd,1,0
1282,2022-11-01,BK0082,Essentials of Physics,S. Sharma,Physics,SCIENCE,2008,44,17,18,4,0,Odd,1,0
1283,2022-11-01,BK0083,Physics: Theory and Practice,S. Nair,Physics,SCIENCE,2002,53,16,13,4,0,Odd,1,0
1284,2022-11-01,BK0084,Understanding Physics,V. Reddy,Physics,SCIENCE,2009,69,13,18,2,1,Odd,1,0
1285,2022-11-01,BK0085,Introduction to Chemistry,R. Nair,Chemistry,SCIENCE,2009,61,23,18,4,0,Odd,1,0
1286,2022-11-01,BK0086,Fundamentals of Chemistry,A. Iyer,Chemistry,SCIENCE,2021,69,33,26,7,0,Odd,1,0
1287,2022-11-01,BK0087,Chemistry: A Practical Approach,A. Iyer,Chemistry,SCIENCE,2018,66,28,34,4,1,Odd,1,0
1288,2022-11-01,BK0088,Advanced Chemistry,V. Singh,Chemistry,SCIENCE,2013,50,34,30,4,0,Odd,1,0
1289,2022-11-01,BK0089,Principles of Chemistry,K. Menon,Chemistry,SCIENCE,2008,57,15,17,2,1,Odd,1,0
1290,2022-11-01,BK0090,Chemistry for Engineers,D. Singh,Chemistry,SCIENCE,1998,62,14,5,4,0,Odd,1,0
1291,2022-11-01,BK0091,Modern Chemistry,K. Nair,Chemistry,SCIENCE,2002,55,23,29,2,0,Odd,1,0
1292,2022-11-01,BK0092,Applied Chemistry,P. Khan,Chemistry,SCIENCE,2019,15,54,35,9,17,Odd,1,0
1293,2022-11-01,BK0093,Chemistry Concepts and Applications,P. Rao,Chemistry,SCIENCE,1997,66,28,26,2,0,Odd,1,0
1294,2022-11-01,BK0094,Essentials of Chemistry,J. Menon,Chemistry,SCIENCE,2005,58,3,10,0,0,Odd,1,0
1295,2022-11-01,BK0095,Chemistry: Theory and Practice,S. Bose,Chemistry,SCIENCE,2022,64,32,19,2,0,Odd,1,0
1296,2022-11-01,BK0096,Understanding Chemistry,M. Sharma,Chemistry,SCIENCE,2023,54,13,10,0,1,Odd,1,0
1297,2022-11-01,BK0097,Introduction to Business Management,A. Rao,Business Management,MBA,2007,43,19,19,4,0,Odd,1,0
1298,2022-11-01,BK0098,Fundamentals of Business Management,V. Reddy,Business Management,MBA,2012,44,26,19,5,0,Odd,1,0
1299,2022-11-01,BK0099,Business Management: A Practical Approach,P. Reddy,Business Management,MBA,2022,47,18,14,1,0,Odd,1,0
1300,2022-11-01,BK0100,Advanced Business Management,N. Rao,Business Management,MBA,2018,37,18,24,4,0,Odd,1,0
1301,2022-11-01,BK0101,Principles of Business Management,V. Bose,Business Management,MBA,2018,60,37,26,4,0,Odd,1,0
1302,2022-11-01,BK0102,Business Management for Engineers,K. Iyer,Business Management,MBA,2001,47,6,4,2,0,Odd,1,0
1303,2022-11-01,BK0103,Modern Business Management,N. Nair,Business Management,MBA,2017,69,6,6,0,0,Odd,1,0
1304,2022-11-01,BK0104,Applied Business Management,K. Nair,Business Management,MBA,2020,36,70,31,13,9,Odd,1,0
1305,2022-11-01,BK0105,Business Management Concepts and Applications,V. Sharma,Business Management,MBA,2002,16,17,12,3,1,Odd,1,0
1306,2022-11-01,BK0106,Essentials of Business Management,J. Rao,Business Management,MBA,1996,37,37,33,3,0,Odd,1,0
1307,2022-11-01,BK0107,Business Management: Theory and Practice,M. Khan,Business Management,MBA,2006,37,11,18,0,0,Odd,1,0
1308,2022-11-01,BK0108,Understanding Business Management,M. Menon,Business Management,MBA,2007,67,47,44,11,0,Odd,1,0
1309,2022-11-01,BK0109,Introduction to English Literature,N. Menon,English Literature,HUMANITIES,2013,67,17,16,1,0,Odd,1,0
1310,2022-11-01,BK0110,Fundamentals of English Literature,K. Reddy,English Literature,HUMANITIES,2001,54,22,19,2,0,Odd,1,0
1311,2022-11-01,BK0111,English Literature: A Practical Approach,S. Bose,English Literature,HUMANITIES,1997,66,54,34,6,0,Odd,1,0
1312,2022-11-01,BK0112,Advanced English Literature,A. Khan,English Literature,HUMANITIES,2011,15,18,12,2,0,Odd,1,0
1313,2022-11-01,BK0113,Principles of English Literature,J. Khan,English Literature,HUMANITIES,2006,33,9,10,1,0,Odd,1,0
1314,2022-11-01,BK0114,English Literature for Engineers,M. Verma,English Literature,HUMANITIES,2006,30,58,41,3,12,Odd,1,0
1315,2022-11-01,BK0115,Modern English Literature,V. Reddy,English Literature,HUMANITIES,2009,40,31,23,3,1,Odd,1,0
1316,2022-11-01,BK0116,Applied English Literature,J. Menon,English Literature,HUMANITIES,2020,21,24,11,3,2,Odd,1,0
1317,2022-11-01,BK0117,English Literature Concepts and Applications,M. Rao,English Literature,HUMANITIES,2012,56,32,26,4,0,Odd,1,0
1318,2022-11-01,BK0118,Essentials of English Literature,N. Sharma,English Literature,HUMANITIES,2005,54,12,10,2,0,Odd,1,0
1319,2022-11-01,BK0119,English Literature: Theory and Practice,D. Rao,English Literature,HUMANITIES,2007,56,36,34,2,0,Odd,1,0
1320,2022-11-01,BK0120,Understanding English Literature,R. Rao,English Literature,HUMANITIES,1997,53,6,0,1,1,Odd,1,0
1321,2022-12-01,BK0001,Introduction to Computer Science,N. Iyer,Computer Science,CSE,2016,67,4,20,0,0,Odd,0,1
1322,2022-12-01,BK0002,Fundamentals of Computer Science,R. Singh,Computer Science,CSE,2016,58,14,32,2,0,Odd,0,1
1323,2022-12-01,BK0003,Computer Science: A Practical Approach,J. Sharma,Computer Science,CSE,2006,69,0,3,0,0,Odd,0,1
1324,2022-12-01,BK0004,Advanced Computer Science,K. Gupta,Computer Science,CSE,2022,28,10,35,0,1,Odd,0,1
1325,2022-12-01,BK0005,Principles of Computer Science,R. Menon,Computer Science,CSE,2008,31,3,10,0,0,Odd,0,1
1326,2022-12-01,BK0006,Computer Science for Engineers,K. Kumar,Computer Science,CSE,2012,40,3,17,1,0,Odd,0,1
1327,2022-12-01,BK0007,Modern Computer Science,R. Menon,Computer Science,CSE,2010,59,2,38,0,0,Odd,0,1
1328,2022-12-01,BK0008,Applied Computer Science,R. Nair,Computer Science,CSE,2007,15,14,44,0,0,Odd,0,1
1329,2022-12-01,BK0009,Computer Science Concepts and Applications,J. Rao,Computer Science,CSE,2021,19,2,9,0,0,Odd,0,1
1330,2022-12-01,BK0010,Essentials of Computer Science,D. Rao,Computer Science,CSE,2017,37,4,8,3,0,Odd,0,1
1331,2022-12-01,BK0011,Computer Science: Theory and Practice,V. Nair,Computer Science,CSE,2020,69,7,30,2,1,Odd,0,1
1332,2022-12-01,BK0012,Understanding Computer Science,N. Khan,Computer Science,CSE,2001,63,15,46,2,0,Odd,0,1
1333,2022-12-01,BK0013,Introduction to Data Science,K. Iyer,Data Science,CSE,2016,42,2,16,0,1,Odd,0,1
1334,2022-12-01,BK0014,Fundamentals of Data Science,R. Menon,Data Science,CSE,2005,69,7,34,1,0,Odd,0,1
1335,2022-12-01,BK0015,Data Science: A Practical Approach,J. Rao,Data Science,CSE,2021,23,7,25,0,1,Odd,0,1
1336,2022-12-01,BK0016,Advanced Data Science,M. Sharma,Data Science,CSE,2003,66,3,32,1,0,Odd,0,1
1337,2022-12-01,BK0017,Principles of Data Science,A. Sharma,Data Science,CSE,1996,16,4,9,1,0,Odd,0,1
1338,2022-12-01,BK0018,Data Science for Engineers,P. Rao,Data Science,CSE,2000,46,5,15,1,0,Odd,0,1
1339,2022-12-01,BK0019,Modern Data Science,N. Iyer,Data Science,CSE,2010,30,2,20,0,0,Odd,0,1
1340,2022-12-01,BK0020,Applied Data Science,A. Gupta,Data Science,CSE,2013,40,5,25,1,1,Odd,0,1
1341,2022-12-01,BK0021,Data Science Concepts and Applications,S. Reddy,Data Science,CSE,2019,39,2,7,0,0,Odd,0,1
1342,2022-12-01,BK0022,Essentials of Data Science,R. Rao,Data Science,CSE,2014,63,5,25,1,0,Odd,0,1
1343,2022-12-01,BK0023,Data Science: Theory and Practice,R. Sharma,Data Science,CSE,2018,47,4,18,2,0,Odd,0,1
1344,2022-12-01,BK0024,Understanding Data Science,V. Iyer,Data Science,CSE,2019,49,18,49,2,1,Odd,0,1
1345,2022-12-01,BK0025,Introduction to Electronics,J. Kumar,Electronics,ECE,2015,62,6,26,3,0,Odd,0,1
1346,2022-12-01,BK0026,Fundamentals of Electronics,K. Singh,Electronics,ECE,2013,36,2,14,0,0,Odd,0,1
1347,2022-12-01,BK0027,Electronics: A Practical Approach,N. Bose,Electronics,ECE,1999,62,13,39,2,0,Odd,0,1
1348,2022-12-01,BK0028,Advanced Electronics,S. Iyer,Electronics,ECE,2015,20,5,17,2,0,Odd,0,1
1349,2022-12-01,BK0029,Principles of Electronics,S. Verma,Electronics,ECE,1997,32,13,30,3,0,Odd,0,1
1350,2022-12-01,BK0030,Electronics for Engineers,J. Menon,Electronics,ECE,2016,37,7,19,1,0,Odd,0,1
1351,2022-12-01,BK0031,Modern Electronics,R. Khan,Electronics,ECE,2020,49,7,12,3,0,Odd,0,1
1352,2022-12-01,BK0032,Applied Electronics,R. Gupta,Electronics,ECE,2002,60,3,9,1,0,Odd,0,1
1353,2022-12-01,BK0033,Electronics Concepts and Applications,S. Rao,Electronics,ECE,2016,36,5,29,1,0,Odd,0,1
1354,2022-12-01,BK0034,Essentials of Electronics,A. Iyer,Electronics,ECE,2022,58,4,22,0,0,Odd,0,1
1355,2022-12-01,BK0035,Electronics: Theory and Practice,M. Rao,Electronics,ECE,2011,33,20,81,3,1,Odd,0,1
1356,2022-12-01,BK0036,Understanding Electronics,D. Rao,Electronics,ECE,1995,15,24,58,8,4,Odd,0,1
1357,2022-12-01,BK0037,Introduction to Mechanical,R. Bose,Mechanical,MECH,2017,17,7,41,1,0,Odd,0,1
1358,2022-12-01,BK0038,Fundamentals of Mechanical,D. Reddy,Mechanical,MECH,2008,66,22,37,6,0,Odd,0,1
1359,2022-12-01,BK0039,Mechanical: A Practical Approach,M. Verma,Mechanical,MECH,2014,45,4,21,0,2,Odd,0,1
1360,2022-12-01,BK0040,Advanced Mechanical,D. Menon,Mechanical,MECH,2010,69,14,37,2,0,Odd,0,1
1361,2022-12-01,BK0041,Principles of Mechanical,R. Sharma,Mechanical,MECH,2005,51,7,24,0,0,Odd,0,1
1362,2022-12-01,BK0042,Mechanical for Engineers,S. Sharma,Mechanical,MECH,1996,65,13,30,2,1,Odd,0,1
1363,2022-12-01,BK0043,Modern Mechanical,R. Reddy,Mechanical,MECH,2020,67,13,36,1,1,Odd,0,1
1364,2022-12-01,BK0044,Applied Mechanical,R. Khan,Mechanical,MECH,2003,38,2,5,0,0,Odd,0,1
1365,2022-12-01,BK0045,Mechanical Concepts and Applications,S. Sharma,Mechanical,MECH,2017,27,4,7,0,0,Odd,0,1
1366,2022-12-01,BK0046,Essentials of Mechanical,N. Gupta,Mechanical,MECH,2007,33,2,23,0,0,Odd,0,1
1367,2022-12-01,BK0047,Mechanical: Theory and Practice,A. Iyer,Mechanical,MECH,1997,26,3,16,0,0,Odd,0,1
1368,2022-12-01,BK0048,Understanding Mechanical,J. Iyer,Mechanical,MECH,2004,53,3,11,1,0,Odd,0,1
1369,2022-12-01,BK0049,Introduction to Civil,D. Nair,Civil,CIVIL,2000,21,9,22,0,0,Odd,0,1
1370,2022-12-01,BK0050,Fundamentals of Civil,V. Menon,Civil,CIVIL,2002,62,15,48,2,0,Odd,0,1
1371,2022-12-01,BK0051,Civil: A Practical Approach,A. Bose,Civil,CIVIL,1997,59,3,16,0,0,Odd,0,1
1372,2022-12-01,BK0052,Advanced Civil,R. Verma,Civil,CIVIL,1997,27,8,16,2,0,Odd,0,1
1373,2022-12-01,BK0053,Principles of Civil,J. Verma,Civil,CIVIL,2015,30,8,26,2,1,Odd,0,1
1374,2022-12-01,BK0054,Civil for Engineers,P. Nair,Civil,CIVIL,2003,63,5,27,3,0,Odd,0,1
1375,2022-12-01,BK0055,Modern Civil,A. Nair,Civil,CIVIL,2018,42,1,7,0,0,Odd,0,1
1376,2022-12-01,BK0056,Applied Civil,M. Singh,Civil,CIVIL,1999,55,16,29,2,0,Odd,0,1
1377,2022-12-01,BK0057,Civil Concepts and Applications,K. Khan,Civil,CIVIL,2023,20,12,17,2,0,Odd,0,1
1378,2022-12-01,BK0058,Essentials of Civil,R. Reddy,Civil,CIVIL,2007,19,24,56,6,5,Odd,0,1
1379,2022-12-01,BK0059,Civil: Theory and Practice,N. Singh,Civil,CIVIL,2021,63,18,38,1,0,Odd,0,1
1380,2022-12-01,BK0060,Understanding Civil,A. Kumar,Civil,CIVIL,1999,45,3,19,0,1,Odd,0,1
1381,2022-12-01,BK0061,Introduction to Mathematics,M. Bose,Mathematics,SCIENCE,1995,65,7,20,0,0,Odd,0,1
1382,2022-12-01,BK0062,Fundamentals of Mathematics,K. Sharma,Mathematics,SCIENCE,1996,68,15,54,2,0,Odd,0,1
1383,2022-12-01,BK0063,Mathematics: A Practical Approach,P. Reddy,Mathematics,SCIENCE,2009,37,9,40,1,0,Odd,0,1
1384,2022-12-01,BK0064,Advanced Mathematics,M. Nair,Mathematics,SCIENCE,2012,48,6,35,0,0,Odd,0,1
1385,2022-12-01,BK0065,Principles of Mathematics,R. Khan,Mathematics,SCIENCE,2011,19,10,20,2,0,Odd,0,1
1386,2022-12-01,BK0066,Mathematics for Engineers,K. Menon,Mathematics,SCIENCE,2015,16,7,4,0,0,Odd,0,1
1387,2022-12-01,BK0067,Modern Mathematics,S. Gupta,Mathematics,SCIENCE,1997,41,17,69,7,0,Odd,0,1
1388,2022-12-01,BK0068,Applied Mathematics,R. Menon,Mathematics,SCIENCE,2000,15,0,11,0,0,Odd,0,1
1389,2022-12-01,BK0069,Mathematics Concepts and Applications,M. Gupta,Mathematics,SCIENCE,2016,61,5,38,1,0,Odd,0,1
1390,2022-12-01,BK0070,Essentials of Mathematics,V. Khan,Mathematics,SCIENCE,2023,66,3,21,0,0,Odd,0,1
1391,2022-12-01,BK0071,Mathematics: Theory and Practice,V. Bose,Mathematics,SCIENCE,1997,61,8,32,1,0,Odd,0,1
1392,2022-12-01,BK0072,Understanding Mathematics,N. Khan,Mathematics,SCIENCE,2019,69,5,16,2,1,Odd,0,1
1393,2022-12-01,BK0073,Introduction to Physics,M. Verma,Physics,SCIENCE,2007,32,0,18,0,0,Odd,0,1
1394,2022-12-01,BK0074,Fundamentals of Physics,K. Bose,Physics,SCIENCE,2000,66,2,12,0,0,Odd,0,1
1395,2022-12-01,BK0075,Physics: A Practical Approach,D. Kumar,Physics,SCIENCE,2010,18,8,24,0,1,Odd,0,1
1396,2022-12-01,BK0076,Advanced Physics,V. Rao,Physics,SCIENCE,2000,16,0,12,0,0,Odd,0,1
1397,2022-12-01,BK0077,Principles of Physics,K. Verma,Physics,SCIENCE,2007,58,5,17,0,0,Odd,0,1
1398,2022-12-01,BK0078,Physics for Engineers,M. Bose,Physics,SCIENCE,1995,40,9,30,0,0,Odd,0,1
1399,2022-12-01,BK0079,Modern Physics,P. Nair,Physics,SCIENCE,2004,58,11,20,2,0,Odd,0,1
1400,2022-12-01,BK0080,Applied Physics,R. Singh,Physics,SCIENCE,2018,52,6,24,1,0,Odd,0,1
1401,2022-12-01,BK0081,Physics Concepts and Applications,N. Reddy,Physics,SCIENCE,2006,49,9,23,2,2,Odd,0,1
1402,2022-12-01,BK0082,Essentials of Physics,S. Sharma,Physics,SCIENCE,2008,44,8,12,1,0,Odd,0,1
1403,2022-12-01,BK0083,Physics: Theory and Practice,S. Nair,Physics,SCIENCE,2002,53,1,13,1,0,Odd,0,1
1404,2022-12-01,BK0084,Understanding Physics,V. Reddy,Physics,SCIENCE,2009,69,1,13,0,1,Odd,0,1
1405,2022-12-01,BK0085,Introduction to Chemistry,R. Nair,Chemistry,SCIENCE,2009,61,4,19,0,0,Odd,0,1
1406,2022-12-01,BK0086,Fundamentals of Chemistry,A. Iyer,Chemistry,SCIENCE,2021,69,9,27,1,0,Odd,0,1
1407,2022-12-01,BK0087,Chemistry: A Practical Approach,A. Iyer,Chemistry,SCIENCE,2018,66,13,20,1,0,Odd,0,1
1408,2022-12-01,BK0088,Advanced Chemistry,V. Singh,Chemistry,SCIENCE,2013,50,10,31,2,0,Odd,0,1
1409,2022-12-01,BK0089,Principles of Chemistry,K. Menon,Chemistry,SCIENCE,2008,57,5,11,1,0,Odd,0,1
1410,2022-12-01,BK0090,Chemistry for Engineers,D. Singh,Chemistry,SCIENCE,1998,62,4,11,1,0,Odd,0,1
1411,2022-12-01,BK0091,Modern Chemistry,K. Nair,Chemistry,SCIENCE,2002,55,9,19,1,0,Odd,0,1
1412,2022-12-01,BK0092,Applied Chemistry,P. Khan,Chemistry,SCIENCE,2019,15,10,47,2,0,Odd,0,1
1413,2022-12-01,BK0093,Chemistry Concepts and Applications,P. Rao,Chemistry,SCIENCE,1997,66,10,24,2,0,Odd,0,1
1414,2022-12-01,BK0094,Essentials of Chemistry,J. Menon,Chemistry,SCIENCE,2005,58,3,3,0,0,Odd,0,1
1415,2022-12-01,BK0095,Chemistry: Theory and Practice,S. Bose,Chemistry,SCIENCE,2022,64,6,28,1,0,Odd,0,1
1416,2022-12-01,BK0096,Understanding Chemistry,M. Sharma,Chemistry,SCIENCE,2023,54,5,10,0,1,Odd,0,1
1417,2022-12-01,BK0097,Introduction to Business Management,A. Rao,Business Management,MBA,2007,43,6,17,0,0,Odd,0,1
1418,2022-12-01,BK0098,Fundamentals of Business Management,V. Reddy,Business Management,MBA,2012,44,12,24,2,0,Odd,0,1
1419,2022-12-01,BK0099,Business Management: A Practical Approach,P. Reddy,Business Management,MBA,2022,47,6,15,1,0,Odd,0,1
1420,2022-12-01,BK0100,Advanced Business Management,N. Rao,Business Management,MBA,2018,37,0,13,0,0,Odd,0,1
1421,2022-12-01,BK0101,Principles of Business Management,V. Bose,Business Management,MBA,2018,60,7,30,2,1,Odd,0,1
1422,2022-12-01,BK0102,Business Management for Engineers,K. Iyer,Business Management,MBA,2001,47,4,6,0,0,Odd,0,1
1423,2022-12-01,BK0103,Modern Business Management,N. Nair,Business Management,MBA,2017,69,2,6,1,0,Odd,0,1
1424,2022-12-01,BK0104,Applied Business Management,K. Nair,Business Management,MBA,2020,36,12,58,2,1,Odd,0,1
1425,2022-12-01,BK0105,Business Management Concepts and Applications,V. Sharma,Business Management,MBA,2002,16,3,15,0,0,Odd,0,1
1426,2022-12-01,BK0106,Essentials of Business Management,J. Rao,Business Management,MBA,1996,37,13,29,2,1,Odd,0,1
1427,2022-12-01,BK0107,Business Management: Theory and Practice,M. Khan,Business Management,MBA,2006,37,4,10,0,0,Odd,0,1
1428,2022-12-01,BK0108,Understanding Business Management,M. Menon,Business Management,MBA,2007,67,7,41,1,0,Odd,0,1
1429,2022-12-01,BK0109,Introduction to English Literature,N. Menon,English Literature,HUMANITIES,2013,67,7,12,1,0,Odd,0,1
1430,2022-12-01,BK0110,Fundamentals of English Literature,K. Reddy,English Literature,HUMANITIES,2001,54,6,20,2,0,Odd,0,1
1431,2022-12-01,BK0111,English Literature: A Practical Approach,S. Bose,English Literature,HUMANITIES,1997,66,16,44,3,0,Odd,0,1
1432,2022-12-01,BK0112,Advanced English Literature,A. Khan,English Literature,HUMANITIES,2011,15,4,16,0,0,Odd,0,1
1433,2022-12-01,BK0113,Principles of English Literature,J. Khan,English Literature,HUMANITIES,2006,33,4,7,1,1,Odd,0,1
1434,2022-12-01,BK0114,English Literature for Engineers,M. Verma,English Literature,HUMANITIES,2006,30,18,45,2,0,Odd,0,1
1435,2022-12-01,BK0115,Modern English Literature,V. Reddy,English Literature,HUMANITIES,2009,40,12,25,0,1,Odd,0,1
1436,2022-12-01,BK0116,Applied English Literature,J. Menon,English Literature,HUMANITIES,2020,21,8,20,0,1,Odd,0,1
1437,2022-12-01,BK0117,English Literature Concepts and Applications,M. Rao,English Literature,HUMANITIES,2012,56,9,26,1,0,Odd,0,1
1438,2022-12-01,BK0118,Essentials of English Literature,N. Sharma,English Literature,HUMANITIES,2005,54,5,11,1,1,Odd,0,1
1439,2022-12-01,BK0119,English Literature: Theory and Practice,D. Rao,English Literature,HUMANITIES,2007,56,14,28,1,0,Odd,0,1
1440,2022-12-01,BK0120,Understanding English Literature,R. Rao,English Literature,HUMANITIES,1997,53,1,4,0,0,Odd,0,1
1441,2023-01-01,BK0001,Introduction to Computer Science,N. Iyer,Computer Science,CSE,2016,67,15,1,2,0,Even,0,0
1442,2023-01-01,BK0002,Fundamentals of Computer Science,R. Singh,Computer Science,CSE,2016,58,18,12,2,0,Even,0,0
1443,2023-01-01,BK0003,Computer Science: A Practical Approach,J. Sharma,Computer Science,CSE,2006,69,3,0,0,1,Even,0,0
1444,2023-01-01,BK0004,Advanced Computer Science,K. Gupta,Computer Science,CSE,2022,28,22,10,2,2,Even,0,0
1445,2023-01-01,BK0005,Principles of Computer Science,R. Menon,Computer Science,CSE,2008,31,9,3,1,0,Even,0,0
1446,2023-01-01,BK0006,Computer Science for Engineers,K. Kumar,Computer Science,CSE,2012,40,6,2,0,0,Even,0,0
1447,2023-01-01,BK0007,Modern Computer Science,R. Menon,Computer Science,CSE,2010,59,26,1,5,0,Even,0,0
1448,2023-01-01,BK0008,Applied Computer Science,R. Nair,Computer Science,CSE,2007,15,21,12,2,2,Even,0,0
1449,2023-01-01,BK0009,Computer Science Concepts and Applications,J. Rao,Computer Science,CSE,2021,19,10,0,0,0,Even,0,0
1450,2023-01-01,BK0010,Essentials of Computer Science,D. Rao,Computer Science,CSE,2017,37,4,4,1,0,Even,0,0
1451,2023-01-01,BK0011,Computer Science: Theory and Practice,V. Nair,Computer Science,CSE,2020,69,26,6,2,1,Even,0,0
1452,2023-01-01,BK0012,Understanding Computer Science,N. Khan,Computer Science,CSE,2001,63,19,11,3,0,Even,0,0
1453,2023-01-01,BK0013,Introduction to Data Science,K. Iyer,Data Science,CSE,2016,42,16,1,5,0,Even,0,0
1454,2023-01-01,BK0014,Fundamentals of Data Science,R. Menon,Data Science,CSE,2005,69,14,5,1,0,Even,0,0
1455,2023-01-01,BK0015,Data Science: A Practical Approach,J. Rao,Data Science,CSE,2021,23,12,7,1,1,Even,0,0
1456,2023-01-01,BK0016,Advanced Data Science,M. Sharma,Data Science,CSE,2003,66,19,2,4,0,Even,0,0
1457,2023-01-01,BK0017,Principles of Data Science,A. Sharma,Data Science,CSE,1996,16,12,4,2,1,Even,0,0
1458,2023-01-01,BK0018,Data Science for Engineers,P. Rao,Data Science,CSE,2000,46,13,5,2,0,Even,0,0
1459,2023-01-01,BK0019,Modern Data Science,N. Iyer,Data Science,CSE,2010,30,20,1,1,0,Even,0,0
1460,2023-01-01,BK0020,Applied Data Science,A. Gupta,Data Science,CSE,2013,40,16,3,1,0,Even,0,0
1461,2023-01-01,BK0021,Data Science Concepts and Applications,S. Reddy,Data Science,CSE,2019,39,6,1,2,1,Even,0,0
1462,2023-01-01,BK0022,Essentials of Data Science,R. Rao,Data Science,CSE,2014,63,19,5,3,1,Even,0,0
1463,2023-01-01,BK0023,Data Science: Theory and Practice,R. Sharma,Data Science,CSE,2018,47,15,3,6,0,Even,0,0
1464,2023-01-01,BK0024,Understanding Data Science,V. Iyer,Data Science,CSE,2019,49,42,15,8,0,Even,0,0
1465,2023-01-01,BK0025,Introduction to Electronics,J. Kumar,Electronics,ECE,2015,62,17,6,1,0,Even,0,0
1466,2023-01-01,BK0026,Fundamentals of Electronics,K. Singh,Electronics,ECE,2013,36,5,2,0,3,Even,0,0
1467,2023-01-01,BK0027,Electronics: A Practical Approach,N. Bose,Electronics,ECE,1999,62,28,12,4,0,Even,0,0
1468,2023-01-01,BK0028,Advanced Electronics,S. Iyer,Electronics,ECE,2015,20,18,4,3,0,Even,0,0
1469,2023-01-01,BK0029,Principles of Electronics,S. Verma,Electronics,ECE,1997,32,26,11,4,0,Even,0,0
1470,2023-01-01,BK0030,Electronics for Engineers,J. Menon,Electronics,ECE,2016,37,12,6,3,0,Even,0,0
1471,2023-01-01,BK0031,Modern Electronics,R. Khan,Electronics,ECE,2020,49,6,7,1,0,Even,0,0
1472,2023-01-01,BK0032,Applied Electronics,R. Gupta,Electronics,ECE,2002,60,8,3,1,1,Even,0,0
1473,2023-01-01,BK0033,Electronics Concepts and Applications,S. Rao,Electronics,ECE,2016,36,19,5,4,0,Even,0,0
1474,2023-01-01,BK0034,Essentials of Electronics,A. Iyer,Electronics,ECE,2022,58,9,4,0,0,Even,0,0
1475,2023-01-01,BK0035,Electronics: Theory and Practice,M. Rao,Electronics,ECE,2011,33,56,19,11,16,Even,0,0
1476,2023-01-01,BK0036,Understanding Electronics,D. Rao,Electronics,ECE,1995,15,38,21,2,8,Even,0,0
1477,2023-01-01,BK0037,Introduction to Mechanical,R. Bose,Mechanical,MECH,2017,17,29,5,4,9,Even,0,0
1478,2023-01-01,BK0038,Fundamentals of Mechanical,D. Reddy,Mechanical,MECH,2008,66,44,20,4,0,Even,0,0
1479,2023-01-01,BK0039,Mechanical: A Practical Approach,M. Verma,Mechanical,MECH,2014,45,10,2,2,0,Even,0,0
1480,2023-01-01,BK0040,Advanced Mechanical,D. Menon,Mechanical,MECH,2010,69,32,11,4,0,Even,0,0
1481,2023-01-01,BK0041,Principles of Mechanical,R. Sharma,Mechanical,MECH,2005,51,20,6,5,0,Even,0,0
1482,2023-01-01,BK0042,Mechanical for Engineers,S. Sharma,Mechanical,MECH,1996,65,30,13,2,1,Even,0,0
1483,2023-01-01,BK0043,Modern Mechanical,R. Reddy,Mechanical,MECH,2020,67,37,9,8,0,Even,0,0
1484,2023-01-01,BK0044,Applied Mechanical,R. Khan,Mechanical,MECH,2003,38,8,1,1,0,Even,0,0
1485,2023-01-01,BK0045,Mechanical Concepts and Applications,S. Sharma,Mechanical,MECH,2017,27,12,4,2,0,Even,0,0
1486,2023-01-01,BK0046,Essentials of Mechanical,N. Gupta,Mechanical,MECH,2007,33,25,1,2,0,Even,0,0
1487,2023-01-01,BK0047,Mechanical: Theory and Practice,A. Iyer,Mechanical,MECH,1997,26,11,2,1,0,Even,0,0
1488,2023-01-01,BK0048,Understanding Mechanical,J. Iyer,Mechanical,MECH,2004,53,12,2,0,0,Even,0,0
1489,2023-01-01,BK0049,Introduction to Civil,D. Nair,Civil,CIVIL,2000,21,22,9,4,2,Even,0,0
1490,2023-01-01,BK0050,Fundamentals of Civil,V. Menon,Civil,CIVIL,2002,62,38,13,4,0,Even,0,0
1491,2023-01-01,BK0051,Civil: A Practical Approach,A. Bose,Civil,CIVIL,1997,59,5,2,0,0,Even,0,0
1492,2023-01-01,BK0052,Advanced Civil,R. Verma,Civil,CIVIL,1997,27,7,8,1,1,Even,0,0
1493,2023-01-01,BK0053,Principles of Civil,J. Verma,Civil,CIVIL,2015,30,26,6,1,0,Even,0,0
1494,2023-01-01,BK0054,Civil for Engineers,P. Nair,Civil,CIVIL,2003,63,17,5,4,0,Even,0,0
1495,2023-01-01,BK0055,Modern Civil,A. Nair,Civil,CIVIL,2018,42,10,0,0,0,Even,0,0
1496,2023-01-01,BK0056,Applied Civil,M. Singh,Civil,CIVIL,1999,55,27,15,4,0,Even,0,0
1497,2023-01-01,BK0057,Civil Concepts and Applications,K. Khan,Civil,CIVIL,2023,20,17,11,6,1,Even,0,0
1498,2023-01-01,BK0058,Essentials of Civil,R. Reddy,Civil,CIVIL,2007,19,55,18,6,16,Even,0,0
1499,2023-01-01,BK0059,Civil: Theory and Practice,N. Singh,Civil,CIVIL,2021,63,40,14,5,1,Even,0,0
1500,2023-01-01,BK0060,Understanding Civil,A. Kumar,Civil,CIVIL,1999,45,12,3,2,0,Even,0,0
1501,2023-01-01,BK0061,Introduction to Mathematics,M. Bose,Mathematics,SCIENCE,1995,65,19,7,5,1,Even,0,0
1502,2023-01-01,BK0062,Fundamentals of Mathematics,K. Sharma,Mathematics,SCIENCE,1996,68,27,13,4,1,Even,0,0
1503,2023-01-01,BK0063,Mathematics: A Practical Approach,P. Reddy,Mathematics,SCIENCE,2009,37,29,6,6,0,Even,0,0
1504,2023-01-01,BK0064,Advanced Mathematics,M. Nair,Mathematics,SCIENCE,2012,48,19,4,1,1,Even,0,0
1505,2023-01-01,BK0065,Principles of Mathematics,R. Khan,Mathematics,SCIENCE,2011,19,13,8,3,0,Even,0,0
1506,2023-01-01,BK0066,Mathematics for Engineers,K. Menon,Mathematics,SCIENCE,2015,16,6,6,0,0,Even,0,0
1507,2023-01-01,BK0067,Modern Mathematics,S. Gupta,Mathematics,SCIENCE,1997,41,39,14,8,0,Even,0,0
1508,2023-01-01,BK0068,Applied Mathematics,R. Menon,Mathematics,SCIENCE,2000,15,13,0,1,0,Even,0,0
1509,2023-01-01,BK0069,Mathematics Concepts and Applications,M. Gupta,Mathematics,SCIENCE,2016,61,27,3,8,0,Even,0,0
1510,2023-01-01,BK0070,Essentials of Mathematics,V. Khan,Mathematics,SCIENCE,2023,66,12,1,3,2,Even,0,0
1511,2023-01-01,BK0071,Mathematics: Theory and Practice,V. Bose,Mathematics,SCIENCE,1997,61,29,8,5,0,Even,0,0
1512,2023-01-01,BK0072,Understanding Mathematics,N. Khan,Mathematics,SCIENCE,2019,69,17,5,0,0,Even,0,0
1513,2023-01-01,BK0073,Introduction to Physics,M. Verma,Physics,SCIENCE,2007,32,11,0,1,0,Even,0,0
1514,2023-01-01,BK0074,Fundamentals of Physics,K. Bose,Physics,SCIENCE,2000,66,7,2,1,0,Even,0,0
1515,2023-01-01,BK0075,Physics: A Practical Approach,D. Kumar,Physics,SCIENCE,2010,18,17,6,0,1,Even,0,0
1516,2023-01-01,BK0076,Advanced Physics,V. Rao,Physics,SCIENCE,2000,16,4,0,0,1,Even,0,0
1517,2023-01-01,BK0077,Principles of Physics,K. Verma,Physics,SCIENCE,2007,58,12,5,2,0,Even,0,0
1518,2023-01-01,BK0078,Physics for Engineers,M. Bose,Physics,SCIENCE,1995,40,23,8,4,0,Even,0,0
1519,2023-01-01,BK0079,Modern Physics,P. Nair,Physics,SCIENCE,2004,58,15,8,3,0,Even,0,0
1520,2023-01-01,BK0080,Applied Physics,R. Singh,Physics,SCIENCE,2018,52,17,3,0,0,Even,0,0
1521,2023-01-01,BK0081,Physics Concepts and Applications,N. Reddy,Physics,SCIENCE,2006,49,29,7,8,0,Even,0,0
1522,2023-01-01,BK0082,Essentials of Physics,S. Sharma,Physics,SCIENCE,2008,44,11,7,5,0,Even,0,0
1523,2023-01-01,BK0083,Physics: Theory and Practice,S. Nair,Physics,SCIENCE,2002,53,12,1,1,1,Even,0,0
1524,2023-01-01,BK0084,Understanding Physics,V. Reddy,Physics,SCIENCE,2009,69,12,1,4,0,Even,0,0
1525,2023-01-01,BK0085,Introduction to Chemistry,R. Nair,Chemistry,SCIENCE,2009,61,16,4,2,2,Even,0,0
1526,2023-01-01,BK0086,Fundamentals of Chemistry,A. Iyer,Chemistry,SCIENCE,2021,69,24,9,5,2,Even,0,0
1527,2023-01-01,BK0087,Chemistry: A Practical Approach,A. Iyer,Chemistry,SCIENCE,2018,66,30,11,4,3,Even,0,0
1528,2023-01-01,BK0088,Advanced Chemistry,V. Singh,Chemistry,SCIENCE,2013,50,18,8,3,0,Even,0,0
1529,2023-01-01,BK0089,Principles of Chemistry,K. Menon,Chemistry,SCIENCE,2008,57,3,5,1,1,Even,0,0
1530,2023-01-01,BK0090,Chemistry for Engineers,D. Singh,Chemistry,SCIENCE,1998,62,9,4,0,2,Even,0,0
1531,2023-01-01,BK0091,Modern Chemistry,K. Nair,Chemistry,SCIENCE,2002,55,18,8,4,0,Even,0,0
1532,2023-01-01,BK0092,Applied Chemistry,P. Khan,Chemistry,SCIENCE,2019,15,36,9,4,5,Even,0,0
1533,2023-01-01,BK0093,Chemistry Concepts and Applications,P. Rao,Chemistry,SCIENCE,1997,66,21,6,5,1,Even,0,0
1534,2023-01-01,BK0094,Essentials of Chemistry,J. Menon,Chemistry,SCIENCE,2005,58,6,2,0,0,Even,0,0
1535,2023-01-01,BK0095,Chemistry: Theory and Practice,S. Bose,Chemistry,SCIENCE,2022,64,17,6,4,1,Even,0,0
1536,2023-01-01,BK0096,Understanding Chemistry,M. Sharma,Chemistry,SCIENCE,2023,54,6,4,0,0,Even,0,0
1537,2023-01-01,BK0097,Introduction to Business Management,A. Rao,Business Management,MBA,2007,43,15,5,1,0,Even,0,0
1538,2023-01-01,BK0098,Fundamentals of Business Management,V. Reddy,Business Management,MBA,2012,44,13,10,2,0,Even,0,0
1539,2023-01-01,BK0099,Business Management: A Practical Approach,P. Reddy,Business Management,MBA,2022,47,8,6,1,0,Even,0,0
1540,2023-01-01,BK0100,Advanced Business Management,N. Rao,Business Management,MBA,2018,37,9,0,2,0,Even,0,0
1541,2023-01-01,BK0101,Principles of Business Management,V. Bose,Business Management,MBA,2018,60,26,4,5,0,Even,0,0
1542,2023-01-01,BK0102,Business Management for Engineers,K. Iyer,Business Management,MBA,2001,47,6,4,1,0,Even,0,0
1543,2023-01-01,BK0103,Modern Business Management,N. Nair,Business Management,MBA,2017,69,5,2,1,0,Even,0,0
1544,2023-01-01,BK0104,Applied Business Management,K. Nair,Business Management,MBA,2020,36,42,10,8,1,Even,0,0
1545,2023-01-01,BK0105,Business Management Concepts and Applications,V. Sharma,Business Management,MBA,2002,16,15,3,2,1,Even,0,0
1546,2023-01-01,BK0106,Essentials of Business Management,J. Rao,Business Management,MBA,1996,37,27,10,6,2,Even,0,0
1547,2023-01-01,BK0107,Business Management: Theory and Practice,M. Khan,Business Management,MBA,2006,37,15,4,2,0,Even,0,0
1548,2023-01-01,BK0108,Understanding Business Management,M. Menon,Business Management,MBA,2007,67,37,6,4,0,Even,0,0
1549,2023-01-01,BK0109,Introduction to English Literature,N. Menon,English Literature,HUMANITIES,2013,67,19,6,2,0,Even,0,0
1550,2023-01-01,BK0110,Fundamentals of English Literature,K. Reddy,English Literature,HUMANITIES,2001,54,11,4,1,0,Even,0,0
1551,2023-01-01,BK0111,English Literature: A Practical Approach,S. Bose,English Literature,HUMANITIES,1997,66,46,13,6,0,Even,0,0
1552,2023-01-01,BK0112,Advanced English Literature,A. Khan,English Literature,HUMANITIES,2011,15,13,3,4,0,Even,0,0
1553,2023-01-01,BK0113,Principles of English Literature,J. Khan,English Literature,HUMANITIES,2006,33,12,4,1,0,Even,0,0
1554,2023-01-01,BK0114,English Literature for Engineers,M. Verma,English Literature,HUMANITIES,2006,30,46,11,9,12,Even,0,0
1555,2023-01-01,BK0115,Modern English Literature,V. Reddy,English Literature,HUMANITIES,2009,40,23,11,4,0,Even,0,0
1556,2023-01-01,BK0116,Applied English Literature,J. Menon,English Literature,HUMANITIES,2020,21,21,7,5,0,Even,0,0
1557,2023-01-01,BK0117,English Literature Concepts and Applications,M. Rao,English Literature,HUMANITIES,2012,56,28,7,5,0,Even,0,0
1558,2023-01-01,BK0118,Essentials of English Literature,N. Sharma,English Literature,HUMANITIES,2005,54,10,5,1,0,Even,0,0
1559,2023-01-01,BK0119,English Literature: Theory and Practice,D. Rao,English Literature,HUMANITIES,2007,56,39,12,3,1,Even,0,0
1560,2023-01-01,BK0120,Understanding English Literature,R. Rao,English Literature,HUMANITIES,1997,53,5,1,1,1,Even,0,0
1561,2023-02-01,BK0001,Introduction to Computer Science,N. Iyer,Computer Science,CSE,2016,67,16,11,1,0,Even,0,0
1562,2023-02-01,BK0002,Fundamentals of Computer Science,R. Singh,Computer Science,CSE,2016,58,25,16,4,0,Even,0,0
1563,2023-02-01,BK0003,Computer Science: A Practical Approach,J. Sharma,Computer Science,CSE,2006,69,1,3,0,0,Even,0,0
1564,2023-02-01,BK0004,Advanced Computer Science,K. Gupta,Computer Science,CSE,2022,28,15,17,4,0,Even,0,0
1565,2023-02-01,BK0005,Principles of Computer Science,R. Menon,Computer Science,CSE,2008,31,9,8,1,1,Even,0,0
1566,2023-02-01,BK0006,Computer Science for Engineers,K. Kumar,Computer Science,CSE,2012,40,11,6,2,0,Even,0,0
1567,2023-02-01,BK0007,Modern Computer Science,R. Menon,Computer Science,CSE,2010,59,28,20,5,0,Even,0,0
1568,2023-02-01,BK0008,Applied Computer Science,R. Nair,Computer Science,CSE,2007,15,27,18,2,3,Even,0,0
1569,2023-02-01,BK0009,Computer Science Concepts and Applications,J. Rao,Computer Science,CSE,2021,19,4,10,0,1,Even,0,0
1570,2023-02-01,BK0010,Essentials of Computer Science,D. Rao,Computer Science,CSE,2017,37,5,4,1,0,Even,0,0
1571,2023-02-01,BK0011,Computer Science: Theory and Practice,V. Nair,Computer Science,CSE,2020,69,14,22,0,0,Even,0,0
1572,2023-02-01,BK0012,Understanding Computer Science,N. Khan,Computer Science,CSE,2001,63,34,14,5,0,Even,0,0
1573,2023-02-01,BK0013,Introduction to Data Science,K. Iyer,Data Science,CSE,2016,42,13,12,2,0,Even,0,0
1574,2023-02-01,BK0014,Fundamentals of Data Science,R. Menon,Data Science,CSE,2005,69,28,10,2,0,Even,0,0
1575,2023-02-01,BK0015,Data Science: A Practical Approach,J. Rao,Data Science,CSE,2021,23,14,10,2,1,Even,0,0
1576,2023-02-01,BK0016,Advanced Data Science,M. Sharma,Data Science,CSE,2003,66,19,14,1,0,Even,0,0
1577,2023-02-01,BK0017,Principles of Data Science,A. Sharma,Data Science,CSE,1996,16,10,7,2,0,Even,0,0
1578,2023-02-01,BK0018,Data Science for Engineers,P. Rao,Data Science,CSE,2000,46,6,10,0,0,Even,0,0
1579,2023-02-01,BK0019,Modern Data Science,N. Iyer,Data Science,CSE,2010,30,17,17,0,0,Even,0,0
1580,2023-02-01,BK0020,Applied Data Science,A. Gupta,Data Science,CSE,2013,40,11,13,1,0,Even,0,0
1581,2023-02-01,BK0021,Data Science Concepts and Applications,S. Reddy,Data Science,CSE,2019,39,5,5,0,0,Even,0,0
1582,2023-02-01,BK0022,Essentials of Data Science,R. Rao,Data Science,CSE,2014,63,16,17,2,0,Even,0,0
1583,2023-02-01,BK0023,Data Science: Theory and Practice,R. Sharma,Data Science,CSE,2018,47,11,12,4,1,Even,0,0
1584,2023-02-01,BK0024,Understanding Data Science,V. Iyer,Data Science,CSE,2019,49,27,40,4,1,Even,0,0
1585,2023-02-01,BK0025,Introduction to Electronics,J. Kumar,Electronics,ECE,2015,62,18,16,2,0,Even,0,0
1586,2023-02-01,BK0026,Fundamentals of Electronics,K. Singh,Electronics,ECE,2013,36,12,4,1,0,Even,0,0
1587,2023-02-01,BK0027,Electronics: A Practical Approach,N. Bose,Electronics,ECE,1999,62,23,22,4,0,Even,0,0
1588,2023-02-01,BK0028,Advanced Electronics,S. Iyer,Electronics,ECE,2015,20,18,17,1,0,Even,0,0
1589,2023-02-01,BK0029,Principles of Electronics,S. Verma,Electronics,ECE,1997,32,23,24,2,0,Even,0,0
1590,2023-02-01,BK0030,Electronics for Engineers,J. Menon,Electronics,ECE,2016,37,14,10,2,0,Even,0,0
1591,2023-02-01,BK0031,Modern Electronics,R. Khan,Electronics,ECE,2020,49,7,5,0,1,Even,0,0
1592,2023-02-01,BK0032,Applied Electronics,R. Gupta,Electronics,ECE,2002,60,10,7,2,0,Even,0,0
1593,2023-02-01,BK0033,Electronics Concepts and Applications,S. Rao,Electronics,ECE,2016,36,11,16,5,0,Even,0,0
1594,2023-02-01,BK0034,Essentials of Electronics,A. Iyer,Electronics,ECE,2022,58,10,7,2,0,Even,0,0
1595,2023-02-01,BK0035,Electronics: Theory and Practice,M. Rao,Electronics,ECE,2011,33,68,47,10,18,Even,0,0
1596,2023-02-01,BK0036,Understanding Electronics,D. Rao,Electronics,ECE,1995,15,49,34,10,12,Even,0,0
1597,2023-02-01,BK0037,Introduction to Mechanical,R. Bose,Mechanical,MECH,2017,17,28,23,5,4,Even,0,0
1598,2023-02-01,BK0038,Fundamentals of Mechanical,D. Reddy,Mechanical,MECH,2008,66,30,35,8,2,Even,0,0
1599,2023-02-01,BK0039,Mechanical: A Practical Approach,M. Verma,Mechanical,MECH,2014,45,16,8,2,1,Even,0,0
1600,2023-02-01,BK0040,Advanced Mechanical,D. Menon,Mechanical,MECH,2010,69,19,29,6,0,Even,0,0
1601,2023-02-01,BK0041,Principles of Mechanical,R. Sharma,Mechanical,MECH,2005,51,21,18,3,1,Even,0,0
1602,2023-02-01,BK0042,Mechanical for Engineers,S. Sharma,Mechanical,MECH,1996,65,40,27,3,1,Even,0,0
1603,2023-02-01,BK0043,Modern Mechanical,R. Reddy,Mechanical,MECH,2020,67,23,32,4,0,Even,0,0
1604,2023-02-01,BK0044,Applied Mechanical,R. Khan,Mechanical,MECH,2003,38,6,6,0,1,Even,0,0
1605,2023-02-01,BK0045,Mechanical Concepts and Applications,S. Sharma,Mechanical,MECH,2017,27,11,11,2,0,Even,0,0
1606,2023-02-01,BK0046,Essentials of Mechanical,N. Gupta,Mechanical,MECH,2007,33,14,23,3,0,Even,0,0
1607,2023-02-01,BK0047,Mechanical: Theory and Practice,A. Iyer,Mechanical,MECH,1997,26,15,9,4,0,Even,0,0
1608,2023-02-01,BK0048,Understanding Mechanical,J. Iyer,Mechanical,MECH,2004,53,12,12,0,0,Even,0,0
1609,2023-02-01,BK0049,Introduction to Civil,D. Nair,Civil,CIVIL,2000,21,20,17,3,0,Even,0,0
1610,2023-02-01,BK0050,Fundamentals of Civil,V. Menon,Civil,CIVIL,2002,62,34,32,2,0,Even,0,0
1611,2023-02-01,BK0051,Civil: A Practical Approach,A. Bose,Civil,CIVIL,1997,59,11,5,1,0,Even,0,0
1612,2023-02-01,BK0052,Advanced Civil,R. Verma,Civil,CIVIL,1997,27,9,5,1,0,Even,0,0
1613,2023-02-01,BK0053,Principles of Civil,J. Verma,Civil,CIVIL,2015,30,12,22,0,0,Even,0,0
1614,2023-02-01,BK0054,Civil for Engineers,P. Nair,Civil,CIVIL,2003,63,11,14,0,0,Even,0,0
1615,2023-02-01,BK0055,Modern Civil,A. Nair,Civil,CIVIL,2018,42,4,9,1,0,Even,0,0
1616,2023-02-01,BK0056,Applied Civil,M. Singh,Civil,CIVIL,1999,55,33,25,4,1,Even,0,0
1617,2023-02-01,BK0057,Civil Concepts and Applications,K. Khan,Civil,CIVIL,2023,20,25,12,7,1,Even,0,0
1618,2023-02-01,BK0058,Essentials of Civil,R. Reddy,Civil,CIVIL,2007,19,44,45,9,9,Even,0,0
1619,2023-02-01,BK0059,Civil: Theory and Practice,N. Singh,Civil,CIVIL,2021,63,47,32,6,0,Even,0,0
1620,2023-02-01,BK0060,Understanding Civil,A. Kumar,Civil,CIVIL,1999,45,12,8,1,0,Even,0,0
1621,2023-02-01,BK0061,Introduction to Mathematics,M. Bose,Mathematics,SCIENCE,1995,65,18,15,3,0,Even,0,0
1622,2023-02-01,BK0062,Fundamentals of Mathematics,K. Sharma,Mathematics,SCIENCE,1996,68,21,24,5,0,Even,0,0
1623,2023-02-01,BK0063,Mathematics: A Practical Approach,P. Reddy,Mathematics,SCIENCE,2009,37,33,25,4,0,Even,0,0
1624,2023-02-01,BK0064,Advanced Mathematics,M. Nair,Mathematics,SCIENCE,2012,48,14,17,3,0,Even,0,0
1625,2023-02-01,BK0065,Principles of Mathematics,R. Khan,Mathematics,SCIENCE,2011,19,15,8,2,0,Even,0,0
1626,2023-02-01,BK0066,Mathematics for Engineers,K. Menon,Mathematics,SCIENCE,2015,16,9,6,2,0,Even,0,0
1627,2023-02-01,BK0067,Modern Mathematics,S. Gupta,Mathematics,SCIENCE,1997,41,46,34,5,3,Even,0,0
1628,2023-02-01,BK0068,Applied Mathematics,R. Menon,Mathematics,SCIENCE,2000,15,8,12,4,0,Even,0,0
1629,2023-02-01,BK0069,Mathematics Concepts and Applications,M. Gupta,Mathematics,SCIENCE,2016,61,24,24,2,2,Even,0,0
1630,2023-02-01,BK0070,Essentials of Mathematics,V. Khan,Mathematics,SCIENCE,2023,66,21,12,4,0,Even,0,0
1631,2023-02-01,BK0071,Mathematics: Theory and Practice,V. Bose,Mathematics,SCIENCE,1997,61,21,21,5,1,Even,0,0
1632,2023-02-01,BK0072,Understanding Mathematics,N. Khan,Mathematics,SCIENCE,2019,69,15,11,0,0,Even,0,0
1633,2023-02-01,BK0073,Introduction to Physics,M. Verma,Physics,SCIENCE,2007,32,10,9,1,0,Even,0,0
1634,2023-02-01,BK0074,Fundamentals of Physics,K. Bose,Physics,SCIENCE,2000,66,4,7,0,0,Even,0,0
1635,2023-02-01,BK0075,Physics: A Practical Approach,D. Kumar,Physics,SCIENCE,2010,18,15,14,1,0,Even,0,0
1636,2023-02-01,BK0076,Advanced Physics,V. Rao,Physics,SCIENCE,2000,16,7,3,1,2,Even,0,0
1637,2023-02-01,BK0077,Principles of Physics,K. Verma,Physics,SCIENCE,2007,58,17,11,3,0,Even,0,0
1638,2023-02-01,BK0078,Physics for Engineers,M. Bose,Physics,SCIENCE,1995,40,19,21,3,0,Even,0,0
1639,2023-02-01,BK0079,Modern Physics,P. Nair,Physics,SCIENCE,2004,58,28,13,2,0,Even,0,0
1640,2023-02-01,BK0080,Applied Physics,R. Singh,Physics,SCIENCE,2018,52,28,15,2,0,Even,0,0
1641,2023-02-01,BK0081,Physics Concepts and Applications,N. Reddy,Physics,SCIENCE,2006,49,22,26,4,0,Even,0,0
1642,2023-02-01,BK0082,Essentials of Physics,S. Sharma,Physics,SCIENCE,2008,44,12,10,2,1,Even,0,0
1643,2023-02-01,BK0083,Physics: Theory and Practice,S. Nair,Physics,SCIENCE,2002,53,16,10,3,0,Even,0,0
1644,2023-02-01,BK0084,Understanding Physics,V. Reddy,Physics,SCIENCE,2009,69,13,11,2,0,Even,0,0
1645,2023-02-01,BK0085,Introduction to Chemistry,R. Nair,Chemistry,SCIENCE,2009,61,29,14,5,2,Even,0,0
1646,2023-02-01,BK0086,Fundamentals of Chemistry,A. Iyer,Chemistry,SCIENCE,2021,69,15,21,6,0,Even,0,0
1647,2023-02-01,BK0087,Chemistry: A Practical Approach,A. Iyer,Chemistry,SCIENCE,2018,66,27,26,6,0,Even,0,0
1648,2023-02-01,BK0088,Advanced Chemistry,V. Singh,Chemistry,SCIENCE,2013,50,22,16,4,0,Even,0,0
1649,2023-02-01,BK0089,Principles of Chemistry,K. Menon,Chemistry,SCIENCE,2008,57,8,2,1,0,Even,0,0
1650,2023-02-01,BK0090,Chemistry for Engineers,D. Singh,Chemistry,SCIENCE,1998,62,7,6,0,0,Even,0,0
1651,2023-02-01,BK0091,Modern Chemistry,K. Nair,Chemistry,SCIENCE,2002,55,15,16,1,1,Even,0,0
1652,2023-02-01,BK0092,Applied Chemistry,P. Khan,Chemistry,SCIENCE,2019,15,24,32,3,6,Even,0,0
1653,2023-02-01,BK0093,Chemistry Concepts and Applications,P. Rao,Chemistry,SCIENCE,1997,66,20,19,3,0,Even,0,0
1654,2023-02-01,BK0094,Essentials of Chemistry,J. Menon,Chemistry,SCIENCE,2005,58,3,3,0,2,Even,0,0
1655,2023-02-01,BK0095,Chemistry: Theory and Practice,S. Bose,Chemistry,SCIENCE,2022,64,11,15,1,0,Even,0,0
1656,2023-02-01,BK0096,Understanding Chemistry,M. Sharma,Chemistry,SCIENCE,2023,54,6,5,3,0,Even,0,0
1657,2023-02-01,BK0097,Introduction to Business Management,A. Rao,Business Management,MBA,2007,43,14,11,2,0,Even,0,0
1658,2023-02-01,BK0098,Fundamentals of Business Management,V. Reddy,Business Management,MBA,2012,44,24,12,3,0,Even,0,0
1659,2023-02-01,BK0099,Business Management: A Practical Approach,P. Reddy,Business Management,MBA,2022,47,15,7,3,0,Even,0,0
1660,2023-02-01,BK0100,Advanced Business Management,N. Rao,Business Management,MBA,2018,37,14,7,4,0,Even,0,0
1661,2023-02-01,BK0101,Principles of Business Management,V. Bose,Business Management,MBA,2018,60,32,22,5,0,Even,0,0
1662,2023-02-01,BK0102,Business Management for Engineers,K. Iyer,Business Management,MBA,2001,47,4,5,0,0,Even,0,0
1663,2023-02-01,BK0103,Modern Business Management,N. Nair,Business Management,MBA,2017,69,4,5,0,0,Even,0,0
1664,2023-02-01,BK0104,Applied Business Management,K. Nair,Business Management,MBA,2020,36,44,37,8,5,Even,0,0
1665,2023-02-01,BK0105,Business Management Concepts and Applications,V. Sharma,Business Management,MBA,2002,16,20,12,4,0,Even,0,0
1666,2023-02-01,BK0106,Essentials of Business Management,J. Rao,Business Management,MBA,1996,37,41,20,5,1,Even,0,0
1667,2023-02-01,BK0107,Business Management: Theory and Practice,M. Khan,Business Management,MBA,2006,37,14,14,2,0,Even,0,0
1668,2023-02-01,BK0108,Understanding Business Management,M. Menon,Business Management,MBA,2007,67,40,29,3,0,Even,0,0
1669,2023-02-01,BK0109,Introduction to English Literature,N. Menon,English Literature,HUMANITIES,2013,67,17,15,3,0,Even,0,0
1670,2023-02-01,BK0110,Fundamentals of English Literature,K. Reddy,English Literature,HUMANITIES,2001,54,19,8,0,1,Even,0,0
1671,2023-02-01,BK0111,English Literature: A Practical Approach,S. Bose,English Literature,HUMANITIES,1997,66,51,38,8,0,Even,0,0
1672,2023-02-01,BK0112,Advanced English Literature,A. Khan,English Literature,HUMANITIES,2011,15,14,10,1,1,Even,0,0
1673,2023-02-01,BK0113,Principles of English Literature,J. Khan,English Literature,HUMANITIES,2006,33,14,10,4,0,Even,0,0
1674,2023-02-01,BK0114,English Literature for Engineers,M. Verma,English Literature,HUMANITIES,2006,30,52,40,9,10,Even,0,0
1675,2023-02-01,BK0115,Modern English Literature,V. Reddy,English Literature,HUMANITIES,2009,40,27,20,4,0,Even,0,0
1676,2023-02-01,BK0116,Applied English Literature,J. Menon,English Literature,HUMANITIES,2020,21,21,17,4,0,Even,0,0
1677,2023-02-01,BK0117,English Literature Concepts and Applications,M. Rao,English Literature,HUMANITIES,2012,56,17,23,2,0,Even,0,0
1678,2023-02-01,BK0118,Essentials of English Literature,N. Sharma,English Literature,HUMANITIES,2005,54,10,9,2,0,Even,0,0
1679,2023-02-01,BK0119,English Literature: Theory and Practice,D. Rao,English Literature,HUMANITIES,2007,56,39,32,3,0,Even,0,0
1680,2023-02-01,BK0120,Understanding English Literature,R. Rao,English Literature,HUMANITIES,1997,53,4,5,0,0,Even,0,0
1681,2023-03-01,BK0001,Introduction to Computer Science,N. Iyer,Computer Science,CSE,2016,67,11,13,1,0,Even,0,0
1682,2023-03-01,BK0002,Fundamentals of Computer Science,R. Singh,Computer Science,CSE,2016,58,19,25,4,0,Even,0,0
1683,2023-03-01,BK0003,Computer Science: A Practical Approach,J. Sharma,Computer Science,CSE,2006,69,4,1,0,0,Even,0,0
1684,2023-03-01,BK0004,Advanced Computer Science,K. Gupta,Computer Science,CSE,2022,28,14,13,2,0,Even,0,0
1685,2023-03-01,BK0005,Principles of Computer Science,R. Menon,Computer Science,CSE,2008,31,4,8,0,0,Even,0,0
1686,2023-03-01,BK0006,Computer Science for Engineers,K. Kumar,Computer Science,CSE,2012,40,8,8,1,0,Even,0,0
1687,2023-03-01,BK0007,Modern Computer Science,R. Menon,Computer Science,CSE,2010,59,27,19,6,0,Even,0,0
1688,2023-03-01,BK0008,Applied Computer Science,R. Nair,Computer Science,CSE,2007,15,19,24,2,4,Even,0,0
1689,2023-03-01,BK0009,Computer Science Concepts and Applications,J. Rao,Computer Science,CSE,2021,19,4,2,1,0,Even,0,0
1690,2023-03-01,BK0010,Essentials of Computer Science,D. Rao,Computer Science,CSE,2017,37,6,5,0,1,Even,0,0
1691,2023-03-01,BK0011,Computer Science: Theory and Practice,V. Nair,Computer Science,CSE,2020,69,12,12,0,3,Even,0,0
1692,2023-03-01,BK0012,Understanding Computer Science,N. Khan,Computer Science,CSE,2001,63,38,28,3,1,Even,0,0
1693,2023-03-01,BK0013,Introduction to Data Science,K. Iyer,Data Science,CSE,2016,42,13,8,5,0,Even,0,0
1694,2023-03-01,BK0014,Fundamentals of Data Science,R. Menon,Data Science,CSE,2005,69,25,24,3,0,Even,0,0
1695,2023-03-01,BK0015,Data Science: A Practical Approach,J. Rao,Data Science,CSE,2021,23,15,10,3,1,Even,0,0
1696,2023-03-01,BK0016,Advanced Data Science,M. Sharma,Data Science,CSE,2003,66,22,18,4,0,Even,0,0
1697,2023-03-01,BK0017,Principles of Data Science,A. Sharma,Data Science,CSE,1996,16,5,9,1,0,Even,0,0
1698,2023-03-01,BK0018,Data Science for Engineers,P. Rao,Data Science,CSE,2000,46,13,6,6,0,Even,0,0
1699,2023-03-01,BK0019,Modern Data Science,N. Iyer,Data Science,CSE,2010,30,15,15,3,1,Even,0,0
1700,2023-03-01,BK0020,Applied Data Science,A. Gupta,Data Science,CSE,2013,40,11,11,0,2,Even,0,0
1701,2023-03-01,BK0021,Data Science Concepts and Applications,S. Reddy,Data Science,CSE,2019,39,2,4,0,0,Even,0,0
1702,2023-03-01,BK0022,Essentials of Data Science,R. Rao,Data Science,CSE,2014,63,15,12,1,1,Even,0,0
1703,2023-03-01,BK0023,Data Science: Theory and Practice,R. Sharma,Data Science,CSE,2018,47,12,10,3,0,Even,0,0
1704,2023-03-01,BK0024,Understanding Data Science,V. Iyer,Data Science,CSE,2019,49,36,25,3,1,Even,0,0
1705,2023-03-01,BK0025,Introduction to Electronics,J. Kumar,Electronics,ECE,2015,62,20,18,5,0,Even,0,0
1706,2023-03-01,BK0026,Fundamentals of Electronics,K. Singh,Electronics,ECE,2013,36,7,11,1,0,Even,0,0
1707,2023-03-01,BK0027,Electronics: A Practical Approach,N. Bose,Electronics,ECE,1999,62,25,20,2,0,Even,0,0
1708,2023-03-01,BK0028,Advanced Electronics,S. Iyer,Electronics,ECE,2015,20,12,15,4,0,Even,0,0
1709,2023-03-01,BK0029,Principles of Electronics,S. Verma,Electronics,ECE,1997,32,28,19,4,0,Even,0,0
1710,2023-03-01,BK0030,Electronics for Engineers,J. Menon,Electronics,ECE,2016,37,18,13,4,0,Even,0,0
1711,2023-03-01,BK0031,Modern Electronics,R. Khan,Electronics,ECE,2020,49,8,7,1,0,Even,0,0
1712,2023-03-01,BK0032,Applied Electronics,R. Gupta,Electronics,ECE,2002,60,11,7,1,0,Even,0,0
1713,2023-03-01,BK0033,Electronics Concepts and Applications,S. Rao,Electronics,ECE,2016,36,14,10,0,0,Even,0,0
1714,2023-03-01,BK0034,Essentials of Electronics,A. Iyer,Electronics,ECE,2022,58,12,7,1,0,Even,0,0
1715,2023-03-01,BK0035,Electronics: Theory and Practice,M. Rao,Electronics,ECE,2011,33,58,54,15,11,Even,0,0
1716,2023-03-01,BK0036,Understanding Electronics,D. Rao,Electronics,ECE,1995,15,45,44,10,21,Even,0,0
1717,2023-03-01,BK0037,Introduction to Mechanical,R. Bose,Mechanical,MECH,2017,17,21,24,2,2,Even,0,0
1718,2023-03-01,BK0038,Fundamentals of Mechanical,D. Reddy,Mechanical,MECH,2008,66,43,28,10,0,Even,0,0
1719,2023-03-01,BK0039,Mechanical: A Practical Approach,M. Verma,Mechanical,MECH,2014,45,9,15,1,0,Even,0,0
1720,2023-03-01,BK0040,Advanced Mechanical,D. Menon,Mechanical,MECH,2010,69,28,16,6,0,Even,0,0
1721,2023-03-01,BK0041,Principles of Mechanical,R. Sharma,Mechanical,MECH,2005,51,22,18,5,0,Even,0,0
1722,2023-03-01,BK0042,Mechanical for Engineers,S. Sharma,Mechanical,MECH,1996,65,24,33,5,0,Even,0,0
1723,2023-03-01,BK0043,Modern Mechanical,R. Reddy,Mechanical,MECH,2020,67,21,20,5,1,Even,0,0
1724,2023-03-01,BK0044,Applied Mechanical,R. Khan,Mechanical,MECH,2003,38,5,5,0,0,Even,0,0
1725,2023-03-01,BK0045,Mechanical Concepts and Applications,S. Sharma,Mechanical,MECH,2017,27,15,10,1,0,Even,0,0
1726,2023-03-01,BK0046,Essentials of Mechanical,N. Gupta,Mechanical,MECH,2007,33,9,13,3,0,Even,0,0
1727,2023-03-01,BK0047,Mechanical: Theory and Practice,A. Iyer,Mechanical,MECH,1997,26,11,12,1,1,Even,0,0
1728,2023-03-01,BK0048,Understanding Mechanical,J. Iyer,Mechanical,MECH,2004,53,16,12,4,2,Even,0,0
1729,2023-03-01,BK0049,Introduction to Civil,D. Nair,Civil,CIVIL,2000,21,21,18,4,1,Even,0,0
1730,2023-03-01,BK0050,Fundamentals of Civil,V. Menon,Civil,CIVIL,2002,62,46,32,7,0,Even,0,0
1731,2023-03-01,BK0051,Civil: A Practical Approach,A. Bose,Civil,CIVIL,1997,59,12,7,3,0,Even,0,0
1732,2023-03-01,BK0052,Advanced Civil,R. Verma,Civil,CIVIL,1997,27,11,8,0,0,Even,0,0
1733,2023-03-01,BK0053,Principles of Civil,J. Verma,Civil,CIVIL,2015,30,30,9,4,0,Even,0,0
1734,2023-03-01,BK0054,Civil for Engineers,P. Nair,Civil,CIVIL,2003,63,19,11,1,1,Even,0,0
1735,2023-03-01,BK0055,Modern Civil,A. Nair,Civil,CIVIL,2018,42,6,4,0,2,Even,0,0
1736,2023-03-01,BK0056,Applied Civil,M. Singh,Civil,CIVIL,1999,55,30,28,3,0,Even,0,0
1737,2023-03-01,BK0057,Civil Concepts and Applications,K. Khan,Civil,CIVIL,2023,20,17,21,4,1,Even,0,0
1738,2023-03-01,BK0058,Essentials of Civil,R. Reddy,Civil,CIVIL,2007,19,50,39,7,17,Even,0,0
1739,2023-03-01,BK0059,Civil: Theory and Practice,N. Singh,Civil,CIVIL,2021,63,46,42,5,1,Even,0,0
1740,2023-03-01,BK0060,Understanding Civil,A. Kumar,Civil,CIVIL,1999,45,11,12,2,0,Even,0,0
1741,2023-03-01,BK0061,Introduction to Mathematics,M. Bose,Mathematics,SCIENCE,1995,65,21,17,3,0,Even,0,0
1742,2023-03-01,BK0062,Fundamentals of Mathematics,K. Sharma,Mathematics,SCIENCE,1996,68,21,17,5,1,Even,0,0
1743,2023-03-01,BK0063,Mathematics: A Practical Approach,P. Reddy,Mathematics,SCIENCE,2009,37,28,29,2,0,Even,0,0
1744,2023-03-01,BK0064,Advanced Mathematics,M. Nair,Mathematics,SCIENCE,2012,48,17,11,2,0,Even,0,0
1745,2023-03-01,BK0065,Principles of Mathematics,R. Khan,Mathematics,SCIENCE,2011,19,15,15,3,0,Even,0,0
1746,2023-03-01,BK0066,Mathematics for Engineers,K. Menon,Mathematics,SCIENCE,2015,16,5,8,2,0,Even,0,0
1747,2023-03-01,BK0067,Modern Mathematics,S. Gupta,Mathematics,SCIENCE,1997,41,41,38,7,0,Even,0,0
1748,2023-03-01,BK0068,Applied Mathematics,R. Menon,Mathematics,SCIENCE,2000,15,5,8,1,0,Even,0,0
1749,2023-03-01,BK0069,Mathematics Concepts and Applications,M. Gupta,Mathematics,SCIENCE,2016,61,27,20,3,1,Even,0,0
1750,2023-03-01,BK0070,Essentials of Mathematics,V. Khan,Mathematics,SCIENCE,2023,66,15,17,0,1,Even,0,0
1751,2023-03-01,BK0071,Mathematics: Theory and Practice,V. Bose,Mathematics,SCIENCE,1997,61,27,20,5,0,Even,0,0
1752,2023-03-01,BK0072,Understanding Mathematics,N. Khan,Mathematics,SCIENCE,2019,69,19,13,2,0,Even,0,0
1753,2023-03-01,BK0073,Introduction to Physics,M. Verma,Physics,SCIENCE,2007,32,9,6,1,0,Even,0,0
1754,2023-03-01,BK0074,Fundamentals of Physics,K. Bose,Physics,SCIENCE,2000,66,7,3,1,0,Even,0,0
1755,2023-03-01,BK0075,Physics: A Practical Approach,D. Kumar,Physics,SCIENCE,2010,18,17,12,1,0,Even,0,0
1756,2023-03-01,BK0076,Advanced Physics,V. Rao,Physics,SCIENCE,2000,16,6,6,1,0,Even,0,0
1757,2023-03-01,BK0077,Principles of Physics,K. Verma,Physics,SCIENCE,2007,58,12,16,1,0,Even,0,0
1758,2023-03-01,BK0078,Physics for Engineers,M. Bose,Physics,SCIENCE,1995,40,22,17,6,0,Even,0,0
1759,2023-03-01,BK0079,Modern Physics,P. Nair,Physics,SCIENCE,2004,58,21,25,1,0,Even,0,0
1760,2023-03-01,BK0080,Applied Physics,R. Singh,Physics,SCIENCE,2018,52,34,22,10,1,Even,0,0
1761,2023-03-01,BK0081,Physics Concepts and Applications,N. Reddy,Physics,SCIENCE,2006,49,26,21,4,0,Even,0,0
1762,2023-03-01,BK0082,Essentials of Physics,S. Sharma,Physics,SCIENCE,2008,44,23,10,4,0,Even,0,0
1763,2023-03-01,BK0083,Physics: Theory and Practice,S. Nair,Physics,SCIENCE,2002,53,12,14,2,0,Even,0,0
1764,2023-03-01,BK0084,Understanding Physics,V. Reddy,Physics,SCIENCE,2009,69,10,11,1,0,Even,0,0
1765,2023-03-01,BK0085,Introduction to Chemistry,R. Nair,Chemistry,SCIENCE,2009,61,14,25,2,1,Even,0,0
1766,2023-03-01,BK0086,Fundamentals of Chemistry,A. Iyer,Chemistry,SCIENCE,2021,69,24,11,5,0,Even,0,0
1767,2023-03-01,BK0087,Chemistry: A Practical Approach,A. Iyer,Chemistry,SCIENCE,2018,66,40,22,7,0,Even,0,0
1768,2023-03-01,BK0088,Advanced Chemistry,V. Singh,Chemistry,SCIENCE,2013,50,25,19,2,0,Even,0,0
1769,2023-03-01,BK0089,Principles of Chemistry,K. Menon,Chemistry,SCIENCE,2008,57,11,7,1,0,Even,0,0
1770,2023-03-01,BK0090,Chemistry for Engineers,D. Singh,Chemistry,SCIENCE,1998,62,3,5,0,0,Even,0,0
1771,2023-03-01,BK0091,Modern Chemistry,K. Nair,Chemistry,SCIENCE,2002,55,17,13,3,0,Even,0,0
1772,2023-03-01,BK0092,Applied Chemistry,P. Khan,Chemistry,SCIENCE,2019,15,28,20,2,4,Even,0,0
1773,2023-03-01,BK0093,Chemistry Concepts and Applications,P. Rao,Chemistry,SCIENCE,1997,66,16,17,3,1,Even,0,0
1774,2023-03-01,BK0094,Essentials of Chemistry,J. Menon,Chemistry,SCIENCE,2005,58,4,2,0,0,Even,0,0
1775,2023-03-01,BK0095,Chemistry: Theory and Practice,S. Bose,Chemistry,SCIENCE,2022,64,18,10,3,0,Even,0,0
1776,2023-03-01,BK0096,Understanding Chemistry,M. Sharma,Chemistry,SCIENCE,2023,54,4,5,0,0,Even,0,0
1777,2023-03-01,BK0097,Introduction to Business Management,A. Rao,Business Management,MBA,2007,43,10,12,0,1,Even,0,0
1778,2023-03-01,BK0098,Fundamentals of Business Management,V. Reddy,Business Management,MBA,2012,44,17,21,4,0,Even,0,0
1779,2023-03-01,BK0099,Business Management: A Practical Approach,P. Reddy,Business Management,MBA,2022,47,10,12,0,0,Even,0,0
1780,2023-03-01,BK0100,Advanced Business Management,N. Rao,Business Management,MBA,2018,37,8,13,2,0,Even,0,0
1781,2023-03-01,BK0101,Principles of Business Management,V. Bose,Business Management,MBA,2018,60,27,27,4,0,Even,0,0
1782,2023-03-01,BK0102,Business Management for Engineers,K. Iyer,Business Management,MBA,2001,47,4,4,0,1,Even,0,0
1783,2023-03-01,BK0103,Modern Business Management,N. Nair,Business Management,MBA,2017,69,11,4,0,0,Even,0,0
1784,2023-03-01,BK0104,Applied Business Management,K. Nair,Business Management,MBA,2020,36,34,37,7,0,Even,0,0
1785,2023-03-01,BK0105,Business Management Concepts and Applications,V. Sharma,Business Management,MBA,2002,16,15,16,1,2,Even,0,0
1786,2023-03-01,BK0106,Essentials of Business Management,J. Rao,Business Management,MBA,1996,37,23,35,4,0,Even,0,0
1787,2023-03-01,BK0107,Business Management: Theory and Practice,M. Khan,Business Management,MBA,2006,37,14,13,2,0,Even,0,0
1788,2023-03-01,BK0108,Understanding Business Management,M. Menon,Business Management,MBA,2007,67,34,29,4,0,Even,0,0
1789,2023-03-01,BK0109,Introduction to English Literature,N. Menon,English Literature,HUMANITIES,2013,67,12,15,2,0,Even,0,0
1790,2023-03-01,BK0110,Fundamentals of English Literature,K. Reddy,English Literature,HUMANITIES,2001,54,30,14,7,0,Even,0,0
1791,2023-03-01,BK0111,English Literature: A Practical Approach,S. Bose,English Literature,HUMANITIES,1997,66,37,43,8,0,Even,0,0
1792,2023-03-01,BK0112,Advanced English Literature,A. Khan,English Literature,HUMANITIES,2011,15,10,9,2,1,Even,0,0
1793,2023-03-01,BK0113,Principles of English Literature,J. Khan,English Literature,HUMANITIES,2006,33,14,10,4,0,Even,0,0
1794,2023-03-01,BK0114,English Literature for Engineers,M. Verma,English Literature,HUMANITIES,2006,30,40,43,4,7,Even,0,0
1795,2023-03-01,BK0115,Modern English Literature,V. Reddy,English Literature,HUMANITIES,2009,40,30,21,2,0,Even,0,0
1796,2023-03-01,BK0116,Applied English Literature,J. Menon,English Literature,HUMANITIES,2020,21,30,17,3,4,Even,0,0
1797,2023-03-01,BK0117,English Literature Concepts and Applications,M. Rao,English Literature,HUMANITIES,2012,56,19,13,4,0,Even,0,0
1798,2023-03-01,BK0118,Essentials of English Literature,N. Sharma,English Literature,HUMANITIES,2005,54,10,8,1,0,Even,0,0
1799,2023-03-01,BK0119,English Literature: Theory and Practice,D. Rao,English Literature,HUMANITIES,2007,56,48,36,8,0,Even,0,0
1800,2023-03-01,BK0120,Understanding English Literature,R. Rao,English Literature,HUMANITIES,1997,53,5,4,0,0,Even,0,0
1801,2023-04-01,BK0001,Introduction to Computer Science,N. Iyer,Computer Science,CSE,2016,67,12,9,2,1,Even,1,0
1802,2023-04-01,BK0002,Fundamentals of Computer Science,R. Singh,Computer Science,CSE,2016,58,43,17,6,0,Even,1,0
1803,2023-04-01,BK0003,Computer Science: A Practical Approach,J. Sharma,Computer Science,CSE,2006,69,9,3,3,0,Even,1,0
1804,2023-04-01,BK0004,Advanced Computer Science,K. Gupta,Computer Science,CSE,2022,28,39,10,3,11,Even,1,0
1805,2023-04-01,BK0005,Principles of Computer Science,R. Menon,Computer Science,CSE,2008,31,13,4,5,1,Even,1,0
1806,2023-04-01,BK0006,Computer Science for Engineers,K. Kumar,Computer Science,CSE,2012,40,19,6,2,1,Even,1,0
1807,2023-04-01,BK0007,Modern Computer Science,R. Menon,Computer Science,CSE,2010,59,47,25,3,1,Even,1,0
1808,2023-04-01,BK0008,Applied Computer Science,R. Nair,Computer Science,CSE,2007,15,48,19,3,21,Even,1,0
1809,2023-04-01,BK0009,Computer Science Concepts and Applications,J. Rao,Computer Science,CSE,2021,19,9,4,2,0,Even,1,0
1810,2023-04-01,BK0010,Essentials of Computer Science,D. Rao,Computer Science,CSE,2017,37,10,6,2,0,Even,1,0
1811,2023-04-01,BK0011,Computer Science: Theory and Practice,V. Nair,Computer Science,CSE,2020,69,24,10,6,1,Even,1,0
1812,2023-04-01,BK0012,Understanding Computer Science,N. Khan,Computer Science,CSE,2001,63,54,30,8,0,Even,1,0
1813,2023-04-01,BK0013,Introduction to Data Science,K. Iyer,Data Science,CSE,2016,42,30,13,5,1,Even,1,0
1814,2023-04-01,BK0014,Fundamentals of Data Science,R. Menon,Data Science,CSE,2005,69,40,19,6,0,Even,1,0
1815,2023-04-01,BK0015,Data Science: A Practical Approach,J. Rao,Data Science,CSE,2021,23,30,14,2,3,Even,1,0
1816,2023-04-01,BK0016,Advanced Data Science,M. Sharma,Data Science,CSE,2003,66,32,21,5,0,Even,1,0
1817,2023-04-01,BK0017,Principles of Data Science,A. Sharma,Data Science,CSE,1996,16,22,4,1,3,Even,1,0
1818,2023-04-01,BK0018,Data Science for Engineers,P. Rao,Data Science,CSE,2000,46,17,11,2,0,Even,1,0
1819,2023-04-01,BK0019,Modern Data Science,N. Iyer,Data Science,CSE,2010,30,24,15,2,0,Even,1,0
1820,2023-04-01,BK0020,Applied Data Science,A. Gupta,Data Science,CSE,2013,40,21,8,5,0,Even,1,0
1821,2023-04-01,BK0021,Data Science Concepts and Applications,S. Reddy,Data Science,CSE,2019,39,15,2,6,2,Even,1,0
1822,2023-04-01,BK0022,Essentials of Data Science,R. Rao,Data Science,CSE,2014,63,20,12,1,1,Even,1,0
1823,2023-04-01,BK0023,Data Science: Theory and Practice,R. Sharma,Data Science,CSE,2018,47,19,10,0,1,Even,1,0
1824,2023-04-01,BK0024,Understanding Data Science,V. Iyer,Data Science,CSE,2019,49,84,27,7,21,Even,1,0
1825,2023-04-01,BK0025,Introduction to Electronics,J. Kumar,Electronics,ECE,2015,62,28,19,6,0,Even,1,0
1826,2023-04-01,BK0026,Fundamentals of Electronics,K. Singh,Electronics,ECE,2013,36,10,6,1,0,Even,1,0
1827,2023-04-01,BK0027,Electronics: A Practical Approach,N. Bose,Electronics,ECE,1999,62,53,23,6,0,Even,1,0
1828,2023-04-01,BK0028,Advanced Electronics,S. Iyer,Electronics,ECE,2015,20,20,11,3,0,Even,1,0
1829,2023-04-01,BK0029,Principles of Electronics,S. Verma,Electronics,ECE,1997,32,37,23,5,0,Even,1,0
1830,2023-04-01,BK0030,Electronics for Engineers,J. Menon,Electronics,ECE,2016,37,14,15,4,1,Even,1,0
1831,2023-04-01,BK0031,Modern Electronics,R. Khan,Electronics,ECE,2020,49,24,8,3,1,Even,1,0
1832,2023-04-01,BK0032,Applied Electronics,R. Gupta,Electronics,ECE,2002,60,21,9,2,0,Even,1,0
1833,2023-04-01,BK0033,Electronics Concepts and Applications,S. Rao,Electronics,ECE,2016,36,27,12,4,0,Even,1,0
1834,2023-04-01,BK0034,Essentials of Electronics,A. Iyer,Electronics,ECE,2022,58,17,11,1,0,Even,1,0
1835,2023-04-01,BK0035,Electronics: Theory and Practice,M. Rao,Electronics,ECE,2011,33,91,49,11,32,Even,1,0
1836,2023-04-01,BK0036,Understanding Electronics,D. Rao,Electronics,ECE,1995,15,98,40,14,49,Even,1,0
1837,2023-04-01,BK0037,Introduction to Mechanical,R. Bose,Mechanical,MECH,2017,17,41,17,4,12,Even,1,0
1838,2023-04-01,BK0038,Fundamentals of Mechanical,D. Reddy,Mechanical,MECH,2008,66,49,37,10,1,Even,1,0
1839,2023-04-01,BK0039,Mechanical: A Practical Approach,M. Verma,Mechanical,MECH,2014,45,15,8,3,0,Even,1,0
1840,2023-04-01,BK0040,Advanced Mechanical,D. Menon,Mechanical,MECH,2010,69,43,22,9,0,Even,1,0
1841,2023-04-01,BK0041,Principles of Mechanical,R. Sharma,Mechanical,MECH,2005,51,27,20,2,0,Even,1,0
1842,2023-04-01,BK0042,Mechanical for Engineers,S. Sharma,Mechanical,MECH,1996,65,31,22,2,0,Even,1,0
1843,2023-04-01,BK0043,Modern Mechanical,R. Reddy,Mechanical,MECH,2020,67,31,16,2,1,Even,1,0
1844,2023-04-01,BK0044,Applied Mechanical,R. Khan,Mechanical,MECH,2003,38,8,5,2,0,Even,1,0
1845,2023-04-01,BK0045,Mechanical Concepts and Applications,S. Sharma,Mechanical,MECH,2017,27,13,13,1,1,Even,1,0
1846,2023-04-01,BK0046,Essentials of Mechanical,N. Gupta,Mechanical,MECH,2007,33,21,8,5,0,Even,1,0
1847,2023-04-01,BK0047,Mechanical: Theory and Practice,A. Iyer,Mechanical,MECH,1997,26,18,7,1,1,Even,1,0
1848,2023-04-01,BK0048,Understanding Mechanical,J. Iyer,Mechanical,MECH,2004,53,17,15,2,0,Even,1,0
1849,2023-04-01,BK0049,Introduction to Civil,D. Nair,Civil,CIVIL,2000,21,25,17,4,2,Even,1,0
1850,2023-04-01,BK0050,Fundamentals of Civil,V. Menon,Civil,CIVIL,2002,62,63,41,11,0,Even,1,0
1851,2023-04-01,BK0051,Civil: A Practical Approach,A. Bose,Civil,CIVIL,1997,59,11,9,4,0,Even,1,0
1852,2023-04-01,BK0052,Advanced Civil,R. Verma,Civil,CIVIL,1997,27,20,10,2,1,Even,1,0
1853,2023-04-01,BK0053,Principles of Civil,J. Verma,Civil,CIVIL,2015,30,30,24,1,0,Even,1,0
1854,2023-04-01,BK0054,Civil for Engineers,P. Nair,Civil,CIVIL,2003,63,25,16,3,1,Even,1,0
1855,2023-04-01,BK0055,Modern Civil,A. Nair,Civil,CIVIL,2018,42,12,6,1,2,Even,1,0
1856,2023-04-01,BK0056,Applied Civil,M. Singh,Civil,CIVIL,1999,55,59,25,5,1,Even,1,0
1857,2023-04-01,BK0057,Civil Concepts and Applications,K. Khan,Civil,CIVIL,2023,20,29,16,4,3,Even,1,0
1858,2023-04-01,BK0058,Essentials of Civil,R. Reddy,Civil,CIVIL,2007,19,75,46,13,22,Even,1,0
1859,2023-04-01,BK0059,Civil: Theory and Practice,N. Singh,Civil,CIVIL,2021,63,64,41,6,1,Even,1,0
1860,2023-04-01,BK0060,Understanding Civil,A. Kumar,Civil,CIVIL,1999,45,21,10,2,0,Even,1,0
1861,2023-04-01,BK0061,Introduction to Mathematics,M. Bose,Mathematics,SCIENCE,1995,65,28,18,6,1,Even,1,0
1862,2023-04-01,BK0062,Fundamentals of Mathematics,K. Sharma,Mathematics,SCIENCE,1996,68,49,17,13,0,Even,1,0
1863,2023-04-01,BK0063,Mathematics: A Practical Approach,P. Reddy,Mathematics,SCIENCE,2009,37,58,19,8,9,Even,1,0
1864,2023-04-01,BK0064,Advanced Mathematics,M. Nair,Mathematics,SCIENCE,2012,48,25,16,2,0,Even,1,0
1865,2023-04-01,BK0065,Principles of Mathematics,R. Khan,Mathematics,SCIENCE,2011,19,25,10,4,3,Even,1,0
1866,2023-04-01,BK0066,Mathematics for Engineers,K. Menon,Mathematics,SCIENCE,2015,16,10,5,1,0,Even,1,0
1867,2023-04-01,BK0067,Modern Mathematics,S. Gupta,Mathematics,SCIENCE,1997,41,104,32,21,38,Even,1,0
1868,2023-04-01,BK0068,Applied Mathematics,R. Menon,Mathematics,SCIENCE,2000,15,11,3,1,0,Even,1,0
1869,2023-04-01,BK0069,Mathematics Concepts and Applications,M. Gupta,Mathematics,SCIENCE,2016,61,40,24,7,0,Even,1,0
1870,2023-04-01,BK0070,Essentials of Mathematics,V. Khan,Mathematics,SCIENCE,2023,66,31,10,5,0,Even,1,0
1871,2023-04-01,BK0071,Mathematics: Theory and Practice,V. Bose,Mathematics,SCIENCE,1997,61,45,24,7,1,Even,1,0
1872,2023-04-01,BK0072,Understanding Mathematics,N. Khan,Mathematics,SCIENCE,2019,69,27,15,7,2,Even,1,0
1873,2023-04-01,BK0073,Introduction to Physics,M. Verma,Physics,SCIENCE,2007,32,14,8,4,1,Even,1,0
1874,2023-04-01,BK0074,Fundamentals of Physics,K. Bose,Physics,SCIENCE,2000,66,12,6,2,0,Even,1,0
1875,2023-04-01,BK0075,Physics: A Practical Approach,D. Kumar,Physics,SCIENCE,2010,18,19,16,6,0,Even,1,0
1876,2023-04-01,BK0076,Advanced Physics,V. Rao,Physics,SCIENCE,2000,16,7,5,0,0,Even,1,0
1877,2023-04-01,BK0077,Principles of Physics,K. Verma,Physics,SCIENCE,2007,58,26,12,1,1,Even,1,0
1878,2023-04-01,BK0078,Physics for Engineers,M. Bose,Physics,SCIENCE,1995,40,40,18,4,0,Even,1,0
1879,2023-04-01,BK0079,Modern Physics,P. Nair,Physics,SCIENCE,2004,58,31,18,7,0,Even,1,0
1880,2023-04-01,BK0080,Applied Physics,R. Singh,Physics,SCIENCE,2018,52,47,28,5,0,Even,1,0
1881,2023-04-01,BK0081,Physics Concepts and Applications,N. Reddy,Physics,SCIENCE,2006,49,38,19,7,0,Even,1,0
1882,2023-04-01,BK0082,Essentials of Physics,S. Sharma,Physics,SCIENCE,2008,44,28,19,3,0,Even,1,0
1883,2023-04-01,BK0083,Physics: Theory and Practice,S. Nair,Physics,SCIENCE,2002,53,14,10,0,0,Even,1,0
1884,2023-04-01,BK0084,Understanding Physics,V. Reddy,Physics,SCIENCE,2009,69,18,7,3,0,Even,1,0
1885,2023-04-01,BK0085,Introduction to Chemistry,R. Nair,Chemistry,SCIENCE,2009,61,21,10,2,0,Even,1,0
1886,2023-04-01,BK0086,Fundamentals of Chemistry,A. Iyer,Chemistry,SCIENCE,2021,69,32,21,3,1,Even,1,0
1887,2023-04-01,BK0087,Chemistry: A Practical Approach,A. Iyer,Chemistry,SCIENCE,2018,66,37,38,6,0,Even,1,0
1888,2023-04-01,BK0088,Advanced Chemistry,V. Singh,Chemistry,SCIENCE,2013,50,36,22,1,0,Even,1,0
1889,2023-04-01,BK0089,Principles of Chemistry,K. Menon,Chemistry,SCIENCE,2008,57,14,10,0,1,Even,1,0
1890,2023-04-01,BK0090,Chemistry for Engineers,D. Singh,Chemistry,SCIENCE,1998,62,6,3,2,0,Even,1,0
1891,2023-04-01,BK0091,Modern Chemistry,K. Nair,Chemistry,SCIENCE,2002,55,23,14,6,0,Even,1,0
1892,2023-04-01,BK0092,Applied Chemistry,P. Khan,Chemistry,SCIENCE,2019,15,34,25,6,7,Even,1,0
1893,2023-04-01,BK0093,Chemistry Concepts and Applications,P. Rao,Chemistry,SCIENCE,1997,66,40,13,4,0,Even,1,0
1894,2023-04-01,BK0094,Essentials of Chemistry,J. Menon,Chemistry,SCIENCE,2005,58,5,4,1,0,Even,1,0
1895,2023-04-01,BK0095,Chemistry: Theory and Practice,S. Bose,Chemistry,SCIENCE,2022,64,19,16,3,0,Even,1,0
1896,2023-04-01,BK0096,Understanding Chemistry,M. Sharma,Chemistry,SCIENCE,2023,54,17,4,0,0,Even,1,0
1897,2023-04-01,BK0097,Introduction to Business Management,A. Rao,Business Management,MBA,2007,43,23,7,3,0,Even,1,0
1898,2023-04-01,BK0098,Fundamentals of Business Management,V. Reddy,Business Management,MBA,2012,44,28,16,4,0,Even,1,0
1899,2023-04-01,BK0099,Business Management: A Practical Approach,P. Reddy,Business Management,MBA,2022,47,25,10,4,1,Even,1,0
1900,2023-04-01,BK0100,Advanced Business Management,N. Rao,Business Management,MBA,2018,37,21,6,4,0,Even,1,0
1901,2023-04-01,BK0101,Principles of Business Management,V. Bose,Business Management,MBA,2018,60,31,22,7,0,Even,1,0
1902,2023-04-01,BK0102,Business Management for Engineers,K. Iyer,Business Management,MBA,2001,47,7,4,2,0,Even,1,0
1903,2023-04-01,BK0103,Modern Business Management,N. Nair,Business Management,MBA,2017,69,7,8,1,0,Even,1,0
1904,2023-04-01,BK0104,Applied Business Management,K. Nair,Business Management,MBA,2020,36,61,26,9,16,Even,1,0
1905,2023-04-01,BK0105,Business Management Concepts and Applications,V. Sharma,Business Management,MBA,2002,16,17,10,4,2,Even,1,0
1906,2023-04-01,BK0106,Essentials of Business Management,J. Rao,Business Management,MBA,1996,37,27,19,6,0,Even,1,0
1907,2023-04-01,BK0107,Business Management: Theory and Practice,M. Khan,Business Management,MBA,2006,37,15,10,1,0,Even,1,0
1908,2023-04-01,BK0108,Understanding Business Management,M. Menon,Business Management,MBA,2007,67,51,28,6,1,Even,1,0
1909,2023-04-01,BK0109,Introduction to English Literature,N. Menon,English Literature,HUMANITIES,2013,67,18,10,5,0,Even,1,0
1910,2023-04-01,BK0110,Fundamentals of English Literature,K. Reddy,English Literature,HUMANITIES,2001,54,13,23,5,0,Even,1,0
1911,2023-04-01,BK0111,English Literature: A Practical Approach,S. Bose,English Literature,HUMANITIES,1997,66,54,33,9,0,Even,1,0
1912,2023-04-01,BK0112,Advanced English Literature,A. Khan,English Literature,HUMANITIES,2011,15,11,8,1,0,Even,1,0
1913,2023-04-01,BK0113,Principles of English Literature,J. Khan,English Literature,HUMANITIES,2006,33,11,11,1,0,Even,1,0
1914,2023-04-01,BK0114,English Literature for Engineers,M. Verma,English Literature,HUMANITIES,2006,30,55,36,3,7,Even,1,0
1915,2023-04-01,BK0115,Modern English Literature,V. Reddy,English Literature,HUMANITIES,2009,40,29,24,6,0,Even,1,0
1916,2023-04-01,BK0116,Applied English Literature,J. Menon,English Literature,HUMANITIES,2020,21,25,26,4,0,Even,1,0
1917,2023-04-01,BK0117,English Literature Concepts and Applications,M. Rao,English Literature,HUMANITIES,2012,56,26,17,3,0,Even,1,0
1918,2023-04-01,BK0118,Essentials of English Literature,N. Sharma,English Literature,HUMANITIES,2005,54,16,7,3,1,Even,1,0
1919,2023-04-01,BK0119,English Literature: Theory and Practice,D. Rao,English Literature,HUMANITIES,2007,56,49,41,5,0,Even,1,0
1920,2023-04-01,BK0120,Understanding English Literature,R. Rao,English Literature,HUMANITIES,1997,53,3,4,0,0,Even,1,0
1921,2023-05-01,BK0001,Introduction to Computer Science,N. Iyer,Computer Science,CSE,2016,67,20,9,2,0,Even,1,0
1922,2023-05-01,BK0002,Fundamentals of Computer Science,R. Singh,Computer Science,CSE,2016,58,36,36,5,0,Even,1,0
1923,2023-05-01,BK0003,Computer Science: A Practical Approach,J. Sharma,Computer Science,CSE,2006,69,4,6,0,0,Even,1,0
1924,2023-05-01,BK0004,Advanced Computer Science,K. Gupta,Computer Science,CSE,2022,28,35,36,5,4,Even,1,0
1925,2023-05-01,BK0005,Principles of Computer Science,R. Menon,Computer Science,CSE,2008,31,13,8,1,0,Even,1,0
1926,2023-05-01,BK0006,Computer Science for Engineers,K. Kumar,Computer Science,CSE,2012,40,18,17,5,1,Even,1,0
1927,2023-05-01,BK0007,Modern Computer Science,R. Menon,Computer Science,CSE,2010,59,34,43,6,0,Even,1,0
1928,2023-05-01,BK0008,Applied Computer Science,R. Nair,Computer Science,CSE,2007,15,28,42,2,10,Even,1,0
1929,2023-05-01,BK0009,Computer Science Concepts and Applications,J. Rao,Computer Science,CSE,2021,19,12,6,0,0,Even,1,0
1930,2023-05-01,BK0010,Essentials of Computer Science,D. Rao,Computer Science,CSE,2017,37,13,8,1,0,Even,1,0
1931,2023-05-01,BK0011,Computer Science: Theory and Practice,V. Nair,Computer Science,CSE,2020,69,28,22,2,0,Even,1,0
1932,2023-05-01,BK0012,Understanding Computer Science,N. Khan,Computer Science,CSE,2001,63,54,50,6,0,Even,1,0
1933,2023-05-01,BK0013,Introduction to Data Science,K. Iyer,Data Science,CSE,2016,42,23,24,6,0,Even,1,0
1934,2023-05-01,BK0014,Fundamentals of Data Science,R. Menon,Data Science,CSE,2005,69,34,37,1,0,Even,1,0
1935,2023-05-01,BK0015,Data Science: A Practical Approach,J. Rao,Data Science,CSE,2021,23,34,27,6,6,Even,1,0
1936,2023-05-01,BK0016,Advanced Data Science,M. Sharma,Data Science,CSE,2003,66,26,29,3,0,Even,1,0
1937,2023-05-01,BK0017,Principles of Data Science,A. Sharma,Data Science,CSE,1996,16,14,18,2,1,Even,1,0
1938,2023-05-01,BK0018,Data Science for Engineers,P. Rao,Data Science,CSE,2000,46,30,12,1,0,Even,1,0
1939,2023-05-01,BK0019,Modern Data Science,N. Iyer,Data Science,CSE,2010,30,25,20,3,4,Even,1,0
1940,2023-05-01,BK0020,Applied Data Science,A. Gupta,Data Science,CSE,2013,40,22,16,4,0,Even,1,0
1941,2023-05-01,BK0021,Data Science Concepts and Applications,S. Reddy,Data Science,CSE,2019,39,18,14,2,0,Even,1,0
1942,2023-05-01,BK0022,Essentials of Data Science,R. Rao,Data Science,CSE,2014,63,23,14,4,0,Even,1,0
1943,2023-05-01,BK0023,Data Science: Theory and Practice,R. Sharma,Data Science,CSE,2018,47,28,18,4,0,Even,1,0
1944,2023-05-01,BK0024,Understanding Data Science,V. Iyer,Data Science,CSE,2019,49,71,76,12,15,Even,1,0
1945,2023-05-01,BK0025,Introduction to Electronics,J. Kumar,Electronics,ECE,2015,62,26,21,3,1,Even,1,0
1946,2023-05-01,BK0026,Fundamentals of Electronics,K. Singh,Electronics,ECE,2013,36,7,10,0,0,Even,1,0
1947,2023-05-01,BK0027,Electronics: A Practical Approach,N. Bose,Electronics,ECE,1999,62,39,45,3,0,Even,1,0
1948,2023-05-01,BK0028,Advanced Electronics,S. Iyer,Electronics,ECE,2015,20,21,14,2,1,Even,1,0
1949,2023-05-01,BK0029,Principles of Electronics,S. Verma,Electronics,ECE,1997,32,30,35,8,0,Even,1,0
1950,2023-05-01,BK0030,Electronics for Engineers,J. Menon,Electronics,ECE,2016,37,30,12,9,1,Even,1,0
1951,2023-05-01,BK0031,Modern Electronics,R. Khan,Electronics,ECE,2020,49,20,21,2,0,Even,1,0
1952,2023-05-01,BK0032,Applied Electronics,R. Gupta,Electronics,ECE,2002,60,14,18,1,0,Even,1,0
1953,2023-05-01,BK0033,Electronics Concepts and Applications,S. Rao,Electronics,ECE,2016,36,31,24,4,0,Even,1,0
1954,2023-05-01,BK0034,Essentials of Electronics,A. Iyer,Electronics,ECE,2022,58,16,16,4,1,Even,1,0
1955,2023-05-01,BK0035,Electronics: Theory and Practice,M. Rao,Electronics,ECE,2011,33,85,79,11,28,Even,1,0
1956,2023-05-01,BK0036,Understanding Electronics,D. Rao,Electronics,ECE,1995,15,98,85,17,39,Even,1,0
1957,2023-05-01,BK0037,Introduction to Mechanical,R. Bose,Mechanical,MECH,2017,17,38,37,3,12,Even,1,0
1958,2023-05-01,BK0038,Fundamentals of Mechanical,D. Reddy,Mechanical,MECH,2008,66,47,44,8,1,Even,1,0
1959,2023-05-01,BK0039,Mechanical: A Practical Approach,M. Verma,Mechanical,MECH,2014,45,13,13,2,0,Even,1,0
1960,2023-05-01,BK0040,Advanced Mechanical,D. Menon,Mechanical,MECH,2010,69,48,31,9,0,Even,1,0
1961,2023-05-01,BK0041,Principles of Mechanical,R. Sharma,Mechanical,MECH,2005,51,34,22,3,0,Even,1,0
1962,2023-05-01,BK0042,Mechanical for Engineers,S. Sharma,Mechanical,MECH,1996,65,45,24,8,0,Even,1,0
1963,2023-05-01,BK0043,Modern Mechanical,R. Reddy,Mechanical,MECH,2020,67,45,28,8,0,Even,1,0
1964,2023-05-01,BK0044,Applied Mechanical,R. Khan,Mechanical,MECH,2003,38,11,7,1,0,Even,1,0
1965,2023-05-01,BK0045,Mechanical Concepts and Applications,S. Sharma,Mechanical,MECH,2017,27,15,11,1,0,Even,1,0
1966,2023-05-01,BK0046,Essentials of Mechanical,N. Gupta,Mechanical,MECH,2007,33,20,17,2,0,Even,1,0
1967,2023-05-01,BK0047,Mechanical: Theory and Practice,A. Iyer,Mechanical,MECH,1997,26,26,15,3,0,Even,1,0
1968,2023-05-01,BK0048,Understanding Mechanical,J. Iyer,Mechanical,MECH,2004,53,14,15,1,0,Even,1,0
1969,2023-05-01,BK0049,Introduction to Civil,D. Nair,Civil,CIVIL,2000,21,33,22,2,6,Even,1,0
1970,2023-05-01,BK0050,Fundamentals of Civil,V. Menon,Civil,CIVIL,2002,62,63,50,9,0,Even,1,0
1971,2023-05-01,BK0051,Civil: A Practical Approach,A. Bose,Civil,CIVIL,1997,59,19,9,3,0,Even,1,0
1972,2023-05-01,BK0052,Advanced Civil,R. Verma,Civil,CIVIL,1997,27,25,18,7,1,Even,1,0
1973,2023-05-01,BK0053,Principles of Civil,J. Verma,Civil,CIVIL,2015,30,32,27,7,0,Even,1,0
1974,2023-05-01,BK0054,Civil for Engineers,P. Nair,Civil,CIVIL,2003,63,20,19,4,1,Even,1,0
1975,2023-05-01,BK0055,Modern Civil,A. Nair,Civil,CIVIL,2018,42,11,8,3,0,Even,1,0
1976,2023-05-01,BK0056,Applied Civil,M. Singh,Civil,CIVIL,1999,55,37,50,4,1,Even,1,0
1977,2023-05-01,BK0057,Civil Concepts and Applications,K. Khan,Civil,CIVIL,2023,20,26,25,2,1,Even,1,0
1978,2023-05-01,BK0058,Essentials of Civil,R. Reddy,Civil,CIVIL,2007,19,53,67,7,18,Even,1,0
1979,2023-05-01,BK0059,Civil: Theory and Practice,N. Singh,Civil,CIVIL,2021,63,59,54,8,0,Even,1,0
1980,2023-05-01,BK0060,Understanding Civil,A. Kumar,Civil,CIVIL,1999,45,17,18,4,0,Even,1,0
1981,2023-05-01,BK0061,Introduction to Mathematics,M. Bose,Mathematics,SCIENCE,1995,65,20,21,2,0,Even,1,0
1982,2023-05-01,BK0062,Fundamentals of Mathematics,K. Sharma,Mathematics,SCIENCE,1996,68,38,40,8,0,Even,1,0
1983,2023-05-01,BK0063,Mathematics: A Practical Approach,P. Reddy,Mathematics,SCIENCE,2009,37,48,54,8,7,Even,1,0
1984,2023-05-01,BK0064,Advanced Mathematics,M. Nair,Mathematics,SCIENCE,2012,48,37,23,5,0,Even,1,0
1985,2023-05-01,BK0065,Principles of Mathematics,R. Khan,Mathematics,SCIENCE,2011,19,32,22,3,8,Even,1,0
1986,2023-05-01,BK0066,Mathematics for Engineers,K. Menon,Mathematics,SCIENCE,2015,16,16,7,3,1,Even,1,0
1987,2023-05-01,BK0067,Modern Mathematics,S. Gupta,Mathematics,SCIENCE,1997,41,77,86,17,17,Even,1,0
1988,2023-05-01,BK0068,Applied Mathematics,R. Menon,Mathematics,SCIENCE,2000,15,12,9,3,0,Even,1,0
1989,2023-05-01,BK0069,Mathematics Concepts and Applications,M. Gupta,Mathematics,SCIENCE,2016,61,31,36,8,0,Even,1,0
1990,2023-05-01,BK0070,Essentials of Mathematics,V. Khan,Mathematics,SCIENCE,2023,66,23,23,4,0,Even,1,0
1991,2023-05-01,BK0071,Mathematics: Theory and Practice,V. Bose,Mathematics,SCIENCE,1997,61,30,39,5,1,Even,1,0
1992,2023-05-01,BK0072,Understanding Mathematics,N. Khan,Mathematics,SCIENCE,2019,69,22,23,2,1,Even,1,0
1993,2023-05-01,BK0073,Introduction to Physics,M. Verma,Physics,SCIENCE,2007,32,15,14,3,0,Even,1,0
1994,2023-05-01,BK0074,Fundamentals of Physics,K. Bose,Physics,SCIENCE,2000,66,10,10,1,0,Even,1,0
1995,2023-05-01,BK0075,Physics: A Practical Approach,D. Kumar,Physics,SCIENCE,2010,18,21,16,3,1,Even,1,0
1996,2023-05-01,BK0076,Advanced Physics,V. Rao,Physics,SCIENCE,2000,16,5,6,3,0,Even,1,0
1997,2023-05-01,BK0077,Principles of Physics,K. Verma,Physics,SCIENCE,2007,58,26,16,8,0,Even,1,0
1998,2023-05-01,BK0078,Physics for Engineers,M. Bose,Physics,SCIENCE,1995,40,31,35,5,0,Even,1,0
1999,2023-05-01,BK0079,Modern Physics,P. Nair,Physics,SCIENCE,2004,58,48,24,7,0,Even,1,0
2000,2023-05-01,BK0080,Applied Physics,R. Singh,Physics,SCIENCE,2018,52,33,40,4,1,Even,1,0
2001,2023-05-01,BK0081,Physics Concepts and Applications,N. Reddy,Physics,SCIENCE,2006,49,34,30,4,0,Even,1,0
2002,2023-05-01,BK0082,Essentials of Physics,S. Sharma,Physics,SCIENCE,2008,44,16,21,1,0,Even,1,0
2003,2023-05-01,BK0083,Physics: Theory and Practice,S. Nair,Physics,SCIENCE,2002,53,13,12,2,0,Even,1,0
2004,2023-05-01,BK0084,Understanding Physics,V. Reddy,Physics,SCIENCE,2009,69,17,16,0,1,Even,1,0
2005,2023-05-01,BK0085,Introduction to Chemistry,R. Nair,Chemistry,SCIENCE,2009,61,20,20,6,1,Even,1,0
2006,2023-05-01,BK0086,Fundamentals of Chemistry,A. Iyer,Chemistry,SCIENCE,2021,69,35,27,6,0,Even,1,0
2007,2023-05-01,BK0087,Chemistry: A Practical Approach,A. Iyer,Chemistry,SCIENCE,2018,66,49,34,8,0,Even,1,0
2008,2023-05-01,BK0088,Advanced Chemistry,V. Singh,Chemistry,SCIENCE,2013,50,56,31,9,4,Even,1,0
2009,2023-05-01,BK0089,Principles of Chemistry,K. Menon,Chemistry,SCIENCE,2008,57,18,13,3,0,Even,1,0
2010,2023-05-01,BK0090,Chemistry for Engineers,D. Singh,Chemistry,SCIENCE,1998,62,12,6,2,0,Even,1,0
2011,2023-05-01,BK0091,Modern Chemistry,K. Nair,Chemistry,SCIENCE,2002,55,26,22,7,0,Even,1,0
2012,2023-05-01,BK0092,Applied Chemistry,P. Khan,Chemistry,SCIENCE,2019,15,61,25,6,23,Even,1,0
2013,2023-05-01,BK0093,Chemistry Concepts and Applications,P. Rao,Chemistry,SCIENCE,1997,66,26,32,4,0,Even,1,0
2014,2023-05-01,BK0094,Essentials of Chemistry,J. Menon,Chemistry,SCIENCE,2005,58,2,3,0,0,Even,1,0
2015,2023-05-01,BK0095,Chemistry: Theory and Practice,S. Bose,Chemistry,SCIENCE,2022,64,23,17,5,0,Even,1,0
2016,2023-05-01,BK0096,Understanding Chemistry,M. Sharma,Chemistry,SCIENCE,2023,54,6,14,0,1,Even,1,0
2017,2023-05-01,BK0097,Introduction to Business Management,A. Rao,Business Management,MBA,2007,43,19,19,4,0,Even,1,0
2018,2023-05-01,BK0098,Fundamentals of Business Management,V. Reddy,Business Management,MBA,2012,44,24,22,3,0,Even,1,0
2019,2023-05-01,BK0099,Business Management: A Practical Approach,P. Reddy,Business Management,MBA,2022,47,10,21,2,1,Even,1,0
2020,2023-05-01,BK0100,Advanced Business Management,N. Rao,Business Management,MBA,2018,37,16,17,2,1,Even,1,0
2021,2023-05-01,BK0101,Principles of Business Management,V. Bose,Business Management,MBA,2018,60,37,27,6,1,Even,1,0
2022,2023-05-01,BK0102,Business Management for Engineers,K. Iyer,Business Management,MBA,2001,47,5,7,0,0,Even,1,0
2023,2023-05-01,BK0103,Modern Business Management,N. Nair,Business Management,MBA,2017,69,7,5,1,0,Even,1,0
2024,2023-05-01,BK0104,Applied Business Management,K. Nair,Business Management,MBA,2020,36,61,54,14,15,Even,1,0
2025,2023-05-01,BK0105,Business Management Concepts and Applications,V. Sharma,Business Management,MBA,2002,16,23,14,4,3,Even,1,0
2026,2023-05-01,BK0106,Essentials of Business Management,J. Rao,Business Management,MBA,1996,37,32,23,6,0,Even,1,0
2027,2023-05-01,BK0107,Business Management: Theory and Practice,M. Khan,Business Management,MBA,2006,37,19,13,5,0,Even,1,0
2028,2023-05-01,BK0108,Understanding Business Management,M. Menon,Business Management,MBA,2007,67,49,42,10,0,Even,1,0
2029,2023-05-01,BK0109,Introduction to English Literature,N. Menon,English Literature,HUMANITIES,2013,67,17,17,1,1,Even,1,0
2030,2023-05-01,BK0110,Fundamentals of English Literature,K. Reddy,English Literature,HUMANITIES,2001,54,16,9,3,0,Even,1,0
2031,2023-05-01,BK0111,English Literature: A Practical Approach,S. Bose,English Literature,HUMANITIES,1997,66,50,50,5,0,Even,1,0
2032,2023-05-01,BK0112,Advanced English Literature,A. Khan,English Literature,HUMANITIES,2011,15,13,10,0,0,Even,1,0
2033,2023-05-01,BK0113,Principles of English Literature,J. Khan,English Literature,HUMANITIES,2006,33,9,9,1,0,Even,1,0
2034,2023-05-01,BK0114,English Literature for Engineers,M. Verma,English Literature,HUMANITIES,2006,30,50,50,5,9,Even,1,0
2035,2023-05-01,BK0115,Modern English Literature,V. Reddy,English Literature,HUMANITIES,2009,40,33,26,9,0,Even,1,0
2036,2023-05-01,BK0116,Applied English Literature,J. Menon,English Literature,HUMANITIES,2020,21,13,19,3,0,Even,1,0
2037,2023-05-01,BK0117,English Literature Concepts and Applications,M. Rao,English Literature,HUMANITIES,2012,56,18,23,2,0,Even,1,0
2038,2023-05-01,BK0118,Essentials of English Literature,N. Sharma,English Literature,HUMANITIES,2005,54,9,12,2,0,Even,1,0
2039,2023-05-01,BK0119,English Literature: Theory and Practice,D. Rao,English Literature,HUMANITIES,2007,56,34,43,5,0,Even,1,0
2040,2023-05-01,BK0120,Understanding English Literature,R. Rao,English Literature,HUMANITIES,1997,53,2,3,0,0,Even,1,0
2041,2023-06-01,BK0001,Introduction to Computer Science,N. Iyer,Computer Science,CSE,2016,67,5,19,3,0,Even,0,1
2042,2023-06-01,BK0002,Fundamentals of Computer Science,R. Singh,Computer Science,CSE,2016,58,11,33,0,0,Even,0,1
2043,2023-06-01,BK0003,Computer Science: A Practical Approach,J. Sharma,Computer Science,CSE,2006,69,0,4,0,0,Even,0,1
2044,2023-06-01,BK0004,Advanced Computer Science,K. Gupta,Computer Science,CSE,2022,28,4,30,0,0,Even,0,1
2045,2023-06-01,BK0005,Principles of Computer Science,R. Menon,Computer Science,CSE,2008,31,1,12,0,0,Even,0,1
2046,2023-06-01,BK0006,Computer Science for Engineers,K. Kumar,Computer Science,CSE,2012,40,3,11,0,0,Even,0,1
2047,2023-06-01,BK0007,Modern Computer Science,R. Menon,Computer Science,CSE,2010,59,10,31,1,0,Even,0,1
2048,2023-06-01,BK0008,Applied Computer Science,R. Nair,Computer Science,CSE,2007,15,6,21,2,0,Even,0,1
2049,2023-06-01,BK0009,Computer Science Concepts and Applications,J. Rao,Computer Science,CSE,2021,19,1,11,0,1,Even,0,1
2050,2023-06-01,BK0010,Essentials of Computer Science,D. Rao,Computer Science,CSE,2017,37,1,8,1,0,Even,0,1
2051,2023-06-01,BK0011,Computer Science: Theory and Practice,V. Nair,Computer Science,CSE,2020,69,5,25,1,0,Even,0,1
2052,2023-06-01,BK0012,Understanding Computer Science,N. Khan,Computer Science,CSE,2001,63,11,50,1,1,Even,0,1
2053,2023-06-01,BK0013,Introduction to Data Science,K. Iyer,Data Science,CSE,2016,42,4,21,2,1,Even,0,1
2054,2023-06-01,BK0014,Fundamentals of Data Science,R. Menon,Data Science,CSE,2005,69,7,25,0,0,Even,0,1
2055,2023-06-01,BK0015,Data Science: A Practical Approach,J. Rao,Data Science,CSE,2021,23,10,27,1,1,Even,0,1
2056,2023-06-01,BK0016,Advanced Data Science,M. Sharma,Data Science,CSE,2003,66,7,20,0,0,Even,0,1
2057,2023-06-01,BK0017,Principles of Data Science,A. Sharma,Data Science,CSE,1996,16,1,11,0,0,Even,0,1
2058,2023-06-01,BK0018,Data Science for Engineers,P. Rao,Data Science,CSE,2000,46,2,22,0,0,Even,0,1
2059,2023-06-01,BK0019,Modern Data Science,N. Iyer,Data Science,CSE,2010,30,6,23,1,0,Even,0,1
2060,2023-06-01,BK0020,Applied Data Science,A. Gupta,Data Science,CSE,2013,40,3,20,1,2,Even,0,1
2061,2023-06-01,BK0021,Data Science Concepts and Applications,S. Reddy,Data Science,CSE,2019,39,1,14,0,0,Even,0,1
2062,2023-06-01,BK0022,Essentials of Data Science,R. Rao,Data Science,CSE,2014,63,10,19,1,0,Even,0,1
2063,2023-06-01,BK0023,Data Science: Theory and Practice,R. Sharma,Data Science,CSE,2018,47,3,24,1,0,Even,0,1
2064,2023-06-01,BK0024,Understanding Data Science,V. Iyer,Data Science,CSE,2019,49,23,64,2,2,Even,0,1
2065,2023-06-01,BK0025,Introduction to Electronics,J. Kumar,Electronics,ECE,2015,62,11,24,2,0,Even,0,1
2066,2023-06-01,BK0026,Fundamentals of Electronics,K. Singh,Electronics,ECE,2013,36,1,6,0,0,Even,0,1
2067,2023-06-01,BK0027,Electronics: A Practical Approach,N. Bose,Electronics,ECE,1999,62,10,31,2,0,Even,0,1
2068,2023-06-01,BK0028,Advanced Electronics,S. Iyer,Electronics,ECE,2015,20,5,15,0,0,Even,0,1
2069,2023-06-01,BK0029,Principles of Electronics,S. Verma,Electronics,ECE,1997,32,9,27,2,0,Even,0,1
2070,2023-06-01,BK0030,Electronics for Engineers,J. Menon,Electronics,ECE,2016,37,5,26,2,0,Even,0,1
2071,2023-06-01,BK0031,Modern Electronics,R. Khan,Electronics,ECE,2020,49,2,19,1,1,Even,0,1
2072,2023-06-01,BK0032,Applied Electronics,R. Gupta,Electronics,ECE,2002,60,3,10,1,0,Even,0,1
2073,2023-06-01,BK0033,Electronics Concepts and Applications,S. Rao,Electronics,ECE,2016,36,6,28,0,1,Even,0,1
2074,2023-06-01,BK0034,Essentials of Electronics,A. Iyer,Electronics,ECE,2022,58,4,15,0,1,Even,0,1
2075,2023-06-01,BK0035,Electronics: Theory and Practice,M. Rao,Electronics,ECE,2011,33,16,78,4,1,Even,0,1
2076,2023-06-01,BK0036,Understanding Electronics,D. Rao,Electronics,ECE,1995,15,18,84,4,1,Even,0,1
2077,2023-06-01,BK0037,Introduction to Mechanical,R. Bose,Mechanical,MECH,2017,17,14,35,1,0,Even,0,1
2078,2023-06-01,BK0038,Fundamentals of Mechanical,D. Reddy,Mechanical,MECH,2008,66,22,43,3,0,Even,0,1
2079,2023-06-01,BK0039,Mechanical: A Practical Approach,M. Verma,Mechanical,MECH,2014,45,4,11,0,1,Even,0,1
2080,2023-06-01,BK0040,Advanced Mechanical,D. Menon,Mechanical,MECH,2010,69,7,37,1,0,Even,0,1
2081,2023-06-01,BK0041,Principles of Mechanical,R. Sharma,Mechanical,MECH,2005,51,11,27,1,0,Even,0,1
2082,2023-06-01,BK0042,Mechanical for Engineers,S. Sharma,Mechanical,MECH,1996,65,13,35,4,1,Even,0,1
2083,2023-06-01,BK0043,Modern Mechanical,R. Reddy,Mechanical,MECH,2020,67,14,33,2,0,Even,0,1
2084,2023-06-01,BK0044,Applied Mechanical,R. Khan,Mechanical,MECH,2003,38,3,10,1,0,Even,0,1
2085,2023-06-01,BK0045,Mechanical Concepts and Applications,S. Sharma,Mechanical,MECH,2017,27,1,13,0,1,Even,0,1
2086,2023-06-01,BK0046,Essentials of Mechanical,N. Gupta,Mechanical,MECH,2007,33,7,15,2,0,Even,0,1
2087,2023-06-01,BK0047,Mechanical: Theory and Practice,A. Iyer,Mechanical,MECH,1997,26,6,22,1,1,Even,0,1
2088,2023-06-01,BK0048,Understanding Mechanical,J. Iyer,Mechanical,MECH,2004,53,8,11,2,0,Even,0,1
2089,2023-06-01,BK0049,Introduction to Civil,D. Nair,Civil,CIVIL,2000,21,8,30,2,0,Even,0,1
2090,2023-06-01,BK0050,Fundamentals of Civil,V. Menon,Civil,CIVIL,2002,62,10,54,2,1,Even,0,1
2091,2023-06-01,BK0051,Civil: A Practical Approach,A. Bose,Civil,CIVIL,1997,59,4,16,0,2,Even,0,1
2092,2023-06-01,BK0052,Advanced Civil,R. Verma,Civil,CIVIL,1997,27,7,22,1,1,Even,0,1
2093,2023-06-01,BK0053,Principles of Civil,J. Verma,Civil,CIVIL,2015,30,6,27,1,0,Even,0,1
2094,2023-06-01,BK0054,Civil for Engineers,P. Nair,Civil,CIVIL,2003,63,5,16,1,1,Even,0,1
2095,2023-06-01,BK0055,Modern Civil,A. Nair,Civil,CIVIL,2018,42,4,8,1,0,Even,0,1
2096,2023-06-01,BK0056,Applied Civil,M. Singh,Civil,CIVIL,1999,55,13,28,1,1,Even,0,1
2097,2023-06-01,BK0057,Civil Concepts and Applications,K. Khan,Civil,CIVIL,2023,20,2,23,1,0,Even,0,1
2098,2023-06-01,BK0058,Essentials of Civil,R. Reddy,Civil,CIVIL,2007,19,16,43,4,0,Even,0,1
2099,2023-06-01,BK0059,Civil: Theory and Practice,N. Singh,Civil,CIVIL,2021,63,17,51,1,0,Even,0,1
2100,2023-06-01,BK0060,Understanding Civil,A. Kumar,Civil,CIVIL,1999,45,6,13,1,0,Even,0,1
2101,2023-06-01,BK0061,Introduction to Mathematics,M. Bose,Mathematics,SCIENCE,1995,65,7,18,0,1,Even,0,1
2102,2023-06-01,BK0062,Fundamentals of Mathematics,K. Sharma,Mathematics,SCIENCE,1996,68,9,32,0,0,Even,0,1
2103,2023-06-01,BK0063,Mathematics: A Practical Approach,P. Reddy,Mathematics,SCIENCE,2009,37,10,42,1,0,Even,0,1
2104,2023-06-01,BK0064,Advanced Mathematics,M. Nair,Mathematics,SCIENCE,2012,48,9,35,1,1,Even,0,1
2105,2023-06-01,BK0065,Principles of Mathematics,R. Khan,Mathematics,SCIENCE,2011,19,9,30,1,1,Even,0,1
2106,2023-06-01,BK0066,Mathematics for Engineers,K. Menon,Mathematics,SCIENCE,2015,16,1,14,0,0,Even,0,1
2107,2023-06-01,BK0067,Modern Mathematics,S. Gupta,Mathematics,SCIENCE,1997,41,25,65,4,0,Even,0,1
2108,2023-06-01,BK0068,Applied Mathematics,R. Menon,Mathematics,SCIENCE,2000,15,3,12,0,1,Even,0,1
2109,2023-06-01,BK0069,Mathematics Concepts and Applications,M. Gupta,Mathematics,SCIENCE,2016,61,11,30,3,0,Even,0,1
2110,2023-06-01,BK0070,Essentials of Mathematics,V. Khan,Mathematics,SCIENCE,2023,66,6,20,1,0,Even,0,1
2111,2023-06-01,BK0071,Mathematics: Theory and Practice,V. Bose,Mathematics,SCIENCE,1997,61,11,26,1,1,Even,0,1
2112,2023-06-01,BK0072,Understanding Mathematics,N. Khan,Mathematics,SCIENCE,2019,69,5,19,1,0,Even,0,1
2113,2023-06-01,BK0073,Introduction to Physics,M. Verma,Physics,SCIENCE,2007,32,5,13,0,0,Even,0,1
2114,2023-06-01,BK0074,Fundamentals of Physics,K. Bose,Physics,SCIENCE,2000,66,2,6,0,0,Even,0,1
2115,2023-06-01,BK0075,Physics: A Practical Approach,D. Kumar,Physics,SCIENCE,2010,18,8,14,1,0,Even,0,1
2116,2023-06-01,BK0076,Advanced Physics,V. Rao,Physics,SCIENCE,2000,16,2,5,2,0,Even,0,1
2117,2023-06-01,BK0077,Principles of Physics,K. Verma,Physics,SCIENCE,2007,58,6,21,2,0,Even,0,1
2118,2023-06-01,BK0078,Physics for Engineers,M. Bose,Physics,SCIENCE,1995,40,2,26,0,1,Even,0,1
2119,2023-06-01,BK0079,Modern Physics,P. Nair,Physics,SCIENCE,2004,58,5,42,3,0,Even,0,1
2120,2023-06-01,BK0080,Applied Physics,R. Singh,Physics,SCIENCE,2018,52,8,26,0,0,Even,0,1
2121,2023-06-01,BK0081,Physics Concepts and Applications,N. Reddy,Physics,SCIENCE,2006,49,15,32,0,0,Even,0,1
2122,2023-06-01,BK0082,Essentials of Physics,S. Sharma,Physics,SCIENCE,2008,44,4,15,0,1,Even,0,1
2123,2023-06-01,BK0083,Physics: Theory and Practice,S. Nair,Physics,SCIENCE,2002,53,4,11,1,0,Even,0,1
2124,2023-06-01,BK0084,Understanding Physics,V. Reddy,Physics,SCIENCE,2009,69,3,15,0,0,Even,0,1
2125,2023-06-01,BK0085,Introduction to Chemistry,R. Nair,Chemistry,SCIENCE,2009,61,6,14,1,1,Even,0,1
2126,2023-06-01,BK0086,Fundamentals of Chemistry,A. Iyer,Chemistry,SCIENCE,2021,69,6,29,1,1,Even,0,1
2127,2023-06-01,BK0087,Chemistry: A Practical Approach,A. Iyer,Chemistry,SCIENCE,2018,66,8,39,3,0,Even,0,1
2128,2023-06-01,BK0088,Advanced Chemistry,V. Singh,Chemistry,SCIENCE,2013,50,13,47,1,0,Even,0,1
2129,2023-06-01,BK0089,Principles of Chemistry,K. Menon,Chemistry,SCIENCE,2008,57,2,14,1,0,Even,0,1
2130,2023-06-01,BK0090,Chemistry for Engineers,D. Singh,Chemistry,SCIENCE,1998,62,5,10,1,0,Even,0,1
2131,2023-06-01,BK0091,Modern Chemistry,K. Nair,Chemistry,SCIENCE,2002,55,11,23,2,1,Even,0,1
2132,2023-06-01,BK0092,Applied Chemistry,P. Khan,Chemistry,SCIENCE,2019,15,12,51,0,0,Even,0,1
2133,2023-06-01,BK0093,Chemistry Concepts and Applications,P. Rao,Chemistry,SCIENCE,1997,66,5,23,0,0,Even,0,1
2134,2023-06-01,BK0094,Essentials of Chemistry,J. Menon,Chemistry,SCIENCE,2005,58,1,2,0,0,Even,0,1
2135,2023-06-01,BK0095,Chemistry: Theory and Practice,S. Bose,Chemistry,SCIENCE,2022,64,9,20,2,1,Even,0,1
2136,2023-06-01,BK0096,Understanding Chemistry,M. Sharma,Chemistry,SCIENCE,2023,54,3,4,0,1,Even,0,1
2137,2023-06-01,BK0097,Introduction to Business Management,A. Rao,Business Management,MBA,2007,43,7,17,2,0,Even,0,1
2138,2023-06-01,BK0098,Fundamentals of Business Management,V. Reddy,Business Management,MBA,2012,44,5,24,2,1,Even,0,1
2139,2023-06-01,BK0099,Business Management: A Practical Approach,P. Reddy,Business Management,MBA,2022,47,4,9,2,0,Even,0,1
2140,2023-06-01,BK0100,Advanced Business Management,N. Rao,Business Management,MBA,2018,37,7,13,1,0,Even,0,1
2141,2023-06-01,BK0101,Principles of Business Management,V. Bose,Business Management,MBA,2018,60,9,30,0,2,Even,0,1
2142,2023-06-01,BK0102,Business Management for Engineers,K. Iyer,Business Management,MBA,2001,47,0,5,0,0,Even,0,1
2143,2023-06-01,BK0103,Modern Business Management,N. Nair,Business Management,MBA,2017,69,2,6,0,0,Even,0,1
2144,2023-06-01,BK0104,Applied Business Management,K. Nair,Business Management,MBA,2020,36,11,49,2,0,Even,0,1
2145,2023-06-01,BK0105,Business Management Concepts and Applications,V. Sharma,Business Management,MBA,2002,16,3,21,0,0,Even,0,1
2146,2023-06-01,BK0106,Essentials of Business Management,J. Rao,Business Management,MBA,1996,37,10,27,0,0,Even,0,1
2147,2023-06-01,BK0107,Business Management: Theory and Practice,M. Khan,Business Management,MBA,2006,37,5,14,1,1,Even,0,1
2148,2023-06-01,BK0108,Understanding Business Management,M. Menon,Business Management,MBA,2007,67,18,42,3,0,Even,0,1
2149,2023-06-01,BK0109,Introduction to English Literature,N. Menon,English Literature,HUMANITIES,2013,67,7,16,2,0,Even,0,1
2150,2023-06-01,BK0110,Fundamentals of English Literature,K. Reddy,English Literature,HUMANITIES,2001,54,8,14,2,0,Even,0,1
2151,2023-06-01,BK0111,English Literature: A Practical Approach,S. Bose,English Literature,HUMANITIES,1997,66,25,43,1,1,Even,0,1
2152,2023-06-01,BK0112,Advanced English Literature,A. Khan,English Literature,HUMANITIES,2011,15,7,9,0,0,Even,0,1
2153,2023-06-01,BK0113,Principles of English Literature,J. Khan,English Literature,HUMANITIES,2006,33,2,6,2,0,Even,0,1
2154,2023-06-01,BK0114,English Literature for Engineers,M. Verma,English Literature,HUMANITIES,2006,30,27,41,1,0,Even,0,1
2155,2023-06-01,BK0115,Modern English Literature,V. Reddy,English Literature,HUMANITIES,2009,40,4,28,1,0,Even,0,1
2156,2023-06-01,BK0116,Applied English Literature,J. Menon,English Literature,HUMANITIES,2020,21,17,11,2,0,Even,0,1
2157,2023-06-01,BK0117,English Literature Concepts and Applications,M. Rao,English Literature,HUMANITIES,2012,56,11,17,3,0,Even,0,1
2158,2023-06-01,BK0118,Essentials of English Literature,N. Sharma,English Literature,HUMANITIES,2005,54,2,8,0,0,Even,0,1
2159,2023-06-01,BK0119,English Literature: Theory and Practice,D. Rao,English Literature,HUMANITIES,2007,56,19,31,3,1,Even,0,1
2160,2023-06-01,BK0120,Understanding English Literature,R. Rao,English Literature,HUMANITIES,1997,53,2,2,2,0,Even,0,1
2161,2023-07-01,BK0001,Introduction to Computer Science,N. Iyer,Computer Science,CSE,2016,67,8,5,1,1,Odd,0,0
2162,2023-07-01,BK0002,Fundamentals of Computer Science,R. Singh,Computer Science,CSE,2016,58,24,10,3,0,Odd,0,0
2163,2023-07-01,BK0003,Computer Science: A Practical Approach,J. Sharma,Computer Science,CSE,2006,69,2,0,0,1,Odd,0,0
2164,2023-07-01,BK0004,Advanced Computer Science,K. Gupta,Computer Science,CSE,2022,28,28,2,5,1,Odd,0,0
2165,2023-07-01,BK0005,Principles of Computer Science,R. Menon,Computer Science,CSE,2008,31,8,1,1,0,Odd,0,0
2166,2023-07-01,BK0006,Computer Science for Engineers,K. Kumar,Computer Science,CSE,2012,40,7,3,1,0,Odd,0,0
2167,2023-07-01,BK0007,Modern Computer Science,R. Menon,Computer Science,CSE,2010,59,30,9,3,1,Odd,0,0
2168,2023-07-01,BK0008,Applied Computer Science,R. Nair,Computer Science,CSE,2007,15,20,5,4,1,Odd,0,0
2169,2023-07-01,BK0009,Computer Science Concepts and Applications,J. Rao,Computer Science,CSE,2021,19,4,1,0,1,Odd,0,0
2170,2023-07-01,BK0010,Essentials of Computer Science,D. Rao,Computer Science,CSE,2017,37,7,1,1,0,Odd,0,0
2171,2023-07-01,BK0011,Computer Science: Theory and Practice,V. Nair,Computer Science,CSE,2020,69,18,4,2,0,Odd,0,0
2172,2023-07-01,BK0012,Understanding Computer Science,N. Khan,Computer Science,CSE,2001,63,28,10,5,1,Odd,0,0
2173,2023-07-01,BK0013,Introduction to Data Science,K. Iyer,Data Science,CSE,2016,42,15,4,2,0,Odd,0,0
2174,2023-07-01,BK0014,Fundamentals of Data Science,R. Menon,Data Science,CSE,2005,69,21,6,2,0,Odd,0,0
2175,2023-07-01,BK0015,Data Science: A Practical Approach,J. Rao,Data Science,CSE,2021,23,24,7,5,0,Odd,0,0
2176,2023-07-01,BK0016,Advanced Data Science,M. Sharma,Data Science,CSE,2003,66,11,5,3,0,Odd,0,0
2177,2023-07-01,BK0017,Principles of Data Science,A. Sharma,Data Science,CSE,1996,16,6,1,0,0,Odd,0,0
2178,2023-07-01,BK0018,Data Science for Engineers,P. Rao,Data Science,CSE,2000,46,9,2,1,0,Odd,0,0
2179,2023-07-01,BK0019,Modern Data Science,N. Iyer,Data Science,CSE,2010,30,20,5,6,0,Odd,0,0
2180,2023-07-01,BK0020,Applied Data Science,A. Gupta,Data Science,CSE,2013,40,10,3,0,1,Odd,0,0
2181,2023-07-01,BK0021,Data Science Concepts and Applications,S. Reddy,Data Science,CSE,2019,39,6,0,1,0,Odd,0,0
2182,2023-07-01,BK0022,Essentials of Data Science,R. Rao,Data Science,CSE,2014,63,16,10,2,1,Odd,0,0
2183,2023-07-01,BK0023,Data Science: Theory and Practice,R. Sharma,Data Science,CSE,2018,47,10,3,1,0,Odd,0,0
2184,2023-07-01,BK0024,Understanding Data Science,V. Iyer,Data Science,CSE,2019,49,44,22,3,0,Odd,0,0
2185,2023-07-01,BK0025,Introduction to Electronics,J. Kumar,Electronics,ECE,2015,62,16,9,2,0,Odd,0,0
2186,2023-07-01,BK0026,Fundamentals of Electronics,K. Singh,Electronics,ECE,2013,36,4,1,1,0,Odd,0,0
2187,2023-07-01,BK0027,Electronics: A Practical Approach,N. Bose,Electronics,ECE,1999,62,31,9,4,0,Odd,0,0
2188,2023-07-01,BK0028,Advanced Electronics,S. Iyer,Electronics,ECE,2015,20,19,5,2,0,Odd,0,0
2189,2023-07-01,BK0029,Principles of Electronics,S. Verma,Electronics,ECE,1997,32,31,9,3,0,Odd,0,0
2190,2023-07-01,BK0030,Electronics for Engineers,J. Menon,Electronics,ECE,2016,37,10,3,0,0,Odd,0,0
2191,2023-07-01,BK0031,Modern Electronics,R. Khan,Electronics,ECE,2020,49,10,2,4,0,Odd,0,0
2192,2023-07-01,BK0032,Applied Electronics,R. Gupta,Electronics,ECE,2002,60,7,3,1,0,Odd,0,0
2193,2023-07-01,BK0033,Electronics Concepts and Applications,S. Rao,Electronics,ECE,2016,36,28,6,2,0,Odd,0,0
2194,2023-07-01,BK0034,Essentials of Electronics,A. Iyer,Electronics,ECE,2022,58,13,3,1,0,Odd,0,0
2195,2023-07-01,BK0035,Electronics: Theory and Practice,M. Rao,Electronics,ECE,2011,33,66,15,8,15,Odd,0,0
2196,2023-07-01,BK0036,Understanding Electronics,D. Rao,Electronics,ECE,1995,15,40,16,5,8,Odd,0,0
2197,2023-07-01,BK0037,Introduction to Mechanical,R. Bose,Mechanical,MECH,2017,17,24,10,6,2,Odd,0,0
2198,2023-07-01,BK0038,Fundamentals of Mechanical,D. Reddy,Mechanical,MECH,2008,66,39,17,5,0,Odd,0,0
2199,2023-07-01,BK0039,Mechanical: A Practical Approach,M. Verma,Mechanical,MECH,2014,45,10,4,2,0,Odd,0,0
2200,2023-07-01,BK0040,Advanced Mechanical,D. Menon,Mechanical,MECH,2010,69,29,7,3,0,Odd,0,0
2201,2023-07-01,BK0041,Principles of Mechanical,R. Sharma,Mechanical,MECH,2005,51,25,9,1,1,Odd,0,0
2202,2023-07-01,BK0042,Mechanical for Engineers,S. Sharma,Mechanical,MECH,1996,65,34,10,7,0,Odd,0,0
2203,2023-07-01,BK0043,Modern Mechanical,R. Reddy,Mechanical,MECH,2020,67,22,13,1,0,Odd,0,0
2204,2023-07-01,BK0044,Applied Mechanical,R. Khan,Mechanical,MECH,2003,38,5,2,0,0,Odd,0,0
2205,2023-07-01,BK0045,Mechanical Concepts and Applications,S. Sharma,Mechanical,MECH,2017,27,10,1,1,0,Odd,0,0
2206,2023-07-01,BK0046,Essentials of Mechanical,N. Gupta,Mechanical,MECH,2007,33,11,5,1,0,Odd,0,0
2207,2023-07-01,BK0047,Mechanical: Theory and Practice,A. Iyer,Mechanical,MECH,1997,26,15,5,4,0,Odd,0,0
2208,2023-07-01,BK0048,Understanding Mechanical,J. Iyer,Mechanical,MECH,2004,53,12,6,2,0,Odd,0,0
2209,2023-07-01,BK0049,Introduction to Civil,D. Nair,Civil,CIVIL,2000,21,15,6,2,0,Odd,0,0
2210,2023-07-01,BK0050,Fundamentals of Civil,V. Menon,Civil,CIVIL,2002,62,27,10,8,0,Odd,0,0
2211,2023-07-01,BK0051,Civil: A Practical Approach,A. Bose,Civil,CIVIL,1997,59,10,3,1,0,Odd,0,0
2212,2023-07-01,BK0052,Advanced Civil,R. Verma,Civil,CIVIL,1997,27,10,7,0,1,Odd,0,0
2213,2023-07-01,BK0053,Principles of Civil,J. Verma,Civil,CIVIL,2015,30,21,5,4,0,Odd,0,0
2214,2023-07-01,BK0054,Civil for Engineers,P. Nair,Civil,CIVIL,2003,63,16,4,2,1,Odd,0,0
2215,2023-07-01,BK0055,Modern Civil,A. Nair,Civil,CIVIL,2018,42,10,3,0,1,Odd,0,0
2216,2023-07-01,BK0056,Applied Civil,M. Singh,Civil,CIVIL,1999,55,48,11,6,0,Odd,0,0
2217,2023-07-01,BK0057,Civil Concepts and Applications,K. Khan,Civil,CIVIL,2023,20,15,2,1,0,Odd,0,0
2218,2023-07-01,BK0058,Essentials of Civil,R. Reddy,Civil,CIVIL,2007,19,48,15,2,17,Odd,0,0
2219,2023-07-01,BK0059,Civil: Theory and Practice,N. Singh,Civil,CIVIL,2021,63,51,14,8,0,Odd,0,0
2220,2023-07-01,BK0060,Understanding Civil,A. Kumar,Civil,CIVIL,1999,45,14,5,2,0,Odd,0,0
2221,2023-07-01,BK0061,Introduction to Mathematics,M. Bose,Mathematics,SCIENCE,1995,65,18,6,2,1,Odd,0,0
2222,2023-07-01,BK0062,Fundamentals of Mathematics,K. Sharma,Mathematics,SCIENCE,1996,68,27,9,5,0,Odd,0,0
2223,2023-07-01,BK0063,Mathematics: A Practical Approach,P. Reddy,Mathematics,SCIENCE,2009,37,27,10,1,0,Odd,0,0
2224,2023-07-01,BK0064,Advanced Mathematics,M. Nair,Mathematics,SCIENCE,2012,48,14,7,1,1,Odd,0,0
2225,2023-07-01,BK0065,Principles of Mathematics,R. Khan,Mathematics,SCIENCE,2011,19,11,9,1,0,Odd,0,0
2226,2023-07-01,BK0066,Mathematics for Engineers,K. Menon,Mathematics,SCIENCE,2015,16,5,1,0,0,Odd,0,0
2227,2023-07-01,BK0067,Modern Mathematics,S. Gupta,Mathematics,SCIENCE,1997,41,48,24,7,2,Odd,0,0
2228,2023-07-01,BK0068,Applied Mathematics,R. Menon,Mathematics,SCIENCE,2000,15,8,3,0,1,Odd,0,0
2229,2023-07-01,BK0069,Mathematics Concepts and Applications,M. Gupta,Mathematics,SCIENCE,2016,61,21,10,3,0,Odd,0,0
2230,2023-07-01,BK0070,Essentials of Mathematics,V. Khan,Mathematics,SCIENCE,2023,66,13,5,5,0,Odd,0,0
2231,2023-07-01,BK0071,Mathematics: Theory and Practice,V. Bose,Mathematics,SCIENCE,1997,61,26,11,6,0,Odd,0,0
2232,2023-07-01,BK0072,Understanding Mathematics,N. Khan,Mathematics,SCIENCE,2019,69,12,5,2,0,Odd,0,0
2233,2023-07-01,BK0073,Introduction to Physics,M. Verma,Physics,SCIENCE,2007,32,13,5,3,1,Odd,0,0
2234,2023-07-01,BK0074,Fundamentals of Physics,K. Bose,Physics,SCIENCE,2000,66,14,2,2,0,Odd,0,0
2235,2023-07-01,BK0075,Physics: A Practical Approach,D. Kumar,Physics,SCIENCE,2010,18,20,5,2,2,Odd,0,0
2236,2023-07-01,BK0076,Advanced Physics,V. Rao,Physics,SCIENCE,2000,16,4,2,2,0,Odd,0,0
2237,2023-07-01,BK0077,Principles of Physics,K. Verma,Physics,SCIENCE,2007,58,10,4,1,0,Odd,0,0
2238,2023-07-01,BK0078,Physics for Engineers,M. Bose,Physics,SCIENCE,1995,40,16,2,2,1,Odd,0,0
2239,2023-07-01,BK0079,Modern Physics,P. Nair,Physics,SCIENCE,2004,58,31,5,11,0,Odd,0,0
2240,2023-07-01,BK0080,Applied Physics,R. Singh,Physics,SCIENCE,2018,52,24,8,3,0,Odd,0,0
2241,2023-07-01,BK0081,Physics Concepts and Applications,N. Reddy,Physics,SCIENCE,2006,49,17,15,2,1,Odd,0,0
2242,2023-07-01,BK0082,Essentials of Physics,S. Sharma,Physics,SCIENCE,2008,44,16,3,4,1,Odd,0,0
2243,2023-07-01,BK0083,Physics: Theory and Practice,S. Nair,Physics,SCIENCE,2002,53,7,3,1,0,Odd,0,0
2244,2023-07-01,BK0084,Understanding Physics,V. Reddy,Physics,SCIENCE,2009,69,5,2,1,0,Odd,0,0
2245,2023-07-01,BK0085,Introduction to Chemistry,R. Nair,Chemistry,SCIENCE,2009,61,15,5,2,0,Odd,0,0
2246,2023-07-01,BK0086,Fundamentals of Chemistry,A. Iyer,Chemistry,SCIENCE,2021,69,19,5,1,0,Odd,0,0
2247,2023-07-01,BK0087,Chemistry: A Practical Approach,A. Iyer,Chemistry,SCIENCE,2018,66,31,8,6,2,Odd,0,0
2248,2023-07-01,BK0088,Advanced Chemistry,V. Singh,Chemistry,SCIENCE,2013,50,36,11,6,0,Odd,0,0
2249,2023-07-01,BK0089,Principles of Chemistry,K. Menon,Chemistry,SCIENCE,2008,57,9,2,0,0,Odd,0,0
2250,2023-07-01,BK0090,Chemistry for Engineers,D. Singh,Chemistry,SCIENCE,1998,62,6,4,0,1,Odd,0,0
2251,2023-07-01,BK0091,Modern Chemistry,K. Nair,Chemistry,SCIENCE,2002,55,19,8,5,0,Odd,0,0
2252,2023-07-01,BK0092,Applied Chemistry,P. Khan,Chemistry,SCIENCE,2019,15,44,10,4,8,Odd,0,0
2253,2023-07-01,BK0093,Chemistry Concepts and Applications,P. Rao,Chemistry,SCIENCE,1997,66,15,3,2,0,Odd,0,0
2254,2023-07-01,BK0094,Essentials of Chemistry,J. Menon,Chemistry,SCIENCE,2005,58,9,0,1,0,Odd,0,0
2255,2023-07-01,BK0095,Chemistry: Theory and Practice,S. Bose,Chemistry,SCIENCE,2022,64,21,8,5,1,Odd,0,0
2256,2023-07-01,BK0096,Understanding Chemistry,M. Sharma,Chemistry,SCIENCE,2023,54,6,1,1,0,Odd,0,0
2257,2023-07-01,BK0097,Introduction to Business Management,A. Rao,Business Management,MBA,2007,43,15,6,0,0,Odd,0,0
2258,2023-07-01,BK0098,Fundamentals of Business Management,V. Reddy,Business Management,MBA,2012,44,22,5,4,1,Odd,0,0
2259,2023-07-01,BK0099,Business Management: A Practical Approach,P. Reddy,Business Management,MBA,2022,47,9,3,3,0,Odd,0,0
2260,2023-07-01,BK0100,Advanced Business Management,N. Rao,Business Management,MBA,2018,37,12,6,2,0,Odd,0,0
2261,2023-07-01,BK0101,Principles of Business Management,V. Bose,Business Management,MBA,2018,60,26,8,2,0,Odd,0,0
2262,2023-07-01,BK0102,Business Management for Engineers,K. Iyer,Business Management,MBA,2001,47,4,0,0,0,Odd,0,0
2263,2023-07-01,BK0103,Modern Business Management,N. Nair,Business Management,MBA,2017,69,1,2,0,0,Odd,0,0
2264,2023-07-01,BK0104,Applied Business Management,K. Nair,Business Management,MBA,2020,36,44,10,7,3,Odd,0,0
2265,2023-07-01,BK0105,Business Management Concepts and Applications,V. Sharma,Business Management,MBA,2002,16,16,3,3,0,Odd,0,0
2266,2023-07-01,BK0106,Essentials of Business Management,J. Rao,Business Management,MBA,1996,37,31,8,7,0,Odd,0,0
2267,2023-07-01,BK0107,Business Management: Theory and Practice,M. Khan,Business Management,MBA,2006,37,12,5,2,1,Odd,0,0
2268,2023-07-01,BK0108,Understanding Business Management,M. Menon,Business Management,MBA,2007,67,39,13,10,1,Odd,0,0
2269,2023-07-01,BK0109,Introduction to English Literature,N. Menon,English Literature,HUMANITIES,2013,67,15,7,0,0,Odd,0,0
2270,2023-07-01,BK0110,Fundamentals of English Literature,K. Reddy,English Literature,HUMANITIES,2001,54,27,7,2,0,Odd,0,0
2271,2023-07-01,BK0111,English Literature: A Practical Approach,S. Bose,English Literature,HUMANITIES,1997,66,38,18,5,0,Odd,0,0
2272,2023-07-01,BK0112,Advanced English Literature,A. Khan,English Literature,HUMANITIES,2011,15,11,7,1,1,Odd,0,0
2273,2023-07-01,BK0113,Principles of English Literature,J. Khan,English Literature,HUMANITIES,2006,33,14,2,1,1,Odd,0,0
2274,2023-07-01,BK0114,English Literature for Engineers,M. Verma,English Literature,HUMANITIES,2006,30,46,25,9,7,Odd,0,0
2275,2023-07-01,BK0115,Modern English Literature,V. Reddy,English Literature,HUMANITIES,2009,40,24,3,3,0,Odd,0,0
2276,2023-07-01,BK0116,Applied English Literature,J. Menon,English Literature,HUMANITIES,2020,21,23,14,5,3,Odd,0,0
2277,2023-07-01,BK0117,English Literature Concepts and Applications,M. Rao,English Literature,HUMANITIES,2012,56,31,9,3,0,Odd,0,0
2278,2023-07-01,BK0118,Essentials of English Literature,N. Sharma,English Literature,HUMANITIES,2005,54,8,1,2,1,Odd,0,0
2279,2023-07-01,BK0119,English Literature: Theory and Practice,D. Rao,English Literature,HUMANITIES,2007,56,36,16,9,0,Odd,0,0
2280,2023-07-01,BK0120,Understanding English Literature,R. Rao,English Literature,HUMANITIES,1997,53,2,2,0,0,Odd,0,0
2281,2023-08-01,BK0001,Introduction to Computer Science,N. Iyer,Computer Science,CSE,2016,67,13,8,2,0,Odd,0,0
2282,2023-08-01,BK0002,Fundamentals of Computer Science,R. Singh,Computer Science,CSE,2016,58,26,21,9,0,Odd,0,0
2283,2023-08-01,BK0003,Computer Science: A Practical Approach,J. Sharma,Computer Science,CSE,2006,69,3,2,0,1,Odd,0,0
2284,2023-08-01,BK0004,Advanced Computer Science,K. Gupta,Computer Science,CSE,2022,28,38,26,4,6,Odd,0,0
2285,2023-08-01,BK0005,Principles of Computer Science,R. Menon,Computer Science,CSE,2008,31,10,7,0,0,Odd,0,0
2286,2023-08-01,BK0006,Computer Science for Engineers,K. Kumar,Computer Science,CSE,2012,40,11,6,2,0,Odd,0,0
2287,2023-08-01,BK0007,Modern Computer Science,R. Menon,Computer Science,CSE,2010,59,24,25,2,0,Odd,0,0
2288,2023-08-01,BK0008,Applied Computer Science,R. Nair,Computer Science,CSE,2007,15,27,17,10,2,Odd,0,0
2289,2023-08-01,BK0009,Computer Science Concepts and Applications,J. Rao,Computer Science,CSE,2021,19,8,3,0,0,Odd,0,0
2290,2023-08-01,BK0010,Essentials of Computer Science,D. Rao,Computer Science,CSE,2017,37,9,6,2,0,Odd,0,0
2291,2023-08-01,BK0011,Computer Science: Theory and Practice,V. Nair,Computer Science,CSE,2020,69,13,18,0,0,Odd,0,0
2292,2023-08-01,BK0012,Understanding Computer Science,N. Khan,Computer Science,CSE,2001,63,25,26,5,1,Odd,0,0
2293,2023-08-01,BK0013,Introduction to Data Science,K. Iyer,Data Science,CSE,2016,42,20,14,2,1,Odd,0,0
2294,2023-08-01,BK0014,Fundamentals of Data Science,R. Menon,Data Science,CSE,2005,69,17,17,2,0,Odd,0,0
2295,2023-08-01,BK0015,Data Science: A Practical Approach,J. Rao,Data Science,CSE,2021,23,28,18,4,6,Odd,0,0
2296,2023-08-01,BK0016,Advanced Data Science,M. Sharma,Data Science,CSE,2003,66,12,8,4,0,Odd,0,0
2297,2023-08-01,BK0017,Principles of Data Science,A. Sharma,Data Science,CSE,1996,16,5,5,0,0,Odd,0,0
2298,2023-08-01,BK0018,Data Science for Engineers,P. Rao,Data Science,CSE,2000,46,8,9,1,0,Odd,0,0
2299,2023-08-01,BK0019,Modern Data Science,N. Iyer,Data Science,CSE,2010,30,18,17,0,0,Odd,0,0
2300,2023-08-01,BK0020,Applied Data Science,A. Gupta,Data Science,CSE,2013,40,15,8,3,0,Odd,0,0
2301,2023-08-01,BK0021,Data Science Concepts and Applications,S. Reddy,Data Science,CSE,2019,39,5,4,3,0,Odd,0,0
2302,2023-08-01,BK0022,Essentials of Data Science,R. Rao,Data Science,CSE,2014,63,18,13,3,0,Odd,0,0
2303,2023-08-01,BK0023,Data Science: Theory and Practice,R. Sharma,Data Science,CSE,2018,47,5,10,1,0,Odd,0,0
2304,2023-08-01,BK0024,Understanding Data Science,V. Iyer,Data Science,CSE,2019,49,31,33,2,0,Odd,0,0
2305,2023-08-01,BK0025,Introduction to Electronics,J. Kumar,Electronics,ECE,2015,62,6,13,0,0,Odd,0,0
2306,2023-08-01,BK0026,Fundamentals of Electronics,K. Singh,Electronics,ECE,2013,36,4,4,1,0,Odd,0,0
2307,2023-08-01,BK0027,Electronics: A Practical Approach,N. Bose,Electronics,ECE,1999,62,26,28,0,0,Odd,0,0
2308,2023-08-01,BK0028,Advanced Electronics,S. Iyer,Electronics,ECE,2015,20,8,16,1,0,Odd,0,0
2309,2023-08-01,BK0029,Principles of Electronics,S. Verma,Electronics,ECE,1997,32,25,23,2,0,Odd,0,0
2310,2023-08-01,BK0030,Electronics for Engineers,J. Menon,Electronics,ECE,2016,37,17,9,0,0,Odd,0,0
2311,2023-08-01,BK0031,Modern Electronics,R. Khan,Electronics,ECE,2020,49,19,6,2,0,Odd,0,0
2312,2023-08-01,BK0032,Applied Electronics,R. Gupta,Electronics,ECE,2002,60,7,4,0,1,Odd,0,0
2313,2023-08-01,BK0033,Electronics Concepts and Applications,S. Rao,Electronics,ECE,2016,36,11,25,4,0,Odd,0,0
2314,2023-08-01,BK0034,Essentials of Electronics,A. Iyer,Electronics,ECE,2022,58,10,10,1,0,Odd,0,0
2315,2023-08-01,BK0035,Electronics: Theory and Practice,M. Rao,Electronics,ECE,2011,33,45,57,11,9,Odd,0,0
2316,2023-08-01,BK0036,Understanding Electronics,D. Rao,Electronics,ECE,1995,15,62,37,7,25,Odd,0,0
2317,2023-08-01,BK0037,Introduction to Mechanical,R. Bose,Mechanical,MECH,2017,17,21,22,2,7,Odd,0,0
2318,2023-08-01,BK0038,Fundamentals of Mechanical,D. Reddy,Mechanical,MECH,2008,66,40,30,3,0,Odd,0,0
2319,2023-08-01,BK0039,Mechanical: A Practical Approach,M. Verma,Mechanical,MECH,2014,45,11,9,2,1,Odd,0,0
2320,2023-08-01,BK0040,Advanced Mechanical,D. Menon,Mechanical,MECH,2010,69,28,25,6,0,Odd,0,0
2321,2023-08-01,BK0041,Principles of Mechanical,R. Sharma,Mechanical,MECH,2005,51,18,17,6,0,Odd,0,0
2322,2023-08-01,BK0042,Mechanical for Engineers,S. Sharma,Mechanical,MECH,1996,65,26,30,4,0,Odd,0,0
2323,2023-08-01,BK0043,Modern Mechanical,R. Reddy,Mechanical,MECH,2020,67,35,17,7,0,Odd,0,0
2324,2023-08-01,BK0044,Applied Mechanical,R. Khan,Mechanical,MECH,2003,38,5,3,2,0,Odd,0,0
2325,2023-08-01,BK0045,Mechanical Concepts and Applications,S. Sharma,Mechanical,MECH,2017,27,14,7,3,0,Odd,0,0
2326,2023-08-01,BK0046,Essentials of Mechanical,N. Gupta,Mechanical,MECH,2007,33,13,11,5,0,Odd,0,0
2327,2023-08-01,BK0047,Mechanical: Theory and Practice,A. Iyer,Mechanical,MECH,1997,26,14,12,3,0,Odd,0,0
2328,2023-08-01,BK0048,Understanding Mechanical,J. Iyer,Mechanical,MECH,2004,53,13,11,2,0,Odd,0,0
2329,2023-08-01,BK0049,Introduction to Civil,D. Nair,Civil,CIVIL,2000,21,9,10,4,0,Odd,0,0
2330,2023-08-01,BK0050,Fundamentals of Civil,V. Menon,Civil,CIVIL,2002,62,35,21,5,0,Odd,0,0
2331,2023-08-01,BK0051,Civil: A Practical Approach,A. Bose,Civil,CIVIL,1997,59,7,10,2,0,Odd,0,0
2332,2023-08-01,BK0052,Advanced Civil,R. Verma,Civil,CIVIL,1997,27,17,8,3,0,Odd,0,0
2333,2023-08-01,BK0053,Principles of Civil,J. Verma,Civil,CIVIL,2015,30,26,15,7,0,Odd,0,0
2334,2023-08-01,BK0054,Civil for Engineers,P. Nair,Civil,CIVIL,2003,63,20,16,3,0,Odd,0,0
2335,2023-08-01,BK0055,Modern Civil,A. Nair,Civil,CIVIL,2018,42,9,6,1,0,Odd,0,0
2336,2023-08-01,BK0056,Applied Civil,M. Singh,Civil,CIVIL,1999,55,29,41,2,0,Odd,0,0
2337,2023-08-01,BK0057,Civil Concepts and Applications,K. Khan,Civil,CIVIL,2023,20,15,10,2,0,Odd,0,0
2338,2023-08-01,BK0058,Essentials of Civil,R. Reddy,Civil,CIVIL,2007,19,42,36,4,7,Odd,0,0
2339,2023-08-01,BK0059,Civil: Theory and Practice,N. Singh,Civil,CIVIL,2021,63,51,46,10,0,Odd,0,0
2340,2023-08-01,BK0060,Understanding Civil,A. Kumar,Civil,CIVIL,1999,45,11,13,2,0,Odd,0,0
2341,2023-08-01,BK0061,Introduction to Mathematics,M. Bose,Mathematics,SCIENCE,1995,65,21,17,0,0,Odd,0,0
2342,2023-08-01,BK0062,Fundamentals of Mathematics,K. Sharma,Mathematics,SCIENCE,1996,68,19,24,1,0,Odd,0,0
2343,2023-08-01,BK0063,Mathematics: A Practical Approach,P. Reddy,Mathematics,SCIENCE,2009,37,25,24,2,0,Odd,0,0
2344,2023-08-01,BK0064,Advanced Mathematics,M. Nair,Mathematics,SCIENCE,2012,48,20,14,0,1,Odd,0,0
2345,2023-08-01,BK0065,Principles of Mathematics,R. Khan,Mathematics,SCIENCE,2011,19,9,8,2,1,Odd,0,0
2346,2023-08-01,BK0066,Mathematics for Engineers,K. Menon,Mathematics,SCIENCE,2015,16,9,5,2,0,Odd,0,0
2347,2023-08-01,BK0067,Modern Mathematics,S. Gupta,Mathematics,SCIENCE,1997,41,44,43,7,0,Odd,0,0
2348,2023-08-01,BK0068,Applied Mathematics,R. Menon,Mathematics,SCIENCE,2000,15,7,7,1,0,Odd,0,0
2349,2023-08-01,BK0069,Mathematics Concepts and Applications,M. Gupta,Mathematics,SCIENCE,2016,61,14,20,1,0,Odd,0,0
2350,2023-08-01,BK0070,Essentials of Mathematics,V. Khan,Mathematics,SCIENCE,2023,66,17,11,1,0,Odd,0,0
2351,2023-08-01,BK0071,Mathematics: Theory and Practice,V. Bose,Mathematics,SCIENCE,1997,61,25,23,4,1,Odd,0,0
2352,2023-08-01,BK0072,Understanding Mathematics,N. Khan,Mathematics,SCIENCE,2019,69,16,10,2,1,Odd,0,0
2353,2023-08-01,BK0073,Introduction to Physics,M. Verma,Physics,SCIENCE,2007,32,9,13,1,1,Odd,0,0
2354,2023-08-01,BK0074,Fundamentals of Physics,K. Bose,Physics,SCIENCE,2000,66,7,11,2,0,Odd,0,0
2355,2023-08-01,BK0075,Physics: A Practical Approach,D. Kumar,Physics,SCIENCE,2010,18,20,18,2,0,Odd,0,0
2356,2023-08-01,BK0076,Advanced Physics,V. Rao,Physics,SCIENCE,2000,16,6,3,1,0,Odd,0,0
2357,2023-08-01,BK0077,Principles of Physics,K. Verma,Physics,SCIENCE,2007,58,10,8,2,0,Odd,0,0
2358,2023-08-01,BK0078,Physics for Engineers,M. Bose,Physics,SCIENCE,1995,40,29,16,3,1,Odd,0,0
2359,2023-08-01,BK0079,Modern Physics,P. Nair,Physics,SCIENCE,2004,58,24,29,3,0,Odd,0,0
2360,2023-08-01,BK0080,Applied Physics,R. Singh,Physics,SCIENCE,2018,52,29,17,2,0,Odd,0,0
2361,2023-08-01,BK0081,Physics Concepts and Applications,N. Reddy,Physics,SCIENCE,2006,49,23,15,6,0,Odd,0,0
2362,2023-08-01,BK0082,Essentials of Physics,S. Sharma,Physics,SCIENCE,2008,44,5,13,1,0,Odd,0,0
2363,2023-08-01,BK0083,Physics: Theory and Practice,S. Nair,Physics,SCIENCE,2002,53,12,6,1,1,Odd,0,0
2364,2023-08-01,BK0084,Understanding Physics,V. Reddy,Physics,SCIENCE,2009,69,12,5,2,0,Odd,0,0
2365,2023-08-01,BK0085,Introduction to Chemistry,R. Nair,Chemistry,SCIENCE,2009,61,20,15,2,1,Odd,0,0
2366,2023-08-01,BK0086,Fundamentals of Chemistry,A. Iyer,Chemistry,SCIENCE,2021,69,25,14,4,0,Odd,0,0
2367,2023-08-01,BK0087,Chemistry: A Practical Approach,A. Iyer,Chemistry,SCIENCE,2018,66,19,28,2,0,Odd,0,0
2368,2023-08-01,BK0088,Advanced Chemistry,V. Singh,Chemistry,SCIENCE,2013,50,34,30,3,0,Odd,0,0
2369,2023-08-01,BK0089,Principles of Chemistry,K. Menon,Chemistry,SCIENCE,2008,57,10,7,0,0,Odd,0,0
2370,2023-08-01,BK0090,Chemistry for Engineers,D. Singh,Chemistry,SCIENCE,1998,62,9,6,2,0,Odd,0,0
2371,2023-08-01,BK0091,Modern Chemistry,K. Nair,Chemistry,SCIENCE,2002,55,23,16,3,0,Odd,0,0
2372,2023-08-01,BK0092,Applied Chemistry,P. Khan,Chemistry,SCIENCE,2019,15,34,38,7,10,Odd,0,0
2373,2023-08-01,BK0093,Chemistry Concepts and Applications,P. Rao,Chemistry,SCIENCE,1997,66,26,15,7,0,Odd,0,0
2374,2023-08-01,BK0094,Essentials of Chemistry,J. Menon,Chemistry,SCIENCE,2005,58,6,8,2,1,Odd,0,0
2375,2023-08-01,BK0095,Chemistry: Theory and Practice,S. Bose,Chemistry,SCIENCE,2022,64,11,15,2,0,Odd,0,0
2376,2023-08-01,BK0096,Understanding Chemistry,M. Sharma,Chemistry,SCIENCE,2023,54,10,6,2,0,Odd,0,0
2377,2023-08-01,BK0097,Introduction to Business Management,A. Rao,Business Management,MBA,2007,43,12,12,6,0,Odd,0,0
2378,2023-08-01,BK0098,Fundamentals of Business Management,V. Reddy,Business Management,MBA,2012,44,14,19,0,0,Odd,0,0
2379,2023-08-01,BK0099,Business Management: A Practical Approach,P. Reddy,Business Management,MBA,2022,47,12,7,3,1,Odd,0,0
2380,2023-08-01,BK0100,Advanced Business Management,N. Rao,Business Management,MBA,2018,37,8,11,1,1,Odd,0,0
2381,2023-08-01,BK0101,Principles of Business Management,V. Bose,Business Management,MBA,2018,60,31,15,4,0,Odd,0,0
2382,2023-08-01,BK0102,Business Management for Engineers,K. Iyer,Business Management,MBA,2001,47,10,4,4,0,Odd,0,0
2383,2023-08-01,BK0103,Modern Business Management,N. Nair,Business Management,MBA,2017,69,7,0,0,0,Odd,0,0
2384,2023-08-01,BK0104,Applied Business Management,K. Nair,Business Management,MBA,2020,36,43,34,7,1,Odd,0,0
2385,2023-08-01,BK0105,Business Management Concepts and Applications,V. Sharma,Business Management,MBA,2002,16,11,13,0,0,Odd,0,0
2386,2023-08-01,BK0106,Essentials of Business Management,J. Rao,Business Management,MBA,1996,37,39,28,10,0,Odd,0,0
2387,2023-08-01,BK0107,Business Management: Theory and Practice,M. Khan,Business Management,MBA,2006,37,11,9,1,0,Odd,0,0
2388,2023-08-01,BK0108,Understanding Business Management,M. Menon,Business Management,MBA,2007,67,55,31,9,0,Odd,0,0
2389,2023-08-01,BK0109,Introduction to English Literature,N. Menon,English Literature,HUMANITIES,2013,67,15,12,3,0,Odd,0,0
2390,2023-08-01,BK0110,Fundamentals of English Literature,K. Reddy,English Literature,HUMANITIES,2001,54,22,22,1,0,Odd,0,0
2391,2023-08-01,BK0111,English Literature: A Practical Approach,S. Bose,English Literature,HUMANITIES,1997,66,41,33,3,0,Odd,0,0
2392,2023-08-01,BK0112,Advanced English Literature,A. Khan,English Literature,HUMANITIES,2011,15,13,10,0,0,Odd,0,0
2393,2023-08-01,BK0113,Principles of English Literature,J. Khan,English Literature,HUMANITIES,2006,33,13,13,1,0,Odd,0,0
2394,2023-08-01,BK0114,English Literature for Engineers,M. Verma,English Literature,HUMANITIES,2006,30,55,39,8,14,Odd,0,0
2395,2023-08-01,BK0115,Modern English Literature,V. Reddy,English Literature,HUMANITIES,2009,40,29,22,3,0,Odd,0,0
2396,2023-08-01,BK0116,Applied English Literature,J. Menon,English Literature,HUMANITIES,2020,21,26,17,4,2,Odd,0,0
2397,2023-08-01,BK0117,English Literature Concepts and Applications,M. Rao,English Literature,HUMANITIES,2012,56,21,28,5,1,Odd,0,0
2398,2023-08-01,BK0118,Essentials of English Literature,N. Sharma,English Literature,HUMANITIES,2005,54,9,6,1,0,Odd,0,0
2399,2023-08-01,BK0119,English Literature: Theory and Practice,D. Rao,English Literature,HUMANITIES,2007,56,23,29,6,0,Odd,0,0
2400,2023-08-01,BK0120,Understanding English Literature,R. Rao,English Literature,HUMANITIES,1997,53,4,2,1,0,Odd,0,0
2401,2023-09-01,BK0001,Introduction to Computer Science,N. Iyer,Computer Science,CSE,2016,67,12,13,1,0,Odd,0,0
2402,2023-09-01,BK0002,Fundamentals of Computer Science,R. Singh,Computer Science,CSE,2016,58,27,22,1,0,Odd,0,0
2403,2023-09-01,BK0003,Computer Science: A Practical Approach,J. Sharma,Computer Science,CSE,2006,69,2,3,1,2,Odd,0,0
2404,2023-09-01,BK0004,Advanced Computer Science,K. Gupta,Computer Science,CSE,2022,28,26,31,2,1,Odd,0,0
2405,2023-09-01,BK0005,Principles of Computer Science,R. Menon,Computer Science,CSE,2008,31,9,8,3,0,Odd,0,0
2406,2023-09-01,BK0006,Computer Science for Engineers,K. Kumar,Computer Science,CSE,2012,40,0,10,0,1,Odd,0,0
2407,2023-09-01,BK0007,Modern Computer Science,R. Menon,Computer Science,CSE,2010,59,21,21,4,1,Odd,0,0
2408,2023-09-01,BK0008,Applied Computer Science,R. Nair,Computer Science,CSE,2007,15,23,24,6,2,Odd,0,0
2409,2023-09-01,BK0009,Computer Science Concepts and Applications,J. Rao,Computer Science,CSE,2021,19,4,8,0,0,Odd,0,0
2410,2023-09-01,BK0010,Essentials of Computer Science,D. Rao,Computer Science,CSE,2017,37,8,8,0,1,Odd,0,0
2411,2023-09-01,BK0011,Computer Science: Theory and Practice,V. Nair,Computer Science,CSE,2020,69,12,12,4,0,Odd,0,0
2412,2023-09-01,BK0012,Understanding Computer Science,N. Khan,Computer Science,CSE,2001,63,27,22,5,1,Odd,0,0
2413,2023-09-01,BK0013,Introduction to Data Science,K. Iyer,Data Science,CSE,2016,42,11,15,1,0,Odd,0,0
2414,2023-09-01,BK0014,Fundamentals of Data Science,R. Menon,Data Science,CSE,2005,69,19,17,6,0,Odd,0,0
2415,2023-09-01,BK0015,Data Science: A Practical Approach,J. Rao,Data Science,CSE,2021,23,20,26,5,0,Odd,0,0
2416,2023-09-01,BK0016,Advanced Data Science,M. Sharma,Data Science,CSE,2003,66,17,11,2,1,Odd,0,0
2417,2023-09-01,BK0017,Principles of Data Science,A. Sharma,Data Science,CSE,1996,16,8,4,1,1,Odd,0,0
2418,2023-09-01,BK0018,Data Science for Engineers,P. Rao,Data Science,CSE,2000,46,5,6,1,0,Odd,0,0
2419,2023-09-01,BK0019,Modern Data Science,N. Iyer,Data Science,CSE,2010,30,9,13,0,0,Odd,0,0
2420,2023-09-01,BK0020,Applied Data Science,A. Gupta,Data Science,CSE,2013,40,7,14,0,0,Odd,0,0
2421,2023-09-01,BK0021,Data Science Concepts and Applications,S. Reddy,Data Science,CSE,2019,39,3,5,0,1,Odd,0,0
2422,2023-09-01,BK0022,Essentials of Data Science,R. Rao,Data Science,CSE,2014,63,17,17,0,0,Odd,0,0
2423,2023-09-01,BK0023,Data Science: Theory and Practice,R. Sharma,Data Science,CSE,2018,47,10,4,0,0,Odd,0,0
2424,2023-09-01,BK0024,Understanding Data Science,V. Iyer,Data Science,CSE,2019,49,43,28,3,0,Odd,0,0
2425,2023-09-01,BK0025,Introduction to Electronics,J. Kumar,Electronics,ECE,2015,62,15,5,2,0,Odd,0,0
2426,2023-09-01,BK0026,Fundamentals of Electronics,K. Singh,Electronics,ECE,2013,36,3,4,1,0,Odd,0,0
2427,2023-09-01,BK0027,Electronics: A Practical Approach,N. Bose,Electronics,ECE,1999,62,21,26,4,0,Odd,0,0
2428,2023-09-01,BK0028,Advanced Electronics,S. Iyer,Electronics,ECE,2015,20,20,8,4,0,Odd,0,0
2429,2023-09-01,BK0029,Principles of Electronics,S. Verma,Electronics,ECE,1997,32,18,20,0,0,Odd,0,0
2430,2023-09-01,BK0030,Electronics for Engineers,J. Menon,Electronics,ECE,2016,37,16,15,5,0,Odd,0,0
2431,2023-09-01,BK0031,Modern Electronics,R. Khan,Electronics,ECE,2020,49,11,16,0,0,Odd,0,0
2432,2023-09-01,BK0032,Applied Electronics,R. Gupta,Electronics,ECE,2002,60,10,6,3,0,Odd,0,0
2433,2023-09-01,BK0033,Electronics Concepts and Applications,S. Rao,Electronics,ECE,2016,36,13,10,1,0,Odd,0,0
2434,2023-09-01,BK0034,Essentials of Electronics,A. Iyer,Electronics,ECE,2022,58,8,8,2,0,Odd,0,0
2435,2023-09-01,BK0035,Electronics: Theory and Practice,M. Rao,Electronics,ECE,2011,33,52,38,5,11,Odd,0,0
2436,2023-09-01,BK0036,Understanding Electronics,D. Rao,Electronics,ECE,1995,15,44,56,5,21,Odd,0,0
2437,2023-09-01,BK0037,Introduction to Mechanical,R. Bose,Mechanical,MECH,2017,17,31,19,5,4,Odd,0,0
2438,2023-09-01,BK0038,Fundamentals of Mechanical,D. Reddy,Mechanical,MECH,2008,66,43,35,8,1,Odd,0,0
2439,2023-09-01,BK0039,Mechanical: A Practical Approach,M. Verma,Mechanical,MECH,2014,45,17,10,0,0,Odd,0,0
2440,2023-09-01,BK0040,Advanced Mechanical,D. Menon,Mechanical,MECH,2010,69,39,23,7,0,Odd,0,0
2441,2023-09-01,BK0041,Principles of Mechanical,R. Sharma,Mechanical,MECH,2005,51,16,17,3,0,Odd,0,0
2442,2023-09-01,BK0042,Mechanical for Engineers,S. Sharma,Mechanical,MECH,1996,65,26,22,1,1,Odd,0,0
2443,2023-09-01,BK0043,Modern Mechanical,R. Reddy,Mechanical,MECH,2020,67,38,28,5,0,Odd,0,0
2444,2023-09-01,BK0044,Applied Mechanical,R. Khan,Mechanical,MECH,2003,38,6,4,0,0,Odd,0,0
2445,2023-09-01,BK0045,Mechanical Concepts and Applications,S. Sharma,Mechanical,MECH,2017,27,10,13,1,0,Odd,0,0
2446,2023-09-01,BK0046,Essentials of Mechanical,N. Gupta,Mechanical,MECH,2007,33,10,11,2,0,Odd,0,0
2447,2023-09-01,BK0047,Mechanical: Theory and Practice,A. Iyer,Mechanical,MECH,1997,26,23,12,1,0,Odd,0,0
2448,2023-09-01,BK0048,Understanding Mechanical,J. Iyer,Mechanical,MECH,2004,53,14,11,3,0,Odd,0,0
2449,2023-09-01,BK0049,Introduction to Civil,D. Nair,Civil,CIVIL,2000,21,25,6,3,1,Odd,0,0
2450,2023-09-01,BK0050,Fundamentals of Civil,V. Menon,Civil,CIVIL,2002,62,47,29,8,0,Odd,0,0
2451,2023-09-01,BK0051,Civil: A Practical Approach,A. Bose,Civil,CIVIL,1997,59,8,7,4,0,Odd,0,0
2452,2023-09-01,BK0052,Advanced Civil,R. Verma,Civil,CIVIL,1997,27,14,15,3,1,Odd,0,0
2453,2023-09-01,BK0053,Principles of Civil,J. Verma,Civil,CIVIL,2015,30,27,22,1,1,Odd,0,0
2454,2023-09-01,BK0054,Civil for Engineers,P. Nair,Civil,CIVIL,2003,63,16,17,6,3,Odd,0,0
2455,2023-09-01,BK0055,Modern Civil,A. Nair,Civil,CIVIL,2018,42,8,9,0,0,Odd,0,0
2456,2023-09-01,BK0056,Applied Civil,M. Singh,Civil,CIVIL,1999,55,36,21,6,0,Odd,0,0
2457,2023-09-01,BK0057,Civil Concepts and Applications,K. Khan,Civil,CIVIL,2023,20,17,13,3,0,Odd,0,0
2458,2023-09-01,BK0058,Essentials of Civil,R. Reddy,Civil,CIVIL,2007,19,33,36,4,12,Odd,0,0
2459,2023-09-01,BK0059,Civil: Theory and Practice,N. Singh,Civil,CIVIL,2021,63,41,40,4,0,Odd,0,0
2460,2023-09-01,BK0060,Understanding Civil,A. Kumar,Civil,CIVIL,1999,45,12,9,4,0,Odd,0,0
2461,2023-09-01,BK0061,Introduction to Mathematics,M. Bose,Mathematics,SCIENCE,1995,65,16,18,5,0,Odd,0,0
2462,2023-09-01,BK0062,Fundamentals of Mathematics,K. Sharma,Mathematics,SCIENCE,1996,68,24,18,9,1,Odd,0,0
2463,2023-09-01,BK0063,Mathematics: A Practical Approach,P. Reddy,Mathematics,SCIENCE,2009,37,36,22,7,1,Odd,0,0
2464,2023-09-01,BK0064,Advanced Mathematics,M. Nair,Mathematics,SCIENCE,2012,48,7,16,2,0,Odd,0,0
2465,2023-09-01,BK0065,Principles of Mathematics,R. Khan,Mathematics,SCIENCE,2011,19,18,8,2,0,Odd,0,0
2466,2023-09-01,BK0066,Mathematics for Engineers,K. Menon,Mathematics,SCIENCE,2015,16,12,9,5,0,Odd,0,0
2467,2023-09-01,BK0067,Modern Mathematics,S. Gupta,Mathematics,SCIENCE,1997,41,66,37,11,11,Odd,0,0
2468,2023-09-01,BK0068,Applied Mathematics,R. Menon,Mathematics,SCIENCE,2000,15,6,6,0,0,Odd,0,0
2469,2023-09-01,BK0069,Mathematics Concepts and Applications,M. Gupta,Mathematics,SCIENCE,2016,61,15,13,1,1,Odd,0,0
2470,2023-09-01,BK0070,Essentials of Mathematics,V. Khan,Mathematics,SCIENCE,2023,66,28,13,5,0,Odd,0,0
2471,2023-09-01,BK0071,Mathematics: Theory and Practice,V. Bose,Mathematics,SCIENCE,1997,61,28,22,5,0,Odd,0,0
2472,2023-09-01,BK0072,Understanding Mathematics,N. Khan,Mathematics,SCIENCE,2019,69,12,12,1,0,Odd,0,0
2473,2023-09-01,BK0073,Introduction to Physics,M. Verma,Physics,SCIENCE,2007,32,12,7,0,0,Odd,0,0
2474,2023-09-01,BK0074,Fundamentals of Physics,K. Bose,Physics,SCIENCE,2000,66,11,5,0,1,Odd,0,0
2475,2023-09-01,BK0075,Physics: A Practical Approach,D. Kumar,Physics,SCIENCE,2010,18,19,17,1,1,Odd,0,0
2476,2023-09-01,BK0076,Advanced Physics,V. Rao,Physics,SCIENCE,2000,16,6,4,1,0,Odd,0,0
2477,2023-09-01,BK0077,Principles of Physics,K. Verma,Physics,SCIENCE,2007,58,12,10,4,0,Odd,0,0
2478,2023-09-01,BK0078,Physics for Engineers,M. Bose,Physics,SCIENCE,1995,40,25,22,7,0,Odd,0,0
2479,2023-09-01,BK0079,Modern Physics,P. Nair,Physics,SCIENCE,2004,58,23,19,5,0,Odd,0,0
2480,2023-09-01,BK0080,Applied Physics,R. Singh,Physics,SCIENCE,2018,52,28,23,7,0,Odd,0,0
2481,2023-09-01,BK0081,Physics Concepts and Applications,N. Reddy,Physics,SCIENCE,2006,49,23,20,4,0,Odd,0,0
2482,2023-09-01,BK0082,Essentials of Physics,S. Sharma,Physics,SCIENCE,2008,44,10,4,1,1,Odd,0,0
2483,2023-09-01,BK0083,Physics: Theory and Practice,S. Nair,Physics,SCIENCE,2002,53,13,10,2,0,Odd,0,0
2484,2023-09-01,BK0084,Understanding Physics,V. Reddy,Physics,SCIENCE,2009,69,3,11,0,0,Odd,0,0
2485,2023-09-01,BK0085,Introduction to Chemistry,R. Nair,Chemistry,SCIENCE,2009,61,15,15,2,0,Odd,0,0
2486,2023-09-01,BK0086,Fundamentals of Chemistry,A. Iyer,Chemistry,SCIENCE,2021,69,24,22,3,1,Odd,0,0
2487,2023-09-01,BK0087,Chemistry: A Practical Approach,A. Iyer,Chemistry,SCIENCE,2018,66,21,17,3,1,Odd,0,0
2488,2023-09-01,BK0088,Advanced Chemistry,V. Singh,Chemistry,SCIENCE,2013,50,39,24,5,0,Odd,0,0
2489,2023-09-01,BK0089,Principles of Chemistry,K. Menon,Chemistry,SCIENCE,2008,57,11,7,4,1,Odd,0,0
2490,2023-09-01,BK0090,Chemistry for Engineers,D. Singh,Chemistry,SCIENCE,1998,62,6,7,0,0,Odd,0,0
2491,2023-09-01,BK0091,Modern Chemistry,K. Nair,Chemistry,SCIENCE,2002,55,24,21,3,0,Odd,0,0
2492,2023-09-01,BK0092,Applied Chemistry,P. Khan,Chemistry,SCIENCE,2019,15,40,27,5,13,Odd,0,0
2493,2023-09-01,BK0093,Chemistry Concepts and Applications,P. Rao,Chemistry,SCIENCE,1997,66,19,21,2,0,Odd,0,0
2494,2023-09-01,BK0094,Essentials of Chemistry,J. Menon,Chemistry,SCIENCE,2005,58,2,5,0,0,Odd,0,0
2495,2023-09-01,BK0095,Chemistry: Theory and Practice,S. Bose,Chemistry,SCIENCE,2022,64,14,7,2,0,Odd,0,0
2496,2023-09-01,BK0096,Understanding Chemistry,M. Sharma,Chemistry,SCIENCE,2023,54,7,9,0,2,Odd,0,0
2497,2023-09-01,BK0097,Introduction to Business Management,A. Rao,Business Management,MBA,2007,43,10,10,3,0,Odd,0,0
2498,2023-09-01,BK0098,Fundamentals of Business Management,V. Reddy,Business Management,MBA,2012,44,16,14,3,1,Odd,0,0
2499,2023-09-01,BK0099,Business Management: A Practical Approach,P. Reddy,Business Management,MBA,2022,47,9,10,1,0,Odd,0,0
2500,2023-09-01,BK0100,Advanced Business Management,N. Rao,Business Management,MBA,2018,37,11,6,0,1,Odd,0,0
2501,2023-09-01,BK0101,Principles of Business Management,V. Bose,Business Management,MBA,2018,60,32,25,2,1,Odd,0,0
2502,2023-09-01,BK0102,Business Management for Engineers,K. Iyer,Business Management,MBA,2001,47,8,10,1,0,Odd,0,0
2503,2023-09-01,BK0103,Modern Business Management,N. Nair,Business Management,MBA,2017,69,4,6,0,1,Odd,0,0
2504,2023-09-01,BK0104,Applied Business Management,K. Nair,Business Management,MBA,2020,36,48,39,2,2,Odd,0,0
2505,2023-09-01,BK0105,Business Management Concepts and Applications,V. Sharma,Business Management,MBA,2002,16,15,11,1,1,Odd,0,0
2506,2023-09-01,BK0106,Essentials of Business Management,J. Rao,Business Management,MBA,1996,37,26,33,9,1,Odd,0,0
2507,2023-09-01,BK0107,Business Management: Theory and Practice,M. Khan,Business Management,MBA,2006,37,7,10,2,0,Odd,0,0
2508,2023-09-01,BK0108,Understanding Business Management,M. Menon,Business Management,MBA,2007,67,40,43,6,0,Odd,0,0
2509,2023-09-01,BK0109,Introduction to English Literature,N. Menon,English Literature,HUMANITIES,2013,67,13,14,3,1,Odd,0,0
2510,2023-09-01,BK0110,Fundamentals of English Literature,K. Reddy,English Literature,HUMANITIES,2001,54,15,18,0,0,Odd,0,0
2511,2023-09-01,BK0111,English Literature: A Practical Approach,S. Bose,English Literature,HUMANITIES,1997,66,49,30,10,0,Odd,0,0
2512,2023-09-01,BK0112,Advanced English Literature,A. Khan,English Literature,HUMANITIES,2011,15,13,11,2,1,Odd,0,0
2513,2023-09-01,BK0113,Principles of English Literature,J. Khan,English Literature,HUMANITIES,2006,33,9,11,5,0,Odd,0,0
2514,2023-09-01,BK0114,English Literature for Engineers,M. Verma,English Literature,HUMANITIES,2006,30,44,46,4,9,Odd,0,0
2515,2023-09-01,BK0115,Modern English Literature,V. Reddy,English Literature,HUMANITIES,2009,40,28,26,7,1,Odd,0,0
2516,2023-09-01,BK0116,Applied English Literature,J. Menon,English Literature,HUMANITIES,2020,21,21,23,1,0,Odd,0,0
2517,2023-09-01,BK0117,English Literature Concepts and Applications,M. Rao,English Literature,HUMANITIES,2012,56,20,19,0,0,Odd,0,0
2518,2023-09-01,BK0118,Essentials of English Literature,N. Sharma,English Literature,HUMANITIES,2005,54,6,9,0,0,Odd,0,0
2519,2023-09-01,BK0119,English Literature: Theory and Practice,D. Rao,English Literature,HUMANITIES,2007,56,35,18,9,0,Odd,0,0
2520,2023-09-01,BK0120,Understanding English Literature,R. Rao,English Literature,HUMANITIES,1997,53,2,3,0,0,Odd,0,0
2521,2023-10-01,BK0001,Introduction to Computer Science,N. Iyer,Computer Science,CSE,2016,67,18,12,2,0,Odd,1,0
2522,2023-10-01,BK0002,Fundamentals of Computer Science,R. Singh,Computer Science,CSE,2016,58,45,25,5,0,Odd,1,0
2523,2023-10-01,BK0003,Computer Science: A Practical Approach,J. Sharma,Computer Science,CSE,2006,69,5,2,1,2,Odd,1,0
2524,2023-10-01,BK0004,Advanced Computer Science,K. Gupta,Computer Science,CSE,2022,28,44,20,6,10,Odd,1,0
2525,2023-10-01,BK0005,Principles of Computer Science,R. Menon,Computer Science,CSE,2008,31,9,9,0,1,Odd,1,0
2526,2023-10-01,BK0006,Computer Science for Engineers,K. Kumar,Computer Science,CSE,2012,40,7,0,1,0,Odd,1,0
2527,2023-10-01,BK0007,Modern Computer Science,R. Menon,Computer Science,CSE,2010,59,50,19,9,0,Odd,1,0
2528,2023-10-01,BK0008,Applied Computer Science,R. Nair,Computer Science,CSE,2007,15,57,20,7,26,Odd,1,0
2529,2023-10-01,BK0009,Computer Science Concepts and Applications,J. Rao,Computer Science,CSE,2021,19,11,4,1,0,Odd,1,0
2530,2023-10-01,BK0010,Essentials of Computer Science,D. Rao,Computer Science,CSE,2017,37,17,7,2,1,Odd,1,0
2531,2023-10-01,BK0011,Computer Science: Theory and Practice,V. Nair,Computer Science,CSE,2020,69,18,10,4,0,Odd,1,0
2532,2023-10-01,BK0012,Understanding Computer Science,N. Khan,Computer Science,CSE,2001,63,45,23,5,1,Odd,1,0
2533,2023-10-01,BK0013,Introduction to Data Science,K. Iyer,Data Science,CSE,2016,42,30,5,4,0,Odd,1,0
2534,2023-10-01,BK0014,Fundamentals of Data Science,R. Menon,Data Science,CSE,2005,69,34,17,10,1,Odd,1,0
2535,2023-10-01,BK0015,Data Science: A Practical Approach,J. Rao,Data Science,CSE,2021,23,34,15,4,10,Odd,1,0
2536,2023-10-01,BK0016,Advanced Data Science,M. Sharma,Data Science,CSE,2003,66,22,14,3,1,Odd,1,0
2537,2023-10-01,BK0017,Principles of Data Science,A. Sharma,Data Science,CSE,1996,16,15,7,4,0,Odd,1,0
2538,2023-10-01,BK0018,Data Science for Engineers,P. Rao,Data Science,CSE,2000,46,14,5,1,0,Odd,1,0
2539,2023-10-01,BK0019,Modern Data Science,N. Iyer,Data Science,CSE,2010,30,29,8,3,0,Odd,1,0
2540,2023-10-01,BK0020,Applied Data Science,A. Gupta,Data Science,CSE,2013,40,13,7,0,0,Odd,1,0
2541,2023-10-01,BK0021,Data Science Concepts and Applications,S. Reddy,Data Science,CSE,2019,39,10,1,3,0,Odd,1,0
2542,2023-10-01,BK0022,Essentials of Data Science,R. Rao,Data Science,CSE,2014,63,29,16,5,0,Odd,1,0
2543,2023-10-01,BK0023,Data Science: Theory and Practice,R. Sharma,Data Science,CSE,2018,47,17,9,1,0,Odd,1,0
2544,2023-10-01,BK0024,Understanding Data Science,V. Iyer,Data Science,CSE,2019,49,95,36,14,22,Odd,1,0
2545,2023-10-01,BK0025,Introduction to Electronics,J. Kumar,Electronics,ECE,2015,62,27,13,5,0,Odd,1,0
2546,2023-10-01,BK0026,Fundamentals of Electronics,K. Singh,Electronics,ECE,2013,36,12,3,3,0,Odd,1,0
2547,2023-10-01,BK0027,Electronics: A Practical Approach,N. Bose,Electronics,ECE,1999,62,60,19,9,1,Odd,1,0
2548,2023-10-01,BK0028,Advanced Electronics,S. Iyer,Electronics,ECE,2015,20,17,17,2,0,Odd,1,0
2549,2023-10-01,BK0029,Principles of Electronics,S. Verma,Electronics,ECE,1997,32,34,16,3,1,Odd,1,0
2550,2023-10-01,BK0030,Electronics for Engineers,J. Menon,Electronics,ECE,2016,37,25,15,2,0,Odd,1,0
2551,2023-10-01,BK0031,Modern Electronics,R. Khan,Electronics,ECE,2020,49,27,7,3,0,Odd,1,0
2552,2023-10-01,BK0032,Applied Electronics,R. Gupta,Electronics,ECE,2002,60,8,8,1,0,Odd,1,0
2553,2023-10-01,BK0033,Electronics Concepts and Applications,S. Rao,Electronics,ECE,2016,36,25,11,3,0,Odd,1,0
2554,2023-10-01,BK0034,Essentials of Electronics,A. Iyer,Electronics,ECE,2022,58,10,7,0,0,Odd,1,0
2555,2023-10-01,BK0035,Electronics: Theory and Practice,M. Rao,Electronics,ECE,2011,33,76,41,10,21,Odd,1,0
2556,2023-10-01,BK0036,Understanding Electronics,D. Rao,Electronics,ECE,1995,15,78,39,12,34,Odd,1,0
2557,2023-10-01,BK0037,Introduction to Mechanical,R. Bose,Mechanical,MECH,2017,17,42,25,4,13,Odd,1,0
2558,2023-10-01,BK0038,Fundamentals of Mechanical,D. Reddy,Mechanical,MECH,2008,66,76,35,8,6,Odd,1,0
2559,2023-10-01,BK0039,Mechanical: A Practical Approach,M. Verma,Mechanical,MECH,2014,45,13,16,3,0,Odd,1,0
2560,2023-10-01,BK0040,Advanced Mechanical,D. Menon,Mechanical,MECH,2010,69,39,34,8,0,Odd,1,0
2561,2023-10-01,BK0041,Principles of Mechanical,R. Sharma,Mechanical,MECH,2005,51,20,14,2,0,Odd,1,0
2562,2023-10-01,BK0042,Mechanical for Engineers,S. Sharma,Mechanical,MECH,1996,65,31,23,4,0,Odd,1,0
2563,2023-10-01,BK0043,Modern Mechanical,R. Reddy,Mechanical,MECH,2020,67,57,33,10,1,Odd,1,0
2564,2023-10-01,BK0044,Applied Mechanical,R. Khan,Mechanical,MECH,2003,38,9,5,2,0,Odd,1,0
2565,2023-10-01,BK0045,Mechanical Concepts and Applications,S. Sharma,Mechanical,MECH,2017,27,15,9,1,0,Odd,1,0
2566,2023-10-01,BK0046,Essentials of Mechanical,N. Gupta,Mechanical,MECH,2007,33,17,9,4,0,Odd,1,0
2567,2023-10-01,BK0047,Mechanical: Theory and Practice,A. Iyer,Mechanical,MECH,1997,26,11,21,0,0,Odd,1,0
2568,2023-10-01,BK0048,Understanding Mechanical,J. Iyer,Mechanical,MECH,2004,53,16,12,1,0,Odd,1,0
2569,2023-10-01,BK0049,Introduction to Civil,D. Nair,Civil,CIVIL,2000,21,26,19,5,2,Odd,1,0
2570,2023-10-01,BK0050,Fundamentals of Civil,V. Menon,Civil,CIVIL,2002,62,61,40,12,0,Odd,1,0
2571,2023-10-01,BK0051,Civil: A Practical Approach,A. Bose,Civil,CIVIL,1997,59,9,8,2,0,Odd,1,0
2572,2023-10-01,BK0052,Advanced Civil,R. Verma,Civil,CIVIL,1997,27,13,12,4,0,Odd,1,0
2573,2023-10-01,BK0053,Principles of Civil,J. Verma,Civil,CIVIL,2015,30,38,24,9,2,Odd,1,0
2574,2023-10-01,BK0054,Civil for Engineers,P. Nair,Civil,CIVIL,2003,63,35,15,5,0,Odd,1,0
2575,2023-10-01,BK0055,Modern Civil,A. Nair,Civil,CIVIL,2018,42,13,8,3,2,Odd,1,0
2576,2023-10-01,BK0056,Applied Civil,M. Singh,Civil,CIVIL,1999,55,46,33,6,1,Odd,1,0
2577,2023-10-01,BK0057,Civil Concepts and Applications,K. Khan,Civil,CIVIL,2023,20,24,15,1,2,Odd,1,0
2578,2023-10-01,BK0058,Essentials of Civil,R. Reddy,Civil,CIVIL,2007,19,52,29,4,24,Odd,1,0
2579,2023-10-01,BK0059,Civil: Theory and Practice,N. Singh,Civil,CIVIL,2021,63,71,36,13,4,Odd,1,0
2580,2023-10-01,BK0060,Understanding Civil,A. Kumar,Civil,CIVIL,1999,45,24,10,4,0,Odd,1,0
2581,2023-10-01,BK0061,Introduction to Mathematics,M. Bose,Mathematics,SCIENCE,1995,65,24,14,4,0,Odd,1,0
2582,2023-10-01,BK0062,Fundamentals of Mathematics,K. Sharma,Mathematics,SCIENCE,1996,68,49,21,9,0,Odd,1,0
2583,2023-10-01,BK0063,Mathematics: A Practical Approach,P. Reddy,Mathematics,SCIENCE,2009,37,53,30,8,6,Odd,1,0
2584,2023-10-01,BK0064,Advanced Mathematics,M. Nair,Mathematics,SCIENCE,2012,48,25,5,3,0,Odd,1,0
2585,2023-10-01,BK0065,Principles of Mathematics,R. Khan,Mathematics,SCIENCE,2011,19,27,17,4,4,Odd,1,0
2586,2023-10-01,BK0066,Mathematics for Engineers,K. Menon,Mathematics,SCIENCE,2015,16,12,11,3,0,Odd,1,0
2587,2023-10-01,BK0067,Modern Mathematics,S. Gupta,Mathematics,SCIENCE,1997,41,85,55,16,13,Odd,1,0
2588,2023-10-01,BK0068,Applied Mathematics,R. Menon,Mathematics,SCIENCE,2000,15,12,2,3,1,Odd,1,0
2589,2023-10-01,BK0069,Mathematics Concepts and Applications,M. Gupta,Mathematics,SCIENCE,2016,61,23,12,4,0,Odd,1,0
2590,2023-10-01,BK0070,Essentials of Mathematics,V. Khan,Mathematics,SCIENCE,2023,66,37,23,5,0,Odd,1,0
2591,2023-10-01,BK0071,Mathematics: Theory and Practice,V. Bose,Mathematics,SCIENCE,1997,61,35,21,4,0,Odd,1,0
2592,2023-10-01,BK0072,Understanding Mathematics,N. Khan,Mathematics,SCIENCE,2019,69,31,12,5,0,Odd,1,0
2593,2023-10-01,BK0073,Introduction to Physics,M. Verma,Physics,SCIENCE,2007,32,11,10,2,0,Odd,1,0
2594,2023-10-01,BK0074,Fundamentals of Physics,K. Bose,Physics,SCIENCE,2000,66,12,9,2,0,Odd,1,0
2595,2023-10-01,BK0075,Physics: A Practical Approach,D. Kumar,Physics,SCIENCE,2010,18,25,18,3,4,Odd,1,0
2596,2023-10-01,BK0076,Advanced Physics,V. Rao,Physics,SCIENCE,2000,16,15,6,1,1,Odd,1,0
2597,2023-10-01,BK0077,Principles of Physics,K. Verma,Physics,SCIENCE,2007,58,27,12,4,0,Odd,1,0
2598,2023-10-01,BK0078,Physics for Engineers,M. Bose,Physics,SCIENCE,1995,40,39,22,7,0,Odd,1,0
2599,2023-10-01,BK0079,Modern Physics,P. Nair,Physics,SCIENCE,2004,58,31,19,3,0,Odd,1,0
2600,2023-10-01,BK0080,Applied Physics,R. Singh,Physics,SCIENCE,2018,52,37,25,1,0,Odd,1,0
2601,2023-10-01,BK0081,Physics Concepts and Applications,N. Reddy,Physics,SCIENCE,2006,49,32,17,8,0,Odd,1,0
2602,2023-10-01,BK0082,Essentials of Physics,S. Sharma,Physics,SCIENCE,2008,44,23,8,1,2,Odd,1,0
2603,2023-10-01,BK0083,Physics: Theory and Practice,S. Nair,Physics,SCIENCE,2002,53,20,11,3,0,Odd,1,0
2604,2023-10-01,BK0084,Understanding Physics,V. Reddy,Physics,SCIENCE,2009,69,16,1,2,0,Odd,1,0
2605,2023-10-01,BK0085,Introduction to Chemistry,R. Nair,Chemistry,SCIENCE,2009,61,18,15,4,1,Odd,1,0
2606,2023-10-01,BK0086,Fundamentals of Chemistry,A. Iyer,Chemistry,SCIENCE,2021,69,34,22,8,0,Odd,1,0
2607,2023-10-01,BK0087,Chemistry: A Practical Approach,A. Iyer,Chemistry,SCIENCE,2018,66,38,17,9,2,Odd,1,0
2608,2023-10-01,BK0088,Advanced Chemistry,V. Singh,Chemistry,SCIENCE,2013,50,44,30,7,2,Odd,1,0
2609,2023-10-01,BK0089,Principles of Chemistry,K. Menon,Chemistry,SCIENCE,2008,57,18,9,1,0,Odd,1,0
2610,2023-10-01,BK0090,Chemistry for Engineers,D. Singh,Chemistry,SCIENCE,1998,62,13,5,1,0,Odd,1,0
2611,2023-10-01,BK0091,Modern Chemistry,K. Nair,Chemistry,SCIENCE,2002,55,27,21,3,0,Odd,1,0
2612,2023-10-01,BK0092,Applied Chemistry,P. Khan,Chemistry,SCIENCE,2019,15,59,29,5,23,Odd,1,0
2613,2023-10-01,BK0093,Chemistry Concepts and Applications,P. Rao,Chemistry,SCIENCE,1997,66,16,14,2,0,Odd,1,0
2614,2023-10-01,BK0094,Essentials of Chemistry,J. Menon,Chemistry,SCIENCE,2005,58,6,1,1,0,Odd,1,0
2615,2023-10-01,BK0095,Chemistry: Theory and Practice,S. Bose,Chemistry,SCIENCE,2022,64,18,10,4,0,Odd,1,0
2616,2023-10-01,BK0096,Understanding Chemistry,M. Sharma,Chemistry,SCIENCE,2023,54,13,6,2,1,Odd,1,0
2617,2023-10-01,BK0097,Introduction to Business Management,A. Rao,Business Management,MBA,2007,43,19,8,1,0,Odd,1,0
2618,2023-10-01,BK0098,Fundamentals of Business Management,V. Reddy,Business Management,MBA,2012,44,31,12,4,0,Odd,1,0
2619,2023-10-01,BK0099,Business Management: A Practical Approach,P. Reddy,Business Management,MBA,2022,47,13,9,1,0,Odd,1,0
2620,2023-10-01,BK0100,Advanced Business Management,N. Rao,Business Management,MBA,2018,37,14,9,4,0,Odd,1,0
2621,2023-10-01,BK0101,Principles of Business Management,V. Bose,Business Management,MBA,2018,60,45,29,5,0,Odd,1,0
2622,2023-10-01,BK0102,Business Management for Engineers,K. Iyer,Business Management,MBA,2001,47,5,5,0,0,Odd,1,0
2623,2023-10-01,BK0103,Modern Business Management,N. Nair,Business Management,MBA,2017,69,11,3,2,0,Odd,1,0
2624,2023-10-01,BK0104,Applied Business Management,K. Nair,Business Management,MBA,2020,36,52,43,10,8,Odd,1,0
2625,2023-10-01,BK0105,Business Management Concepts and Applications,V. Sharma,Business Management,MBA,2002,16,17,12,4,2,Odd,1,0
2626,2023-10-01,BK0106,Essentials of Business Management,J. Rao,Business Management,MBA,1996,37,30,20,5,0,Odd,1,0
2627,2023-10-01,BK0107,Business Management: Theory and Practice,M. Khan,Business Management,MBA,2006,37,12,6,4,0,Odd,1,0
2628,2023-10-01,BK0108,Understanding Business Management,M. Menon,Business Management,MBA,2007,67,56,38,8,2,Odd,1,0
2629,2023-10-01,BK0109,Introduction to English Literature,N. Menon,English Literature,HUMANITIES,2013,67,18,8,2,1,Odd,1,0
2630,2023-10-01,BK0110,Fundamentals of English Literature,K. Reddy,English Literature,HUMANITIES,2001,54,16,13,1,0,Odd,1,0
2631,2023-10-01,BK0111,English Literature: A Practical Approach,S. Bose,English Literature,HUMANITIES,1997,66,60,43,8,0,Odd,1,0
2632,2023-10-01,BK0112,Advanced English Literature,A. Khan,English Literature,HUMANITIES,2011,15,10,10,1,0,Odd,1,0
2633,2023-10-01,BK0113,Principles of English Literature,J. Khan,English Literature,HUMANITIES,2006,33,12,8,1,0,Odd,1,0
2634,2023-10-01,BK0114,English Literature for Engineers,M. Verma,English Literature,HUMANITIES,2006,30,67,36,10,23,Odd,1,0
2635,2023-10-01,BK0115,Modern English Literature,V. Reddy,English Literature,HUMANITIES,2009,40,29,21,7,0,Odd,1,0
2636,2023-10-01,BK0116,Applied English Literature,J. Menon,English Literature,HUMANITIES,2020,21,29,18,3,1,Odd,1,0
2637,2023-10-01,BK0117,English Literature Concepts and Applications,M. Rao,English Literature,HUMANITIES,2012,56,33,19,5,0,Odd,1,0
2638,2023-10-01,BK0118,Essentials of English Literature,N. Sharma,English Literature,HUMANITIES,2005,54,9,4,3,0,Odd,1,0
2639,2023-10-01,BK0119,English Literature: Theory and Practice,D. Rao,English Literature,HUMANITIES,2007,56,35,31,6,0,Odd,1,0
2640,2023-10-01,BK0120,Understanding English Literature,R. Rao,English Literature,HUMANITIES,1997,53,0,2,0,0,Odd,1,0
2641,2023-11-01,BK0001,Introduction to Computer Science,N. Iyer,Computer Science,CSE,2016,67,27,16,3,1,Odd,1,0
2642,2023-11-01,BK0002,Fundamentals of Computer Science,R. Singh,Computer Science,CSE,2016,58,38,40,4,0,Odd,1,0
2643,2023-11-01,BK0003,Computer Science: A Practical Approach,J. Sharma,Computer Science,CSE,2006,69,5,5,2,1,Odd,1,0
2644,2023-11-01,BK0004,Advanced Computer Science,K. Gupta,Computer Science,CSE,2022,28,36,38,7,5,Odd,1,0
2645,2023-11-01,BK0005,Principles of Computer Science,R. Menon,Computer Science,CSE,2008,31,9,8,2,0,Odd,1,0
2646,2023-11-01,BK0006,Computer Science for Engineers,K. Kumar,Computer Science,CSE,2012,40,15,5,1,0,Odd,1,0
2647,2023-11-01,BK0007,Modern Computer Science,R. Menon,Computer Science,CSE,2010,59,45,43,6,1,Odd,1,0
2648,2023-11-01,BK0008,Applied Computer Science,R. Nair,Computer Science,CSE,2007,15,52,49,9,24,Odd,1,0
2649,2023-11-01,BK0009,Computer Science Concepts and Applications,J. Rao,Computer Science,CSE,2021,19,10,10,1,1,Odd,1,0
2650,2023-11-01,BK0010,Essentials of Computer Science,D. Rao,Computer Science,CSE,2017,37,7,16,2,1,Odd,1,0
2651,2023-11-01,BK0011,Computer Science: Theory and Practice,V. Nair,Computer Science,CSE,2020,69,26,16,7,1,Odd,1,0
2652,2023-11-01,BK0012,Understanding Computer Science,N. Khan,Computer Science,CSE,2001,63,43,35,7,0,Odd,1,0
2653,2023-11-01,BK0013,Introduction to Data Science,K. Iyer,Data Science,CSE,2016,42,25,23,4,0,Odd,1,0
2654,2023-11-01,BK0014,Fundamentals of Data Science,R. Menon,Data Science,CSE,2005,69,40,27,9,0,Odd,1,0
2655,2023-11-01,BK0015,Data Science: A Practical Approach,J. Rao,Data Science,CSE,2021,23,46,29,9,9,Odd,1,0
2656,2023-11-01,BK0016,Advanced Data Science,M. Sharma,Data Science,CSE,2003,66,22,19,1,0,Odd,1,0
2657,2023-11-01,BK0017,Principles of Data Science,A. Sharma,Data Science,CSE,1996,16,13,14,3,2,Odd,1,0
2658,2023-11-01,BK0018,Data Science for Engineers,P. Rao,Data Science,CSE,2000,46,22,11,5,0,Odd,1,0
2659,2023-11-01,BK0019,Modern Data Science,N. Iyer,Data Science,CSE,2010,30,29,22,5,1,Odd,1,0
2660,2023-11-01,BK0020,Applied Data Science,A. Gupta,Data Science,CSE,2013,40,17,11,4,0,Odd,1,0
2661,2023-11-01,BK0021,Data Science Concepts and Applications,S. Reddy,Data Science,CSE,2019,39,7,8,3,0,Odd,1,0
2662,2023-11-01,BK0022,Essentials of Data Science,R. Rao,Data Science,CSE,2014,63,27,27,5,1,Odd,1,0
2663,2023-11-01,BK0023,Data Science: Theory and Practice,R. Sharma,Data Science,CSE,2018,47,11,15,1,0,Odd,1,0
2664,2023-11-01,BK0024,Understanding Data Science,V. Iyer,Data Science,CSE,2019,49,76,82,11,15,Odd,1,0
2665,2023-11-01,BK0025,Introduction to Electronics,J. Kumar,Electronics,ECE,2015,62,35,23,4,0,Odd,1,0
2666,2023-11-01,BK0026,Fundamentals of Electronics,K. Singh,Electronics,ECE,2013,36,11,12,0,0,Odd,1,0
2667,2023-11-01,BK0027,Electronics: A Practical Approach,N. Bose,Electronics,ECE,1999,62,46,50,11,0,Odd,1,0
2668,2023-11-01,BK0028,Advanced Electronics,S. Iyer,Electronics,ECE,2015,20,19,14,2,1,Odd,1,0
2669,2023-11-01,BK0029,Principles of Electronics,S. Verma,Electronics,ECE,1997,32,32,29,4,1,Odd,1,0
2670,2023-11-01,BK0030,Electronics for Engineers,J. Menon,Electronics,ECE,2016,37,21,23,3,0,Odd,1,0
2671,2023-11-01,BK0031,Modern Electronics,R. Khan,Electronics,ECE,2020,49,23,23,4,0,Odd,1,0
2672,2023-11-01,BK0032,Applied Electronics,R. Gupta,Electronics,ECE,2002,60,14,7,5,0,Odd,1,0
2673,2023-11-01,BK0033,Electronics Concepts and Applications,S. Rao,Electronics,ECE,2016,36,31,21,6,0,Odd,1,0
2674,2023-11-01,BK0034,Essentials of Electronics,A. Iyer,Electronics,ECE,2022,58,15,9,3,0,Odd,1,0
2675,2023-11-01,BK0035,Electronics: Theory and Practice,M. Rao,Electronics,ECE,2011,33,91,62,13,28,Odd,1,0
2676,2023-11-01,BK0036,Understanding Electronics,D. Rao,Electronics,ECE,1995,15,102,65,21,47,Odd,1,0
2677,2023-11-01,BK0037,Introduction to Mechanical,R. Bose,Mechanical,MECH,2017,17,33,36,3,11,Odd,1,0
2678,2023-11-01,BK0038,Fundamentals of Mechanical,D. Reddy,Mechanical,MECH,2008,66,60,62,13,0,Odd,1,0
2679,2023-11-01,BK0039,Mechanical: A Practical Approach,M. Verma,Mechanical,MECH,2014,45,16,12,3,0,Odd,1,0
2680,2023-11-01,BK0040,Advanced Mechanical,D. Menon,Mechanical,MECH,2010,69,43,32,5,0,Odd,1,0
2681,2023-11-01,BK0041,Principles of Mechanical,R. Sharma,Mechanical,MECH,2005,51,27,15,6,0,Odd,1,0
2682,2023-11-01,BK0042,Mechanical for Engineers,S. Sharma,Mechanical,MECH,1996,65,48,27,9,0,Odd,1,0
2683,2023-11-01,BK0043,Modern Mechanical,R. Reddy,Mechanical,MECH,2020,67,30,47,4,0,Odd,1,0
2684,2023-11-01,BK0044,Applied Mechanical,R. Khan,Mechanical,MECH,2003,38,9,9,0,0,Odd,1,0
2685,2023-11-01,BK0045,Mechanical Concepts and Applications,S. Sharma,Mechanical,MECH,2017,27,17,12,1,1,Odd,1,0
2686,2023-11-01,BK0046,Essentials of Mechanical,N. Gupta,Mechanical,MECH,2007,33,12,14,0,0,Odd,1,0
2687,2023-11-01,BK0047,Mechanical: Theory and Practice,A. Iyer,Mechanical,MECH,1997,26,19,10,3,0,Odd,1,0
2688,2023-11-01,BK0048,Understanding Mechanical,J. Iyer,Mechanical,MECH,2004,53,17,12,3,0,Odd,1,0
2689,2023-11-01,BK0049,Introduction to Civil,D. Nair,Civil,CIVIL,2000,21,25,21,8,2,Odd,1,0
2690,2023-11-01,BK0050,Fundamentals of Civil,V. Menon,Civil,CIVIL,2002,62,54,53,5,0,Odd,1,0
2691,2023-11-01,BK0051,Civil: A Practical Approach,A. Bose,Civil,CIVIL,1997,59,17,7,1,0,Odd,1,0
2692,2023-11-01,BK0052,Advanced Civil,R. Verma,Civil,CIVIL,1997,27,32,13,4,4,Odd,1,0
2693,2023-11-01,BK0053,Principles of Civil,J. Verma,Civil,CIVIL,2015,30,29,32,0,0,Odd,1,0
2694,2023-11-01,BK0054,Civil for Engineers,P. Nair,Civil,CIVIL,2003,63,30,29,4,0,Odd,1,0
2695,2023-11-01,BK0055,Modern Civil,A. Nair,Civil,CIVIL,2018,42,13,10,2,0,Odd,1,0
2696,2023-11-01,BK0056,Applied Civil,M. Singh,Civil,CIVIL,1999,55,63,38,8,3,Odd,1,0
2697,2023-11-01,BK0057,Civil Concepts and Applications,K. Khan,Civil,CIVIL,2023,20,32,20,7,6,Odd,1,0
2698,2023-11-01,BK0058,Essentials of Civil,R. Reddy,Civil,CIVIL,2007,19,62,47,8,19,Odd,1,0
2699,2023-11-01,BK0059,Civil: Theory and Practice,N. Singh,Civil,CIVIL,2021,63,49,62,10,0,Odd,1,0
2700,2023-11-01,BK0060,Understanding Civil,A. Kumar,Civil,CIVIL,1999,45,21,22,7,1,Odd,1,0
2701,2023-11-01,BK0061,Introduction to Mathematics,M. Bose,Mathematics,SCIENCE,1995,65,29,21,1,0,Odd,1,0
2702,2023-11-01,BK0062,Fundamentals of Mathematics,K. Sharma,Mathematics,SCIENCE,1996,68,44,45,7,0,Odd,1,0
2703,2023-11-01,BK0063,Mathematics: A Practical Approach,P. Reddy,Mathematics,SCIENCE,2009,37,62,47,10,16,Odd,1,0
2704,2023-11-01,BK0064,Advanced Mathematics,M. Nair,Mathematics,SCIENCE,2012,48,29,23,7,0,Odd,1,0
2705,2023-11-01,BK0065,Principles of Mathematics,R. Khan,Mathematics,SCIENCE,2011,19,15,25,3,0,Odd,1,0
2706,2023-11-01,BK0066,Mathematics for Engineers,K. Menon,Mathematics,SCIENCE,2015,16,14,11,1,0,Odd,1,0
2707,2023-11-01,BK0067,Modern Mathematics,S. Gupta,Mathematics,SCIENCE,1997,41,97,72,14,26,Odd,1,0
2708,2023-11-01,BK0068,Applied Mathematics,R. Menon,Mathematics,SCIENCE,2000,15,7,12,1,0,Odd,1,0
2709,2023-11-01,BK0069,Mathematics Concepts and Applications,M. Gupta,Mathematics,SCIENCE,2016,61,22,19,2,0,Odd,1,0
2710,2023-11-01,BK0070,Essentials of Mathematics,V. Khan,Mathematics,SCIENCE,2023,66,25,30,3,1,Odd,1,0
2711,2023-11-01,BK0071,Mathematics: Theory and Practice,V. Bose,Mathematics,SCIENCE,1997,61,37,32,2,0,Odd,1,0
2712,2023-11-01,BK0072,Understanding Mathematics,N. Khan,Mathematics,SCIENCE,2019,69,23,25,5,0,Odd,1,0
2713,2023-11-01,BK0073,Introduction to Physics,M. Verma,Physics,SCIENCE,2007,32,14,9,1,1,Odd,1,0
2714,2023-11-01,BK0074,Fundamentals of Physics,K. Bose,Physics,SCIENCE,2000,66,16,11,3,1,Odd,1,0
2715,2023-11-01,BK0075,Physics: A Practical Approach,D. Kumar,Physics,SCIENCE,2010,18,22,23,9,4,Odd,1,0
2716,2023-11-01,BK0076,Advanced Physics,V. Rao,Physics,SCIENCE,2000,16,12,14,4,0,Odd,1,0
2717,2023-11-01,BK0077,Principles of Physics,K. Verma,Physics,SCIENCE,2007,58,22,22,3,0,Odd,1,0
2718,2023-11-01,BK0078,Physics for Engineers,M. Bose,Physics,SCIENCE,1995,40,30,36,4,1,Odd,1,0
2719,2023-11-01,BK0079,Modern Physics,P. Nair,Physics,SCIENCE,2004,58,46,28,2,0,Odd,1,0
2720,2023-11-01,BK0080,Applied Physics,R. Singh,Physics,SCIENCE,2018,52,34,32,2,0,Odd,1,0
2721,2023-11-01,BK0081,Physics Concepts and Applications,N. Reddy,Physics,SCIENCE,2006,49,35,31,3,0,Odd,1,0
2722,2023-11-01,BK0082,Essentials of Physics,S. Sharma,Physics,SCIENCE,2008,44,23,19,2,0,Odd,1,0
2723,2023-11-01,BK0083,Physics: Theory and Practice,S. Nair,Physics,SCIENCE,2002,53,17,20,3,0,Odd,1,0
2724,2023-11-01,BK0084,Understanding Physics,V. Reddy,Physics,SCIENCE,2009,69,13,11,1,0,Odd,1,0
2725,2023-11-01,BK0085,Introduction to Chemistry,R. Nair,Chemistry,SCIENCE,2009,61,24,18,3,0,Odd,1,0
2726,2023-11-01,BK0086,Fundamentals of Chemistry,A. Iyer,Chemistry,SCIENCE,2021,69,35,28,9,1,Odd,1,0
2727,2023-11-01,BK0087,Chemistry: A Practical Approach,A. Iyer,Chemistry,SCIENCE,2018,66,37,30,8,0,Odd,1,0
2728,2023-11-01,BK0088,Advanced Chemistry,V. Singh,Chemistry,SCIENCE,2013,50,66,31,12,9,Odd,1,0
2729,2023-11-01,BK0089,Principles of Chemistry,K. Menon,Chemistry,SCIENCE,2008,57,15,15,1,0,Odd,1,0
2730,2023-11-01,BK0090,Chemistry for Engineers,D. Singh,Chemistry,SCIENCE,1998,62,10,13,3,0,Odd,1,0
2731,2023-11-01,BK0091,Modern Chemistry,K. Nair,Chemistry,SCIENCE,2002,55,25,22,4,0,Odd,1,0
2732,2023-11-01,BK0092,Applied Chemistry,P. Khan,Chemistry,SCIENCE,2019,15,52,52,6,16,Odd,1,0
2733,2023-11-01,BK0093,Chemistry Concepts and Applications,P. Rao,Chemistry,SCIENCE,1997,66,33,13,6,0,Odd,1,0
2734,2023-11-01,BK0094,Essentials of Chemistry,J. Menon,Chemistry,SCIENCE,2005,58,3,6,0,1,Odd,1,0
2735,2023-11-01,BK0095,Chemistry: Theory and Practice,S. Bose,Chemistry,SCIENCE,2022,64,17,15,5,0,Odd,1,0
2736,2023-11-01,BK0096,Understanding Chemistry,M. Sharma,Chemistry,SCIENCE,2023,54,10,13,3,1,Odd,1,0
2737,2023-11-01,BK0097,Introduction to Business Management,A. Rao,Business Management,MBA,2007,43,22,18,2,0,Odd,1,0
2738,2023-11-01,BK0098,Fundamentals of Business Management,V. Reddy,Business Management,MBA,2012,44,27,26,2,1,Odd,1,0
2739,2023-11-01,BK0099,Business Management: A Practical Approach,P. Reddy,Business Management,MBA,2022,47,15,12,4,1,Odd,1,0
2740,2023-11-01,BK0100,Advanced Business Management,N. Rao,Business Management,MBA,2018,37,11,12,3,0,Odd,1,0
2741,2023-11-01,BK0101,Principles of Business Management,V. Bose,Business Management,MBA,2018,60,33,40,4,0,Odd,1,0
2742,2023-11-01,BK0102,Business Management for Engineers,K. Iyer,Business Management,MBA,2001,47,6,4,1,0,Odd,1,0
2743,2023-11-01,BK0103,Modern Business Management,N. Nair,Business Management,MBA,2017,69,7,9,2,1,Odd,1,0
2744,2023-11-01,BK0104,Applied Business Management,K. Nair,Business Management,MBA,2020,36,46,47,2,4,Odd,1,0
2745,2023-11-01,BK0105,Business Management Concepts and Applications,V. Sharma,Business Management,MBA,2002,16,24,14,2,8,Odd,1,0
2746,2023-11-01,BK0106,Essentials of Business Management,J. Rao,Business Management,MBA,1996,37,41,24,7,1,Odd,1,0
2747,2023-11-01,BK0107,Business Management: Theory and Practice,M. Khan,Business Management,MBA,2006,37,9,10,0,0,Odd,1,0
2748,2023-11-01,BK0108,Understanding Business Management,M. Menon,Business Management,MBA,2007,67,69,49,6,1,Odd,1,0
2749,2023-11-01,BK0109,Introduction to English Literature,N. Menon,English Literature,HUMANITIES,2013,67,15,17,2,1,Odd,1,0
2750,2023-11-01,BK0110,Fundamentals of English Literature,K. Reddy,English Literature,HUMANITIES,2001,54,15,14,4,0,Odd,1,0
2751,2023-11-01,BK0111,English Literature: A Practical Approach,S. Bose,English Literature,HUMANITIES,1997,66,57,47,6,0,Odd,1,0
2752,2023-11-01,BK0112,Advanced English Literature,A. Khan,English Literature,HUMANITIES,2011,15,7,9,1,0,Odd,1,0
2753,2023-11-01,BK0113,Principles of English Literature,J. Khan,English Literature,HUMANITIES,2006,33,10,12,0,0,Odd,1,0
2754,2023-11-01,BK0114,English Literature for Engineers,M. Verma,English Literature,HUMANITIES,2006,30,64,63,7,14,Odd,1,0
2755,2023-11-01,BK0115,Modern English Literature,V. Reddy,English Literature,HUMANITIES,2009,40,29,25,5,0,Odd,1,0
2756,2023-11-01,BK0116,Applied English Literature,J. Menon,English Literature,HUMANITIES,2020,21,19,26,5,1,Odd,1,0
2757,2023-11-01,BK0117,English Literature Concepts and Applications,M. Rao,English Literature,HUMANITIES,2012,56,18,29,5,0,Odd,1,0
2758,2023-11-01,BK0118,Essentials of English Literature,N. Sharma,English Literature,HUMANITIES,2005,54,19,9,3,0,Odd,1,0
2759,2023-11-01,BK0119,English Literature: Theory and Practice,D. Rao,English Literature,HUMANITIES,2007,56,41,32,6,0,Odd,1,0
2760,2023-11-01,BK0120,Understanding English Literature,R. Rao,English Literature,HUMANITIES,1997,53,1,0,0,1,Odd,1,0
2761,2023-12-01,BK0001,Introduction to Computer Science,N. Iyer,Computer Science,CSE,2016,67,6,20,1,0,Odd,0,1
2762,2023-12-01,BK0002,Fundamentals of Computer Science,R. Singh,Computer Science,CSE,2016,58,10,30,0,0,Odd,0,1
2763,2023-12-01,BK0003,Computer Science: A Practical Approach,J. Sharma,Computer Science,CSE,2006,69,1,5,0,0,Odd,0,1
2764,2023-12-01,BK0004,Advanced Computer Science,K. Gupta,Computer Science,CSE,2022,28,9,29,2,0,Odd,0,1
2765,2023-12-01,BK0005,Principles of Computer Science,R. Menon,Computer Science,CSE,2008,31,3,8,0,1,Odd,0,1
2766,2023-12-01,BK0006,Computer Science for Engineers,K. Kumar,Computer Science,CSE,2012,40,3,9,0,1,Odd,0,1
2767,2023-12-01,BK0007,Modern Computer Science,R. Menon,Computer Science,CSE,2010,59,10,37,1,0,Odd,0,1
2768,2023-12-01,BK0008,Applied Computer Science,R. Nair,Computer Science,CSE,2007,15,13,47,3,0,Odd,0,1
2769,2023-12-01,BK0009,Computer Science Concepts and Applications,J. Rao,Computer Science,CSE,2021,19,1,9,0,0,Odd,0,1
2770,2023-12-01,BK0010,Essentials of Computer Science,D. Rao,Computer Science,CSE,2017,37,1,7,0,0,Odd,0,1
2771,2023-12-01,BK0011,Computer Science: Theory and Practice,V. Nair,Computer Science,CSE,2020,69,0,22,0,1,Odd,0,1
2772,2023-12-01,BK0012,Understanding Computer Science,N. Khan,Computer Science,CSE,2001,63,6,36,1,0,Odd,0,1
2773,2023-12-01,BK0013,Introduction to Data Science,K. Iyer,Data Science,CSE,2016,42,5,20,0,0,Odd,0,1
2774,2023-12-01,BK0014,Fundamentals of Data Science,R. Menon,Data Science,CSE,2005,69,4,32,2,0,Odd,0,1
2775,2023-12-01,BK0015,Data Science: A Practical Approach,J. Rao,Data Science,CSE,2021,23,14,38,5,0,Odd,0,1
2776,2023-12-01,BK0016,Advanced Data Science,M. Sharma,Data Science,CSE,2003,66,3,19,0,0,Odd,0,1
2777,2023-12-01,BK0017,Principles of Data Science,A. Sharma,Data Science,CSE,1996,16,3,12,0,1,Odd,0,1
2778,2023-12-01,BK0018,Data Science for Engineers,P. Rao,Data Science,CSE,2000,46,1,19,1,0,Odd,0,1
2779,2023-12-01,BK0019,Modern Data Science,N. Iyer,Data Science,CSE,2010,30,5,26,0,1,Odd,0,1
2780,2023-12-01,BK0020,Applied Data Science,A. Gupta,Data Science,CSE,2013,40,7,16,0,0,Odd,0,1
2781,2023-12-01,BK0021,Data Science Concepts and Applications,S. Reddy,Data Science,CSE,2019,39,3,6,0,0,Odd,0,1
2782,2023-12-01,BK0022,Essentials of Data Science,R. Rao,Data Science,CSE,2014,63,8,23,0,0,Odd,0,1
2783,2023-12-01,BK0023,Data Science: Theory and Practice,R. Sharma,Data Science,CSE,2018,47,2,8,0,0,Odd,0,1
2784,2023-12-01,BK0024,Understanding Data Science,V. Iyer,Data Science,CSE,2019,49,16,61,6,0,Odd,0,1
2785,2023-12-01,BK0025,Introduction to Electronics,J. Kumar,Electronics,ECE,2015,62,12,31,0,0,Odd,0,1
2786,2023-12-01,BK0026,Fundamentals of Electronics,K. Singh,Electronics,ECE,2013,36,2,10,0,0,Odd,0,1
2787,2023-12-01,BK0027,Electronics: A Practical Approach,N. Bose,Electronics,ECE,1999,62,11,36,2,1,Odd,0,1
2788,2023-12-01,BK0028,Advanced Electronics,S. Iyer,Electronics,ECE,2015,20,10,16,1,0,Odd,0,1
2789,2023-12-01,BK0029,Principles of Electronics,S. Verma,Electronics,ECE,1997,32,7,30,2,0,Odd,0,1
2790,2023-12-01,BK0030,Electronics for Engineers,J. Menon,Electronics,ECE,2016,37,8,17,3,1,Odd,0,1
2791,2023-12-01,BK0031,Modern Electronics,R. Khan,Electronics,ECE,2020,49,5,15,0,0,Odd,0,1
2792,2023-12-01,BK0032,Applied Electronics,R. Gupta,Electronics,ECE,2002,60,9,11,1,0,Odd,0,1
2793,2023-12-01,BK0033,Electronics Concepts and Applications,S. Rao,Electronics,ECE,2016,36,4,24,1,0,Odd,0,1
2794,2023-12-01,BK0034,Essentials of Electronics,A. Iyer,Electronics,ECE,2022,58,2,12,0,1,Odd,0,1
2795,2023-12-01,BK0035,Electronics: Theory and Practice,M. Rao,Electronics,ECE,2011,33,18,81,5,0,Odd,0,1
2796,2023-12-01,BK0036,Understanding Electronics,D. Rao,Electronics,ECE,1995,15,25,80,2,4,Odd,0,1
2797,2023-12-01,BK0037,Introduction to Mechanical,R. Bose,Mechanical,MECH,2017,17,12,26,3,0,Odd,0,1
2798,2023-12-01,BK0038,Fundamentals of Mechanical,D. Reddy,Mechanical,MECH,2008,66,17,49,2,0,Odd,0,1
2799,2023-12-01,BK0039,Mechanical: A Practical Approach,M. Verma,Mechanical,MECH,2014,45,9,14,2,0,Odd,0,1
2800,2023-12-01,BK0040,Advanced Mechanical,D. Menon,Mechanical,MECH,2010,69,10,35,4,1,Odd,0,1
2801,2023-12-01,BK0041,Principles of Mechanical,R. Sharma,Mechanical,MECH,2005,51,8,25,1,0,Odd,0,1
2802,2023-12-01,BK0042,Mechanical for Engineers,S. Sharma,Mechanical,MECH,1996,65,8,40,0,0,Odd,0,1
2803,2023-12-01,BK0043,Modern Mechanical,R. Reddy,Mechanical,MECH,2020,67,20,26,4,1,Odd,0,1
2804,2023-12-01,BK0044,Applied Mechanical,R. Khan,Mechanical,MECH,2003,38,1,5,1,1,Odd,0,1
2805,2023-12-01,BK0045,Mechanical Concepts and Applications,S. Sharma,Mechanical,MECH,2017,27,5,16,2,0,Odd,0,1
2806,2023-12-01,BK0046,Essentials of Mechanical,N. Gupta,Mechanical,MECH,2007,33,7,11,1,0,Odd,0,1
2807,2023-12-01,BK0047,Mechanical: Theory and Practice,A. Iyer,Mechanical,MECH,1997,26,6,15,0,0,Odd,0,1
2808,2023-12-01,BK0048,Understanding Mechanical,J. Iyer,Mechanical,MECH,2004,53,0,13,0,0,Odd,0,1
2809,2023-12-01,BK0049,Introduction to Civil,D. Nair,Civil,CIVIL,2000,21,8,21,2,0,Odd,0,1
2810,2023-12-01,BK0050,Fundamentals of Civil,V. Menon,Civil,CIVIL,2002,62,14,45,2,1,Odd,0,1
2811,2023-12-01,BK0051,Civil: A Practical Approach,A. Bose,Civil,CIVIL,1997,59,3,12,0,1,Odd,0,1
2812,2023-12-01,BK0052,Advanced Civil,R. Verma,Civil,CIVIL,1997,27,6,27,0,1,Odd,0,1
2813,2023-12-01,BK0053,Principles of Civil,J. Verma,Civil,CIVIL,2015,30,11,23,2,0,Odd,0,1
2814,2023-12-01,BK0054,Civil for Engineers,P. Nair,Civil,CIVIL,2003,63,6,25,2,0,Odd,0,1
2815,2023-12-01,BK0055,Modern Civil,A. Nair,Civil,CIVIL,2018,42,4,11,0,0,Odd,0,1
2816,2023-12-01,BK0056,Applied Civil,M. Singh,Civil,CIVIL,1999,55,18,54,2,1,Odd,0,1
2817,2023-12-01,BK0057,Civil Concepts and Applications,K. Khan,Civil,CIVIL,2023,20,4,27,0,1,Odd,0,1
2818,2023-12-01,BK0058,Essentials of Civil,R. Reddy,Civil,CIVIL,2007,19,13,53,3,0,Odd,0,1
2819,2023-12-01,BK0059,Civil: Theory and Practice,N. Singh,Civil,CIVIL,2021,63,27,40,7,0,Odd,0,1
2820,2023-12-01,BK0060,Understanding Civil,A. Kumar,Civil,CIVIL,1999,45,11,17,0,0,Odd,0,1
2821,2023-12-01,BK0061,Introduction to Mathematics,M. Bose,Mathematics,SCIENCE,1995,65,6,22,2,0,Odd,0,1
2822,2023-12-01,BK0062,Fundamentals of Mathematics,K. Sharma,Mathematics,SCIENCE,1996,68,13,38,5,0,Odd,0,1
2823,2023-12-01,BK0063,Mathematics: A Practical Approach,P. Reddy,Mathematics,SCIENCE,2009,37,10,55,1,1,Odd,0,1
2824,2023-12-01,BK0064,Advanced Mathematics,M. Nair,Mathematics,SCIENCE,2012,48,7,24,0,1,Odd,0,1
2825,2023-12-01,BK0065,Principles of Mathematics,R. Khan,Mathematics,SCIENCE,2011,19,4,13,1,1,Odd,0,1
2826,2023-12-01,BK0066,Mathematics for Engineers,K. Menon,Mathematics,SCIENCE,2015,16,3,11,0,1,Odd,0,1
2827,2023-12-01,BK0067,Modern Mathematics,S. Gupta,Mathematics,SCIENCE,1997,41,26,79,2,1,Odd,0,1
2828,2023-12-01,BK0068,Applied Mathematics,R. Menon,Mathematics,SCIENCE,2000,15,2,6,0,0,Odd,0,1
2829,2023-12-01,BK0069,Mathematics Concepts and Applications,M. Gupta,Mathematics,SCIENCE,2016,61,8,17,1,0,Odd,0,1
2830,2023-12-01,BK0070,Essentials of Mathematics,V. Khan,Mathematics,SCIENCE,2023,66,7,25,1,1,Odd,0,1
2831,2023-12-01,BK0071,Mathematics: Theory and Practice,V. Bose,Mathematics,SCIENCE,1997,61,9,31,2,0,Odd,0,1
2832,2023-12-01,BK0072,Understanding Mathematics,N. Khan,Mathematics,SCIENCE,2019,69,9,21,1,1,Odd,0,1
2833,2023-12-01,BK0073,Introduction to Physics,M. Verma,Physics,SCIENCE,2007,32,5,12,0,0,Odd,0,1
2834,2023-12-01,BK0074,Fundamentals of Physics,K. Bose,Physics,SCIENCE,2000,66,0,15,0,1,Odd,0,1
2835,2023-12-01,BK0075,Physics: A Practical Approach,D. Kumar,Physics,SCIENCE,2010,18,9,18,2,1,Odd,0,1
2836,2023-12-01,BK0076,Advanced Physics,V. Rao,Physics,SCIENCE,2000,16,3,10,0,0,Odd,0,1
2837,2023-12-01,BK0077,Principles of Physics,K. Verma,Physics,SCIENCE,2007,58,5,19,1,0,Odd,0,1
2838,2023-12-01,BK0078,Physics for Engineers,M. Bose,Physics,SCIENCE,1995,40,4,24,0,0,Odd,0,1
2839,2023-12-01,BK0079,Modern Physics,P. Nair,Physics,SCIENCE,2004,58,10,40,0,0,Odd,0,1
2840,2023-12-01,BK0080,Applied Physics,R. Singh,Physics,SCIENCE,2018,52,7,29,2,2,Odd,0,1
2841,2023-12-01,BK0081,Physics Concepts and Applications,N. Reddy,Physics,SCIENCE,2006,49,10,27,1,0,Odd,0,1
2842,2023-12-01,BK0082,Essentials of Physics,S. Sharma,Physics,SCIENCE,2008,44,5,19,0,0,Odd,0,1
2843,2023-12-01,BK0083,Physics: Theory and Practice,S. Nair,Physics,SCIENCE,2002,53,4,15,1,0,Odd,0,1
2844,2023-12-01,BK0084,Understanding Physics,V. Reddy,Physics,SCIENCE,2009,69,4,11,1,1,Odd,0,1
2845,2023-12-01,BK0085,Introduction to Chemistry,R. Nair,Chemistry,SCIENCE,2009,61,6,20,0,0,Odd,0,1
2846,2023-12-01,BK0086,Fundamentals of Chemistry,A. Iyer,Chemistry,SCIENCE,2021,69,7,29,1,0,Odd,0,1
2847,2023-12-01,BK0087,Chemistry: A Practical Approach,A. Iyer,Chemistry,SCIENCE,2018,66,10,28,1,0,Odd,0,1
2848,2023-12-01,BK0088,Advanced Chemistry,V. Singh,Chemistry,SCIENCE,2013,50,11,54,1,0,Odd,0,1
2849,2023-12-01,BK0089,Principles of Chemistry,K. Menon,Chemistry,SCIENCE,2008,57,6,14,1,0,Odd,0,1
2850,2023-12-01,BK0090,Chemistry for Engineers,D. Singh,Chemistry,SCIENCE,1998,62,3,8,1,1,Odd,0,1
2851,2023-12-01,BK0091,Modern Chemistry,K. Nair,Chemistry,SCIENCE,2002,55,6,21,1,0,Odd,0,1
2852,2023-12-01,BK0092,Applied Chemistry,P. Khan,Chemistry,SCIENCE,2019,15,20,44,6,4,Odd,0,1
2853,2023-12-01,BK0093,Chemistry Concepts and Applications,P. Rao,Chemistry,SCIENCE,1997,66,13,31,2,2,Odd,0,1
2854,2023-12-01,BK0094,Essentials of Chemistry,J. Menon,Chemistry,SCIENCE,2005,58,2,2,0,0,Odd,0,1
2855,2023-12-01,BK0095,Chemistry: Theory and Practice,S. Bose,Chemistry,SCIENCE,2022,64,7,16,2,0,Odd,0,1
2856,2023-12-01,BK0096,Understanding Chemistry,M. Sharma,Chemistry,SCIENCE,2023,54,1,10,1,0,Odd,0,1
2857,2023-12-01,BK0097,Introduction to Business Management,A. Rao,Business Management,MBA,2007,43,8,19,0,1,Odd,0,1
2858,2023-12-01,BK0098,Fundamentals of Business Management,V. Reddy,Business Management,MBA,2012,44,3,24,0,0,Odd,0,1
2859,2023-12-01,BK0099,Business Management: A Practical Approach,P. Reddy,Business Management,MBA,2022,47,7,13,2,1,Odd,0,1
2860,2023-12-01,BK0100,Advanced Business Management,N. Rao,Business Management,MBA,2018,37,5,10,2,1,Odd,0,1
2861,2023-12-01,BK0101,Principles of Business Management,V. Bose,Business Management,MBA,2018,60,10,28,4,0,Odd,0,1
2862,2023-12-01,BK0102,Business Management for Engineers,K. Iyer,Business Management,MBA,2001,47,4,4,1,1,Odd,0,1
2863,2023-12-01,BK0103,Modern Business Management,N. Nair,Business Management,MBA,2017,69,1,6,0,0,Odd,0,1
2864,2023-12-01,BK0104,Applied Business Management,K. Nair,Business Management,MBA,2020,36,15,41,1,1,Odd,0,1
2865,2023-12-01,BK0105,Business Management Concepts and Applications,V. Sharma,Business Management,MBA,2002,16,5,19,1,0,Odd,0,1
2866,2023-12-01,BK0106,Essentials of Business Management,J. Rao,Business Management,MBA,1996,37,7,34,1,0,Odd,0,1
2867,2023-12-01,BK0107,Business Management: Theory and Practice,M. Khan,Business Management,MBA,2006,37,6,8,0,0,Odd,0,1
2868,2023-12-01,BK0108,Understanding Business Management,M. Menon,Business Management,MBA,2007,67,16,53,3,0,Odd,0,1
2869,2023-12-01,BK0109,Introduction to English Literature,N. Menon,English Literature,HUMANITIES,2013,67,4,11,1,0,Odd,0,1
2870,2023-12-01,BK0110,Fundamentals of English Literature,K. Reddy,English Literature,HUMANITIES,2001,54,2,13,0,0,Odd,0,1
2871,2023-12-01,BK0111,English Literature: A Practical Approach,S. Bose,English Literature,HUMANITIES,1997,66,16,45,2,1,Odd,0,1
2872,2023-12-01,BK0112,Advanced English Literature,A. Khan,English Literature,HUMANITIES,2011,15,3,5,0,0,Odd,0,1
2873,2023-12-01,BK0113,Principles of English Literature,J. Khan,English Literature,HUMANITIES,2006,33,2,9,0,0,Odd,0,1
2874,2023-12-01,BK0114,English Literature for Engineers,M. Verma,English Literature,HUMANITIES,2006,30,19,51,3,0,Odd,0,1
2875,2023-12-01,BK0115,Modern English Literature,V. Reddy,English Literature,HUMANITIES,2009,40,10,27,1,0,Odd,0,1
2876,2023-12-01,BK0116,Applied English Literature,J. Menon,English Literature,HUMANITIES,2020,21,10,15,2,0,Odd,0,1
2877,2023-12-01,BK0117,English Literature Concepts and Applications,M. Rao,English Literature,HUMANITIES,2012,56,7,15,1,0,Odd,0,1
2878,2023-12-01,BK0118,Essentials of English Literature,N. Sharma,English Literature,HUMANITIES,2005,54,3,17,1,0,Odd,0,1
2879,2023-12-01,BK0119,English Literature: Theory and Practice,D. Rao,English Literature,HUMANITIES,2007,56,17,33,3,0,Odd,0,1
2880,2023-12-01,BK0120,Understanding English Literature,R. Rao,English Literature,HUMANITIES,1997,53,3,1,0,0,Odd,0,1
2881,2024-01-01,BK0001,Introduction to Computer Science,N. Iyer,Computer Science,CSE,2016,67,15,5,0,0,Even,0,0
2882,2024-01-01,BK0002,Fundamentals of Computer Science,R. Singh,Computer Science,CSE,2016,58,27,6,8,0,Even,0,0
2883,2024-01-01,BK0003,Computer Science: A Practical Approach,J. Sharma,Computer Science,CSE,2006,69,2,1,1,0,Even,0,0
2884,2024-01-01,BK0004,Advanced Computer Science,K. Gupta,Computer Science,CSE,2022,28,21,6,4,0,Even,0,0
2885,2024-01-01,BK0005,Principles of Computer Science,R. Menon,Computer Science,CSE,2008,31,8,2,1,1,Even,0,0
2886,2024-01-01,BK0006,Computer Science for Engineers,K. Kumar,Computer Science,CSE,2012,40,4,2,1,0,Even,0,0
2887,2024-01-01,BK0007,Modern Computer Science,R. Menon,Computer Science,CSE,2010,59,24,8,2,1,Even,0,0
2888,2024-01-01,BK0008,Applied Computer Science,R. Nair,Computer Science,CSE,2007,15,23,13,4,6,Even,0,0
2889,2024-01-01,BK0009,Computer Science Concepts and Applications,J. Rao,Computer Science,CSE,2021,19,2,1,0,1,Even,0,0
2890,2024-01-01,BK0010,Essentials of Computer Science,D. Rao,Computer Science,CSE,2017,37,4,1,0,0,Even,0,0
2891,2024-01-01,BK0011,Computer Science: Theory and Practice,V. Nair,Computer Science,CSE,2020,69,10,0,1,0,Even,0,0
2892,2024-01-01,BK0012,Understanding Computer Science,N. Khan,Computer Science,CSE,2001,63,23,6,3,0,Even,0,0
2893,2024-01-01,BK0013,Introduction to Data Science,K. Iyer,Data Science,CSE,2016,42,11,5,2,0,Even,0,0
2894,2024-01-01,BK0014,Fundamentals of Data Science,R. Menon,Data Science,CSE,2005,69,27,4,6,1,Even,0,0
2895,2024-01-01,BK0015,Data Science: A Practical Approach,J. Rao,Data Science,CSE,2021,23,28,12,2,3,Even,0,0
2896,2024-01-01,BK0016,Advanced Data Science,M. Sharma,Data Science,CSE,2003,66,9,2,0,0,Even,0,0
2897,2024-01-01,BK0017,Principles of Data Science,A. Sharma,Data Science,CSE,1996,16,8,2,2,0,Even,0,0
2898,2024-01-01,BK0018,Data Science for Engineers,P. Rao,Data Science,CSE,2000,46,7,1,2,0,Even,0,0
2899,2024-01-01,BK0019,Modern Data Science,N. Iyer,Data Science,CSE,2010,30,17,4,4,0,Even,0,0
2900,2024-01-01,BK0020,Applied Data Science,A. Gupta,Data Science,CSE,2013,40,11,7,0,0,Even,0,0
2901,2024-01-01,BK0021,Data Science Concepts and Applications,S. Reddy,Data Science,CSE,2019,39,4,3,1,0,Even,0,0
2902,2024-01-01,BK0022,Essentials of Data Science,R. Rao,Data Science,CSE,2014,63,24,6,4,1,Even,0,0
2903,2024-01-01,BK0023,Data Science: Theory and Practice,R. Sharma,Data Science,CSE,2018,47,6,2,3,0,Even,0,0
2904,2024-01-01,BK0024,Understanding Data Science,V. Iyer,Data Science,CSE,2019,49,51,12,12,2,Even,0,0
2905,2024-01-01,BK0025,Introduction to Electronics,J. Kumar,Electronics,ECE,2015,62,16,11,3,0,Even,0,0
2906,2024-01-01,BK0026,Fundamentals of Electronics,K. Singh,Electronics,ECE,2013,36,8,2,1,0,Even,0,0
2907,2024-01-01,BK0027,Electronics: A Practical Approach,N. Bose,Electronics,ECE,1999,62,22,10,5,1,Even,0,0
2908,2024-01-01,BK0028,Advanced Electronics,S. Iyer,Electronics,ECE,2015,20,13,10,0,0,Even,0,0
2909,2024-01-01,BK0029,Principles of Electronics,S. Verma,Electronics,ECE,1997,32,22,7,4,0,Even,0,0
2910,2024-01-01,BK0030,Electronics for Engineers,J. Menon,Electronics,ECE,2016,37,17,8,3,0,Even,0,0
2911,2024-01-01,BK0031,Modern Electronics,R. Khan,Electronics,ECE,2020,49,23,2,5,0,Even,0,0
2912,2024-01-01,BK0032,Applied Electronics,R. Gupta,Electronics,ECE,2002,60,11,8,3,1,Even,0,0
2913,2024-01-01,BK0033,Electronics Concepts and Applications,S. Rao,Electronics,ECE,2016,36,14,3,1,0,Even,0,0
2914,2024-01-01,BK0034,Essentials of Electronics,A. Iyer,Electronics,ECE,2022,58,7,1,0,1,Even,0,0
2915,2024-01-01,BK0035,Electronics: Theory and Practice,M. Rao,Electronics,ECE,2011,33,50,16,5,10,Even,0,0
2916,2024-01-01,BK0036,Understanding Electronics,D. Rao,Electronics,ECE,1995,15,50,23,4,19,Even,0,0
2917,2024-01-01,BK0037,Introduction to Mechanical,R. Bose,Mechanical,MECH,2017,17,33,10,10,15,Even,0,0
2918,2024-01-01,BK0038,Fundamentals of Mechanical,D. Reddy,Mechanical,MECH,2008,66,45,12,10,0,Even,0,0
2919,2024-01-01,BK0039,Mechanical: A Practical Approach,M. Verma,Mechanical,MECH,2014,45,12,8,4,0,Even,0,0
2920,2024-01-01,BK0040,Advanced Mechanical,D. Menon,Mechanical,MECH,2010,69,39,9,6,0,Even,0,0
2921,2024-01-01,BK0041,Principles of Mechanical,R. Sharma,Mechanical,MECH,2005,51,24,6,3,0,Even,0,0
2922,2024-01-01,BK0042,Mechanical for Engineers,S. Sharma,Mechanical,MECH,1996,65,36,8,7,0,Even,0,0
2923,2024-01-01,BK0043,Modern Mechanical,R. Reddy,Mechanical,MECH,2020,67,30,17,5,0,Even,0,0
2924,2024-01-01,BK0044,Applied Mechanical,R. Khan,Mechanical,MECH,2003,38,6,1,0,1,Even,0,0
2925,2024-01-01,BK0045,Mechanical Concepts and Applications,S. Sharma,Mechanical,MECH,2017,27,7,5,3,0,Even,0,0
2926,2024-01-01,BK0046,Essentials of Mechanical,N. Gupta,Mechanical,MECH,2007,33,8,6,0,0,Even,0,0
2927,2024-01-01,BK0047,Mechanical: Theory and Practice,A. Iyer,Mechanical,MECH,1997,26,11,5,2,0,Even,0,0
2928,2024-01-01,BK0048,Understanding Mechanical,J. Iyer,Mechanical,MECH,2004,53,9,0,1,0,Even,0,0
2929,2024-01-01,BK0049,Introduction to Civil,D. Nair,Civil,CIVIL,2000,21,23,8,1,1,Even,0,0
2930,2024-01-01,BK0050,Fundamentals of Civil,V. Menon,Civil,CIVIL,2002,62,39,13,4,0,Even,0,0
2931,2024-01-01,BK0051,Civil: A Practical Approach,A. Bose,Civil,CIVIL,1997,59,7,1,0,0,Even,0,0
2932,2024-01-01,BK0052,Advanced Civil,R. Verma,Civil,CIVIL,1997,27,12,5,1,0,Even,0,0
2933,2024-01-01,BK0053,Principles of Civil,J. Verma,Civil,CIVIL,2015,30,24,7,6,2,Even,0,0
2934,2024-01-01,BK0054,Civil for Engineers,P. Nair,Civil,CIVIL,2003,63,19,3,1,0,Even,0,0
2935,2024-01-01,BK0055,Modern Civil,A. Nair,Civil,CIVIL,2018,42,8,2,2,0,Even,0,0
2936,2024-01-01,BK0056,Applied Civil,M. Singh,Civil,CIVIL,1999,55,40,15,2,0,Even,0,0
2937,2024-01-01,BK0057,Civil Concepts and Applications,K. Khan,Civil,CIVIL,2023,20,24,3,3,2,Even,0,0
2938,2024-01-01,BK0058,Essentials of Civil,R. Reddy,Civil,CIVIL,2007,19,52,12,7,19,Even,0,0
2939,2024-01-01,BK0059,Civil: Theory and Practice,N. Singh,Civil,CIVIL,2021,63,56,20,10,0,Even,0,0
2940,2024-01-01,BK0060,Understanding Civil,A. Kumar,Civil,CIVIL,1999,45,16,8,0,0,Even,0,0
2941,2024-01-01,BK0061,Introduction to Mathematics,M. Bose,Mathematics,SCIENCE,1995,65,15,5,3,0,Even,0,0
2942,2024-01-01,BK0062,Fundamentals of Mathematics,K. Sharma,Mathematics,SCIENCE,1996,68,27,11,4,0,Even,0,0
2943,2024-01-01,BK0063,Mathematics: A Practical Approach,P. Reddy,Mathematics,SCIENCE,2009,37,25,9,5,0,Even,0,0
2944,2024-01-01,BK0064,Advanced Mathematics,M. Nair,Mathematics,SCIENCE,2012,48,13,7,4,1,Even,0,0
2945,2024-01-01,BK0065,Principles of Mathematics,R. Khan,Mathematics,SCIENCE,2011,19,9,3,1,0,Even,0,0
2946,2024-01-01,BK0066,Mathematics for Engineers,K. Menon,Mathematics,SCIENCE,2015,16,5,3,1,0,Even,0,0
2947,2024-01-01,BK0067,Modern Mathematics,S. Gupta,Mathematics,SCIENCE,1997,41,44,16,11,2,Even,0,0
2948,2024-01-01,BK0068,Applied Mathematics,R. Menon,Mathematics,SCIENCE,2000,15,7,1,0,0,Even,0,0
2949,2024-01-01,BK0069,Mathematics Concepts and Applications,M. Gupta,Mathematics,SCIENCE,2016,61,20,5,2,0,Even,0,0
2950,2024-01-01,BK0070,Essentials of Mathematics,V. Khan,Mathematics,SCIENCE,2023,66,19,6,3,0,Even,0,0
2951,2024-01-01,BK0071,Mathematics: Theory and Practice,V. Bose,Mathematics,SCIENCE,1997,61,21,6,5,0,Even,0,0
2952,2024-01-01,BK0072,Understanding Mathematics,N. Khan,Mathematics,SCIENCE,2019,69,19,7,5,0,Even,0,0
2953,2024-01-01,BK0073,Introduction to Physics,M. Verma,Physics,SCIENCE,2007,32,10,5,1,0,Even,0,0
2954,2024-01-01,BK0074,Fundamentals of Physics,K. Bose,Physics,SCIENCE,2000,66,8,0,1,0,Even,0,0
2955,2024-01-01,BK0075,Physics: A Practical Approach,D. Kumar,Physics,SCIENCE,2010,18,9,7,1,1,Even,0,0
2956,2024-01-01,BK0076,Advanced Physics,V. Rao,Physics,SCIENCE,2000,16,5,3,0,1,Even,0,0
2957,2024-01-01,BK0077,Principles of Physics,K. Verma,Physics,SCIENCE,2007,58,22,4,1,0,Even,0,0
2958,2024-01-01,BK0078,Physics for Engineers,M. Bose,Physics,SCIENCE,1995,40,22,3,2,0,Even,0,0
2959,2024-01-01,BK0079,Modern Physics,P. Nair,Physics,SCIENCE,2004,58,17,9,1,0,Even,0,0
2960,2024-01-01,BK0080,Applied Physics,R. Singh,Physics,SCIENCE,2018,52,25,7,5,0,Even,0,0
2961,2024-01-01,BK0081,Physics Concepts and Applications,N. Reddy,Physics,SCIENCE,2006,49,23,10,2,0,Even,0,0
2962,2024-01-01,BK0082,Essentials of Physics,S. Sharma,Physics,SCIENCE,2008,44,11,4,2,0,Even,0,0
2963,2024-01-01,BK0083,Physics: Theory and Practice,S. Nair,Physics,SCIENCE,2002,53,11,3,1,0,Even,0,0
2964,2024-01-01,BK0084,Understanding Physics,V. Reddy,Physics,SCIENCE,2009,69,7,3,0,0,Even,0,0
2965,2024-01-01,BK0085,Introduction to Chemistry,R. Nair,Chemistry,SCIENCE,2009,61,18,6,2,0,Even,0,0
2966,2024-01-01,BK0086,Fundamentals of Chemistry,A. Iyer,Chemistry,SCIENCE,2021,69,20,7,4,1,Even,0,0
2967,2024-01-01,BK0087,Chemistry: A Practical Approach,A. Iyer,Chemistry,SCIENCE,2018,66,23,8,5,0,Even,0,0
2968,2024-01-01,BK0088,Advanced Chemistry,V. Singh,Chemistry,SCIENCE,2013,50,38,10,5,0,Even,0,0
2969,2024-01-01,BK0089,Principles of Chemistry,K. Menon,Chemistry,SCIENCE,2008,57,10,6,3,0,Even,0,0
2970,2024-01-01,BK0090,Chemistry for Engineers,D. Singh,Chemistry,SCIENCE,1998,62,5,3,1,2,Even,0,0
2971,2024-01-01,BK0091,Modern Chemistry,K. Nair,Chemistry,SCIENCE,2002,55,14,5,2,0,Even,0,0
2972,2024-01-01,BK0092,Applied Chemistry,P. Khan,Chemistry,SCIENCE,2019,15,40,15,5,9,Even,0,0
2973,2024-01-01,BK0093,Chemistry Concepts and Applications,P. Rao,Chemistry,SCIENCE,1997,66,30,12,3,0,Even,0,0
2974,2024-01-01,BK0094,Essentials of Chemistry,J. Menon,Chemistry,SCIENCE,2005,58,1,2,0,0,Even,0,0
2975,2024-01-01,BK0095,Chemistry: Theory and Practice,S. Bose,Chemistry,SCIENCE,2022,64,10,6,1,1,Even,0,0
2976,2024-01-01,BK0096,Understanding Chemistry,M. Sharma,Chemistry,SCIENCE,2023,54,8,1,0,1,Even,0,0
2977,2024-01-01,BK0097,Introduction to Business Management,A. Rao,Business Management,MBA,2007,43,25,8,2,1,Even,0,0
2978,2024-01-01,BK0098,Fundamentals of Business Management,V. Reddy,Business Management,MBA,2012,44,15,1,1,0,Even,0,0
2979,2024-01-01,BK0099,Business Management: A Practical Approach,P. Reddy,Business Management,MBA,2022,47,20,7,5,0,Even,0,0
2980,2024-01-01,BK0100,Advanced Business Management,N. Rao,Business Management,MBA,2018,37,15,5,1,2,Even,0,0
2981,2024-01-01,BK0101,Principles of Business Management,V. Bose,Business Management,MBA,2018,60,32,8,2,0,Even,0,0
2982,2024-01-01,BK0102,Business Management for Engineers,K. Iyer,Business Management,MBA,2001,47,6,3,2,0,Even,0,0
2983,2024-01-01,BK0103,Modern Business Management,N. Nair,Business Management,MBA,2017,69,3,1,1,0,Even,0,0
2984,2024-01-01,BK0104,Applied Business Management,K. Nair,Business Management,MBA,2020,36,47,14,10,5,Even,0,0
2985,2024-01-01,BK0105,Business Management Concepts and Applications,V. Sharma,Business Management,MBA,2002,16,24,3,4,3,Even,0,0
2986,2024-01-01,BK0106,Essentials of Business Management,J. Rao,Business Management,MBA,1996,37,27,6,8,1,Even,0,0
2987,2024-01-01,BK0107,Business Management: Theory and Practice,M. Khan,Business Management,MBA,2006,37,5,6,0,0,Even,0,0
2988,2024-01-01,BK0108,Understanding Business Management,M. Menon,Business Management,MBA,2007,67,52,13,10,0,Even,0,0
2989,2024-01-01,BK0109,Introduction to English Literature,N. Menon,English Literature,HUMANITIES,2013,67,8,4,1,0,Even,0,0
2990,2024-01-01,BK0110,Fundamentals of English Literature,K. Reddy,English Literature,HUMANITIES,2001,54,18,2,2,0,Even,0,0
2991,2024-01-01,BK0111,English Literature: A Practical Approach,S. Bose,English Literature,HUMANITIES,1997,66,36,12,5,1,Even,0,0
2992,2024-01-01,BK0112,Advanced English Literature,A. Khan,English Literature,HUMANITIES,2011,15,9,2,0,0,Even,0,0
2993,2024-01-01,BK0113,Principles of English Literature,J. Khan,English Literature,HUMANITIES,2006,33,16,2,4,0,Even,0,0
2994,2024-01-01,BK0114,English Literature for Engineers,M. Verma,English Literature,HUMANITIES,2006,30,61,18,6,20,Even,0,0
2995,2024-01-01,BK0115,Modern English Literature,V. Reddy,English Literature,HUMANITIES,2009,40,28,9,2,0,Even,0,0
2996,2024-01-01,BK0116,Applied English Literature,J. Menon,English Literature,HUMANITIES,2020,21,25,8,6,0,Even,0,0
2997,2024-01-01,BK0117,English Literature Concepts and Applications,M. Rao,English Literature,HUMANITIES,2012,56,26,7,5,0,Even,0,0
2998,2024-01-01,BK0118,Essentials of English Literature,N. Sharma,English Literature,HUMANITIES,2005,54,5,2,2,0,Even,0,0
2999,2024-01-01,BK0119,English Literature: Theory and Practice,D. Rao,English Literature,HUMANITIES,2007,56,30,13,2,0,Even,0,0
3000,2024-01-01,BK0120,Understanding English Literature,R. Rao,English Literature,HUMANITIES,1997,53,3,2,1,0,Even,0,0
3001,2024-02-01,BK0001,Introduction to Computer Science,N. Iyer,Computer Science,CSE,2016,67,14,13,1,0,Even,0,0
3002,2024-02-01,BK0002,Fundamentals of Computer Science,R. Singh,Computer Science,CSE,2016,58,28,26,7,0,Even,0,0
3003,2024-02-01,BK0003,Computer Science: A Practical Approach,J. Sharma,Computer Science,CSE,2006,69,1,2,0,1,Even,0,0
3004,2024-02-01,BK0004,Advanced Computer Science,K. Gupta,Computer Science,CSE,2022,28,20,17,6,0,Even,0,0
3005,2024-02-01,BK0005,Principles of Computer Science,R. Menon,Computer Science,CSE,2008,31,3,7,0,0,Even,0,0
3006,2024-02-01,BK0006,Computer Science for Engineers,K. Kumar,Computer Science,CSE,2012,40,3,4,1,0,Even,0,0
3007,2024-02-01,BK0007,Modern Computer Science,R. Menon,Computer Science,CSE,2010,59,24,23,5,0,Even,0,0
3008,2024-02-01,BK0008,Applied Computer Science,R. Nair,Computer Science,CSE,2007,15,36,19,2,17,Even,0,0
3009,2024-02-01,BK0009,Computer Science Concepts and Applications,J. Rao,Computer Science,CSE,2021,19,4,2,0,0,Even,0,0
3010,2024-02-01,BK0010,Essentials of Computer Science,D. Rao,Computer Science,CSE,2017,37,9,2,1,1,Even,0,0
3011,2024-02-01,BK0011,Computer Science: Theory and Practice,V. Nair,Computer Science,CSE,2020,69,11,10,1,0,Even,0,0
3012,2024-02-01,BK0012,Understanding Computer Science,N. Khan,Computer Science,CSE,2001,63,16,23,1,0,Even,0,0
3013,2024-02-01,BK0013,Introduction to Data Science,K. Iyer,Data Science,CSE,2016,42,18,11,4,0,Even,0,0
3014,2024-02-01,BK0014,Fundamentals of Data Science,R. Menon,Data Science,CSE,2005,69,22,24,1,0,Even,0,0
3015,2024-02-01,BK0015,Data Science: A Practical Approach,J. Rao,Data Science,CSE,2021,23,26,19,3,2,Even,0,0
3016,2024-02-01,BK0016,Advanced Data Science,M. Sharma,Data Science,CSE,2003,66,13,7,2,0,Even,0,0
3017,2024-02-01,BK0017,Principles of Data Science,A. Sharma,Data Science,CSE,1996,16,13,7,3,0,Even,0,0
3018,2024-02-01,BK0018,Data Science for Engineers,P. Rao,Data Science,CSE,2000,46,11,7,0,0,Even,0,0
3019,2024-02-01,BK0019,Modern Data Science,N. Iyer,Data Science,CSE,2010,30,9,15,3,0,Even,0,0
3020,2024-02-01,BK0020,Applied Data Science,A. Gupta,Data Science,CSE,2013,40,14,9,5,0,Even,0,0
3021,2024-02-01,BK0021,Data Science Concepts and Applications,S. Reddy,Data Science,CSE,2019,39,5,4,1,0,Even,0,0
3022,2024-02-01,BK0022,Essentials of Data Science,R. Rao,Data Science,CSE,2014,63,22,22,3,0,Even,0,0
3023,2024-02-01,BK0023,Data Science: Theory and Practice,R. Sharma,Data Science,CSE,2018,47,5,6,1,0,Even,0,0
3024,2024-02-01,BK0024,Understanding Data Science,V. Iyer,Data Science,CSE,2019,49,52,49,7,1,Even,0,0
3025,2024-02-01,BK0025,Introduction to Electronics,J. Kumar,Electronics,ECE,2015,62,20,14,5,2,Even,0,0
3026,2024-02-01,BK0026,Fundamentals of Electronics,K. Singh,Electronics,ECE,2013,36,6,7,0,0,Even,0,0
3027,2024-02-01,BK0027,Electronics: A Practical Approach,N. Bose,Electronics,ECE,1999,62,34,19,4,0,Even,0,0
3028,2024-02-01,BK0028,Advanced Electronics,S. Iyer,Electronics,ECE,2015,20,10,10,3,0,Even,0,0
3029,2024-02-01,BK0029,Principles of Electronics,S. Verma,Electronics,ECE,1997,32,22,21,1,1,Even,0,0
3030,2024-02-01,BK0030,Electronics for Engineers,J. Menon,Electronics,ECE,2016,37,15,15,2,0,Even,0,0
3031,2024-02-01,BK0031,Modern Electronics,R. Khan,Electronics,ECE,2020,49,14,19,3,0,Even,0,0
3032,2024-02-01,BK0032,Applied Electronics,R. Gupta,Electronics,ECE,2002,60,7,11,0,0,Even,0,0
3033,2024-02-01,BK0033,Electronics Concepts and Applications,S. Rao,Electronics,ECE,2016,36,15,13,3,0,Even,0,0
3034,2024-02-01,BK0034,Essentials of Electronics,A. Iyer,Electronics,ECE,2022,58,8,5,0,0,Even,0,0
3035,2024-02-01,BK0035,Electronics: Theory and Practice,M. Rao,Electronics,ECE,2011,33,49,39,14,7,Even,0,0
3036,2024-02-01,BK0036,Understanding Electronics,D. Rao,Electronics,ECE,1995,15,63,38,15,34,Even,0,0
3037,2024-02-01,BK0037,Introduction to Mechanical,R. Bose,Mechanical,MECH,2017,17,32,30,5,7,Even,0,0
3038,2024-02-01,BK0038,Fundamentals of Mechanical,D. Reddy,Mechanical,MECH,2008,66,50,35,7,0,Even,0,0
3039,2024-02-01,BK0039,Mechanical: A Practical Approach,M. Verma,Mechanical,MECH,2014,45,5,9,0,0,Even,0,0
3040,2024-02-01,BK0040,Advanced Mechanical,D. Menon,Mechanical,MECH,2010,69,29,37,4,0,Even,0,0
3041,2024-02-01,BK0041,Principles of Mechanical,R. Sharma,Mechanical,MECH,2005,51,16,20,3,0,Even,0,0
3042,2024-02-01,BK0042,Mechanical for Engineers,S. Sharma,Mechanical,MECH,1996,65,25,30,5,0,Even,0,0
3043,2024-02-01,BK0043,Modern Mechanical,R. Reddy,Mechanical,MECH,2020,67,35,23,7,0,Even,0,0
3044,2024-02-01,BK0044,Applied Mechanical,R. Khan,Mechanical,MECH,2003,38,5,6,1,0,Even,0,0
3045,2024-02-01,BK0045,Mechanical Concepts and Applications,S. Sharma,Mechanical,MECH,2017,27,10,6,2,1,Even,0,0
3046,2024-02-01,BK0046,Essentials of Mechanical,N. Gupta,Mechanical,MECH,2007,33,12,7,4,0,Even,0,0
3047,2024-02-01,BK0047,Mechanical: Theory and Practice,A. Iyer,Mechanical,MECH,1997,26,11,9,2,0,Even,0,0
3048,2024-02-01,BK0048,Understanding Mechanical,J. Iyer,Mechanical,MECH,2004,53,10,6,1,2,Even,0,0
3049,2024-02-01,BK0049,Introduction to Civil,D. Nair,Civil,CIVIL,2000,21,20,18,2,2,Even,0,0
3050,2024-02-01,BK0050,Fundamentals of Civil,V. Menon,Civil,CIVIL,2002,62,48,30,5,0,Even,0,0
3051,2024-02-01,BK0051,Civil: A Practical Approach,A. Bose,Civil,CIVIL,1997,59,8,5,0,0,Even,0,0
3052,2024-02-01,BK0052,Advanced Civil,R. Verma,Civil,CIVIL,1997,27,15,9,3,1,Even,0,0
3053,2024-02-01,BK0053,Principles of Civil,J. Verma,Civil,CIVIL,2015,30,26,23,6,1,Even,0,0
3054,2024-02-01,BK0054,Civil for Engineers,P. Nair,Civil,CIVIL,2003,63,20,13,4,0,Even,0,0
3055,2024-02-01,BK0055,Modern Civil,A. Nair,Civil,CIVIL,2018,42,14,7,2,0,Even,0,0
3056,2024-02-01,BK0056,Applied Civil,M. Singh,Civil,CIVIL,1999,55,41,29,6,1,Even,0,0
3057,2024-02-01,BK0057,Civil Concepts and Applications,K. Khan,Civil,CIVIL,2023,20,22,20,2,1,Even,0,0
3058,2024-02-01,BK0058,Essentials of Civil,R. Reddy,Civil,CIVIL,2007,19,45,48,8,16,Even,0,0
3059,2024-02-01,BK0059,Civil: Theory and Practice,N. Singh,Civil,CIVIL,2021,63,48,49,4,0,Even,0,0
3060,2024-02-01,BK0060,Understanding Civil,A. Kumar,Civil,CIVIL,1999,45,14,12,3,0,Even,0,0
3061,2024-02-01,BK0061,Introduction to Mathematics,M. Bose,Mathematics,SCIENCE,1995,65,15,14,2,1,Even,0,0
3062,2024-02-01,BK0062,Fundamentals of Mathematics,K. Sharma,Mathematics,SCIENCE,1996,68,25,21,2,0,Even,0,0
3063,2024-02-01,BK0063,Mathematics: A Practical Approach,P. Reddy,Mathematics,SCIENCE,2009,37,37,21,8,1,Even,0,0
3064,2024-02-01,BK0064,Advanced Mathematics,M. Nair,Mathematics,SCIENCE,2012,48,16,11,3,1,Even,0,0
3065,2024-02-01,BK0065,Principles of Mathematics,R. Khan,Mathematics,SCIENCE,2011,19,12,9,1,0,Even,0,0
3066,2024-02-01,BK0066,Mathematics for Engineers,K. Menon,Mathematics,SCIENCE,2015,16,8,4,1,0,Even,0,0
3067,2024-02-01,BK0067,Modern Mathematics,S. Gupta,Mathematics,SCIENCE,1997,41,55,42,6,5,Even,0,0
3068,2024-02-01,BK0068,Applied Mathematics,R. Menon,Mathematics,SCIENCE,2000,15,8,6,1,0,Even,0,0
3069,2024-02-01,BK0069,Mathematics Concepts and Applications,M. Gupta,Mathematics,SCIENCE,2016,61,16,17,5,1,Even,0,0
3070,2024-02-01,BK0070,Essentials of Mathematics,V. Khan,Mathematics,SCIENCE,2023,66,30,14,6,0,Even,0,0
3071,2024-02-01,BK0071,Mathematics: Theory and Practice,V. Bose,Mathematics,SCIENCE,1997,61,28,17,8,0,Even,0,0
3072,2024-02-01,BK0072,Understanding Mathematics,N. Khan,Mathematics,SCIENCE,2019,69,19,15,4,1,Even,0,0
3073,2024-02-01,BK0073,Introduction to Physics,M. Verma,Physics,SCIENCE,2007,32,10,8,1,0,Even,0,0
3074,2024-02-01,BK0074,Fundamentals of Physics,K. Bose,Physics,SCIENCE,2000,66,9,5,1,0,Even,0,0
3075,2024-02-01,BK0075,Physics: A Practical Approach,D. Kumar,Physics,SCIENCE,2010,18,19,8,4,1,Even,0,0
3076,2024-02-01,BK0076,Advanced Physics,V. Rao,Physics,SCIENCE,2000,16,10,4,1,0,Even,0,0
3077,2024-02-01,BK0077,Principles of Physics,K. Verma,Physics,SCIENCE,2007,58,17,21,6,0,Even,0,0
3078,2024-02-01,BK0078,Physics for Engineers,M. Bose,Physics,SCIENCE,1995,40,21,20,5,0,Even,0,0
3079,2024-02-01,BK0079,Modern Physics,P. Nair,Physics,SCIENCE,2004,58,19,14,6,0,Even,0,0
3080,2024-02-01,BK0080,Applied Physics,R. Singh,Physics,SCIENCE,2018,52,25,20,4,1,Even,0,0
3081,2024-02-01,BK0081,Physics Concepts and Applications,N. Reddy,Physics,SCIENCE,2006,49,22,21,2,0,Even,0,0
3082,2024-02-01,BK0082,Essentials of Physics,S. Sharma,Physics,SCIENCE,2008,44,9,10,0,0,Even,0,0
3083,2024-02-01,BK0083,Physics: Theory and Practice,S. Nair,Physics,SCIENCE,2002,53,6,10,2,0,Even,0,0
3084,2024-02-01,BK0084,Understanding Physics,V. Reddy,Physics,SCIENCE,2009,69,14,6,2,0,Even,0,0
3085,2024-02-01,BK0085,Introduction to Chemistry,R. Nair,Chemistry,SCIENCE,2009,61,12,13,4,0,Even,0,0
3086,2024-02-01,BK0086,Fundamentals of Chemistry,A. Iyer,Chemistry,SCIENCE,2021,69,24,16,5,0,Even,0,0
3087,2024-02-01,BK0087,Chemistry: A Practical Approach,A. Iyer,Chemistry,SCIENCE,2018,66,33,20,9,1,Even,0,0
3088,2024-02-01,BK0088,Advanced Chemistry,V. Singh,Chemistry,SCIENCE,2013,50,33,35,6,0,Even,0,0
3089,2024-02-01,BK0089,Principles of Chemistry,K. Menon,Chemistry,SCIENCE,2008,57,11,9,1,1,Even,0,0
3090,2024-02-01,BK0090,Chemistry for Engineers,D. Singh,Chemistry,SCIENCE,1998,62,6,4,2,0,Even,0,0
3091,2024-02-01,BK0091,Modern Chemistry,K. Nair,Chemistry,SCIENCE,2002,55,23,11,5,0,Even,0,0
3092,2024-02-01,BK0092,Applied Chemistry,P. Khan,Chemistry,SCIENCE,2019,15,40,35,4,11,Even,0,0
3093,2024-02-01,BK0093,Chemistry Concepts and Applications,P. Rao,Chemistry,SCIENCE,1997,66,14,25,1,1,Even,0,0
3094,2024-02-01,BK0094,Essentials of Chemistry,J. Menon,Chemistry,SCIENCE,2005,58,1,1,0,0,Even,0,0
3095,2024-02-01,BK0095,Chemistry: Theory and Practice,S. Bose,Chemistry,SCIENCE,2022,64,14,8,3,0,Even,0,0
3096,2024-02-01,BK0096,Understanding Chemistry,M. Sharma,Chemistry,SCIENCE,2023,54,2,7,0,0,Even,0,0
3097,2024-02-01,BK0097,Introduction to Business Management,A. Rao,Business Management,MBA,2007,43,24,21,4,0,Even,0,0
3098,2024-02-01,BK0098,Fundamentals of Business Management,V. Reddy,Business Management,MBA,2012,44,15,14,4,0,Even,0,0
3099,2024-02-01,BK0099,Business Management: A Practical Approach,P. Reddy,Business Management,MBA,2022,47,16,18,1,0,Even,0,0
3100,2024-02-01,BK0100,Advanced Business Management,N. Rao,Business Management,MBA,2018,37,11,12,4,0,Even,0,0
3101,2024-02-01,BK0101,Principles of Business Management,V. Bose,Business Management,MBA,2018,60,16,26,1,0,Even,0,0
3102,2024-02-01,BK0102,Business Management for Engineers,K. Iyer,Business Management,MBA,2001,47,4,6,1,0,Even,0,0
3103,2024-02-01,BK0103,Modern Business Management,N. Nair,Business Management,MBA,2017,69,3,2,1,0,Even,0,0
3104,2024-02-01,BK0104,Applied Business Management,K. Nair,Business Management,MBA,2020,36,40,44,6,3,Even,0,0
3105,2024-02-01,BK0105,Business Management Concepts and Applications,V. Sharma,Business Management,MBA,2002,16,8,21,0,0,Even,0,0
3106,2024-02-01,BK0106,Essentials of Business Management,J. Rao,Business Management,MBA,1996,37,29,23,4,0,Even,0,0
3107,2024-02-01,BK0107,Business Management: Theory and Practice,M. Khan,Business Management,MBA,2006,37,6,4,1,0,Even,0,0
3108,2024-02-01,BK0108,Understanding Business Management,M. Menon,Business Management,MBA,2007,67,57,38,12,0,Even,0,0
3109,2024-02-01,BK0109,Introduction to English Literature,N. Menon,English Literature,HUMANITIES,2013,67,20,5,4,0,Even,0,0
3110,2024-02-01,BK0110,Fundamentals of English Literature,K. Reddy,English Literature,HUMANITIES,2001,54,11,12,0,0,Even,0,0
3111,2024-02-01,BK0111,English Literature: A Practical Approach,S. Bose,English Literature,HUMANITIES,1997,66,38,31,4,1,Even,0,0
3112,2024-02-01,BK0112,Advanced English Literature,A. Khan,English Literature,HUMANITIES,2011,15,3,8,0,0,Even,0,0
3113,2024-02-01,BK0113,Principles of English Literature,J. Khan,English Literature,HUMANITIES,2006,33,11,13,2,1,Even,0,0
3114,2024-02-01,BK0114,English Literature for Engineers,M. Verma,English Literature,HUMANITIES,2006,30,45,53,9,6,Even,0,0
3115,2024-02-01,BK0115,Modern English Literature,V. Reddy,English Literature,HUMANITIES,2009,40,22,23,5,0,Even,0,0
3116,2024-02-01,BK0116,Applied English Literature,J. Menon,English Literature,HUMANITIES,2020,21,25,23,0,4,Even,0,0
3117,2024-02-01,BK0117,English Literature Concepts and Applications,M. Rao,English Literature,HUMANITIES,2012,56,21,22,4,1,Even,0,0
3118,2024-02-01,BK0118,Essentials of English Literature,N. Sharma,English Literature,HUMANITIES,2005,54,11,3,3,1,Even,0,0
3119,2024-02-01,BK0119,English Literature: Theory and Practice,D. Rao,English Literature,HUMANITIES,2007,56,34,27,8,1,Even,0,0
3120,2024-02-01,BK0120,Understanding English Literature,R. Rao,English Literature,HUMANITIES,1997,53,1,3,0,0,Even,0,0
3121,2024-03-01,BK0001,Introduction to Computer Science,N. Iyer,Computer Science,CSE,2016,67,10,10,1,0,Even,0,0
3122,2024-03-01,BK0002,Fundamentals of Computer Science,R. Singh,Computer Science,CSE,2016,58,21,23,5,0,Even,0,0
3123,2024-03-01,BK0003,Computer Science: A Practical Approach,J. Sharma,Computer Science,CSE,2006,69,2,0,0,2,Even,0,0
3124,2024-03-01,BK0004,Advanced Computer Science,K. Gupta,Computer Science,CSE,2022,28,24,16,4,1,Even,0,0
3125,2024-03-01,BK0005,Principles of Computer Science,R. Menon,Computer Science,CSE,2008,31,4,3,0,0,Even,0,0
3126,2024-03-01,BK0006,Computer Science for Engineers,K. Kumar,Computer Science,CSE,2012,40,7,3,0,0,Even,0,0
3127,2024-03-01,BK0007,Modern Computer Science,R. Menon,Computer Science,CSE,2010,59,31,22,3,1,Even,0,0
3128,2024-03-01,BK0008,Applied Computer Science,R. Nair,Computer Science,CSE,2007,15,21,28,2,2,Even,0,0
3129,2024-03-01,BK0009,Computer Science Concepts and Applications,J. Rao,Computer Science,CSE,2021,19,9,4,2,0,Even,0,0
3130,2024-03-01,BK0010,Essentials of Computer Science,D. Rao,Computer Science,CSE,2017,37,5,8,1,0,Even,0,0
3131,2024-03-01,BK0011,Computer Science: Theory and Practice,V. Nair,Computer Science,CSE,2020,69,5,9,1,1,Even,0,0
3132,2024-03-01,BK0012,Understanding Computer Science,N. Khan,Computer Science,CSE,2001,63,17,16,3,2,Even,0,0
3133,2024-03-01,BK0013,Introduction to Data Science,K. Iyer,Data Science,CSE,2016,42,19,16,2,0,Even,0,0
3134,2024-03-01,BK0014,Fundamentals of Data Science,R. Menon,Data Science,CSE,2005,69,23,21,3,1,Even,0,0
3135,2024-03-01,BK0015,Data Science: A Practical Approach,J. Rao,Data Science,CSE,2021,23,23,22,4,0,Even,0,0
3136,2024-03-01,BK0016,Advanced Data Science,M. Sharma,Data Science,CSE,2003,66,11,12,2,0,Even,0,0
3137,2024-03-01,BK0017,Principles of Data Science,A. Sharma,Data Science,CSE,1996,16,8,9,1,1,Even,0,0
3138,2024-03-01,BK0018,Data Science for Engineers,P. Rao,Data Science,CSE,2000,46,6,8,0,1,Even,0,0
3139,2024-03-01,BK0019,Modern Data Science,N. Iyer,Data Science,CSE,2010,30,14,8,1,0,Even,0,0
3140,2024-03-01,BK0020,Applied Data Science,A. Gupta,Data Science,CSE,2013,40,16,10,2,1,Even,0,0
3141,2024-03-01,BK0021,Data Science Concepts and Applications,S. Reddy,Data Science,CSE,2019,39,4,4,1,0,Even,0,0
3142,2024-03-01,BK0022,Essentials of Data Science,R. Rao,Data Science,CSE,2014,63,17,20,1,0,Even,0,0
3143,2024-03-01,BK0023,Data Science: Theory and Practice,R. Sharma,Data Science,CSE,2018,47,7,5,0,1,Even,0,0
3144,2024-03-01,BK0024,Understanding Data Science,V. Iyer,Data Science,CSE,2019,49,54,42,10,2,Even,0,0
3145,2024-03-01,BK0025,Introduction to Electronics,J. Kumar,Electronics,ECE,2015,62,22,16,2,0,Even,0,0
3146,2024-03-01,BK0026,Fundamentals of Electronics,K. Singh,Electronics,ECE,2013,36,7,4,1,0,Even,0,0
3147,2024-03-01,BK0027,Electronics: A Practical Approach,N. Bose,Electronics,ECE,1999,62,28,29,2,1,Even,0,0
3148,2024-03-01,BK0028,Advanced Electronics,S. Iyer,Electronics,ECE,2015,20,23,8,4,1,Even,0,0
3149,2024-03-01,BK0029,Principles of Electronics,S. Verma,Electronics,ECE,1997,32,20,20,1,1,Even,0,0
3150,2024-03-01,BK0030,Electronics for Engineers,J. Menon,Electronics,ECE,2016,37,11,14,3,0,Even,0,0
3151,2024-03-01,BK0031,Modern Electronics,R. Khan,Electronics,ECE,2020,49,12,12,3,0,Even,0,0
3152,2024-03-01,BK0032,Applied Electronics,R. Gupta,Electronics,ECE,2002,60,7,7,3,0,Even,0,0
3153,2024-03-01,BK0033,Electronics Concepts and Applications,S. Rao,Electronics,ECE,2016,36,18,12,2,1,Even,0,0
3154,2024-03-01,BK0034,Essentials of Electronics,A. Iyer,Electronics,ECE,2022,58,7,8,0,0,Even,0,0
3155,2024-03-01,BK0035,Electronics: Theory and Practice,M. Rao,Electronics,ECE,2011,33,55,41,8,16,Even,0,0
3156,2024-03-01,BK0036,Understanding Electronics,D. Rao,Electronics,ECE,1995,15,66,54,13,21,Even,0,0
3157,2024-03-01,BK0037,Introduction to Mechanical,R. Bose,Mechanical,MECH,2017,17,38,25,6,15,Even,0,0
3158,2024-03-01,BK0038,Fundamentals of Mechanical,D. Reddy,Mechanical,MECH,2008,66,37,43,2,0,Even,0,0
3159,2024-03-01,BK0039,Mechanical: A Practical Approach,M. Verma,Mechanical,MECH,2014,45,14,5,2,0,Even,0,0
3160,2024-03-01,BK0040,Advanced Mechanical,D. Menon,Mechanical,MECH,2010,69,19,26,3,0,Even,0,0
3161,2024-03-01,BK0041,Principles of Mechanical,R. Sharma,Mechanical,MECH,2005,51,18,14,1,0,Even,0,0
3162,2024-03-01,BK0042,Mechanical for Engineers,S. Sharma,Mechanical,MECH,1996,65,27,19,3,0,Even,0,0
3163,2024-03-01,BK0043,Modern Mechanical,R. Reddy,Mechanical,MECH,2020,67,33,28,4,1,Even,0,0
3164,2024-03-01,BK0044,Applied Mechanical,R. Khan,Mechanical,MECH,2003,38,7,5,3,0,Even,0,0
3165,2024-03-01,BK0045,Mechanical Concepts and Applications,S. Sharma,Mechanical,MECH,2017,27,3,8,2,0,Even,0,0
3166,2024-03-01,BK0046,Essentials of Mechanical,N. Gupta,Mechanical,MECH,2007,33,6,8,0,0,Even,0,0
3167,2024-03-01,BK0047,Mechanical: Theory and Practice,A. Iyer,Mechanical,MECH,1997,26,19,8,4,0,Even,0,0
3168,2024-03-01,BK0048,Understanding Mechanical,J. Iyer,Mechanical,MECH,2004,53,9,7,1,0,Even,0,0
3169,2024-03-01,BK0049,Introduction to Civil,D. Nair,Civil,CIVIL,2000,21,17,17,4,1,Even,0,0
3170,2024-03-01,BK0050,Fundamentals of Civil,V. Menon,Civil,CIVIL,2002,62,37,39,7,0,Even,0,0
3171,2024-03-01,BK0051,Civil: A Practical Approach,A. Bose,Civil,CIVIL,1997,59,7,7,2,0,Even,0,0
3172,2024-03-01,BK0052,Advanced Civil,R. Verma,Civil,CIVIL,1997,27,18,11,2,0,Even,0,0
3173,2024-03-01,BK0053,Principles of Civil,J. Verma,Civil,CIVIL,2015,30,22,22,2,0,Even,0,0
3174,2024-03-01,BK0054,Civil for Engineers,P. Nair,Civil,CIVIL,2003,63,19,19,2,0,Even,0,0
3175,2024-03-01,BK0055,Modern Civil,A. Nair,Civil,CIVIL,2018,42,10,13,1,0,Even,0,0
3176,2024-03-01,BK0056,Applied Civil,M. Singh,Civil,CIVIL,1999,55,37,37,7,0,Even,0,0
3177,2024-03-01,BK0057,Civil Concepts and Applications,K. Khan,Civil,CIVIL,2023,20,23,18,1,1,Even,0,0
3178,2024-03-01,BK0058,Essentials of Civil,R. Reddy,Civil,CIVIL,2007,19,34,42,4,7,Even,0,0
3179,2024-03-01,BK0059,Civil: Theory and Practice,N. Singh,Civil,CIVIL,2021,63,52,37,7,2,Even,0,0
3180,2024-03-01,BK0060,Understanding Civil,A. Kumar,Civil,CIVIL,1999,45,22,11,2,0,Even,0,0
3181,2024-03-01,BK0061,Introduction to Mathematics,M. Bose,Mathematics,SCIENCE,1995,65,24,13,5,0,Even,0,0
3182,2024-03-01,BK0062,Fundamentals of Mathematics,K. Sharma,Mathematics,SCIENCE,1996,68,31,22,6,0,Even,0,0
3183,2024-03-01,BK0063,Mathematics: A Practical Approach,P. Reddy,Mathematics,SCIENCE,2009,37,38,32,8,0,Even,0,0
3184,2024-03-01,BK0064,Advanced Mathematics,M. Nair,Mathematics,SCIENCE,2012,48,24,11,2,0,Even,0,0
3185,2024-03-01,BK0065,Principles of Mathematics,R. Khan,Mathematics,SCIENCE,2011,19,14,11,1,0,Even,0,0
3186,2024-03-01,BK0066,Mathematics for Engineers,K. Menon,Mathematics,SCIENCE,2015,16,5,8,1,0,Even,0,0
3187,2024-03-01,BK0067,Modern Mathematics,S. Gupta,Mathematics,SCIENCE,1997,41,52,48,15,5,Even,0,0
3188,2024-03-01,BK0068,Applied Mathematics,R. Menon,Mathematics,SCIENCE,2000,15,8,8,2,0,Even,0,0
3189,2024-03-01,BK0069,Mathematics Concepts and Applications,M. Gupta,Mathematics,SCIENCE,2016,61,14,11,3,0,Even,0,0
3190,2024-03-01,BK0070,Essentials of Mathematics,V. Khan,Mathematics,SCIENCE,2023,66,22,24,4,2,Even,0,0
3191,2024-03-01,BK0071,Mathematics: Theory and Practice,V. Bose,Mathematics,SCIENCE,1997,61,26,23,3,0,Even,0,0
3192,2024-03-01,BK0072,Understanding Mathematics,N. Khan,Mathematics,SCIENCE,2019,69,25,15,3,0,Even,0,0
3193,2024-03-01,BK0073,Introduction to Physics,M. Verma,Physics,SCIENCE,2007,32,13,8,3,0,Even,0,0
3194,2024-03-01,BK0074,Fundamentals of Physics,K. Bose,Physics,SCIENCE,2000,66,10,7,1,0,Even,0,0
3195,2024-03-01,BK0075,Physics: A Practical Approach,D. Kumar,Physics,SCIENCE,2010,18,15,17,1,1,Even,0,0
3196,2024-03-01,BK0076,Advanced Physics,V. Rao,Physics,SCIENCE,2000,16,11,9,1,1,Even,0,0
3197,2024-03-01,BK0077,Principles of Physics,K. Verma,Physics,SCIENCE,2007,58,16,14,4,0,Even,0,0
3198,2024-03-01,BK0078,Physics for Engineers,M. Bose,Physics,SCIENCE,1995,40,25,19,3,1,Even,0,0
3199,2024-03-01,BK0079,Modern Physics,P. Nair,Physics,SCIENCE,2004,58,15,17,2,0,Even,0,0
3200,2024-03-01,BK0080,Applied Physics,R. Singh,Physics,SCIENCE,2018,52,28,19,6,0,Even,0,0
3201,2024-03-01,BK0081,Physics Concepts and Applications,N. Reddy,Physics,SCIENCE,2006,49,16,21,1,0,Even,0,0
3202,2024-03-01,BK0082,Essentials of Physics,S. Sharma,Physics,SCIENCE,2008,44,13,8,0,0,Even,0,0
3203,2024-03-01,BK0083,Physics: Theory and Practice,S. Nair,Physics,SCIENCE,2002,53,6,6,0,0,Even,0,0
3204,2024-03-01,BK0084,Understanding Physics,V. Reddy,Physics,SCIENCE,2009,69,7,11,1,1,Even,0,0
3205,2024-03-01,BK0085,Introduction to Chemistry,R. Nair,Chemistry,SCIENCE,2009,61,25,10,4,1,Even,0,0
3206,2024-03-01,BK0086,Fundamentals of Chemistry,A. Iyer,Chemistry,SCIENCE,2021,69,31,20,7,1,Even,0,0
3207,2024-03-01,BK0087,Chemistry: A Practical Approach,A. Iyer,Chemistry,SCIENCE,2018,66,22,29,1,0,Even,0,0
3208,2024-03-01,BK0088,Advanced Chemistry,V. Singh,Chemistry,SCIENCE,2013,50,39,31,6,0,Even,0,0
3209,2024-03-01,BK0089,Principles of Chemistry,K. Menon,Chemistry,SCIENCE,2008,57,12,8,1,0,Even,0,0
3210,2024-03-01,BK0090,Chemistry for Engineers,D. Singh,Chemistry,SCIENCE,1998,62,11,4,2,1,Even,0,0
3211,2024-03-01,BK0091,Modern Chemistry,K. Nair,Chemistry,SCIENCE,2002,55,13,18,2,1,Even,0,0
3212,2024-03-01,BK0092,Applied Chemistry,P. Khan,Chemistry,SCIENCE,2019,15,36,29,5,10,Even,0,0
3213,2024-03-01,BK0093,Chemistry Concepts and Applications,P. Rao,Chemistry,SCIENCE,1997,66,24,14,6,0,Even,0,0
3214,2024-03-01,BK0094,Essentials of Chemistry,J. Menon,Chemistry,SCIENCE,2005,58,5,0,1,2,Even,0,0
3215,2024-03-01,BK0095,Chemistry: Theory and Practice,S. Bose,Chemistry,SCIENCE,2022,64,16,11,2,0,Even,0,0
3216,2024-03-01,BK0096,Understanding Chemistry,M. Sharma,Chemistry,SCIENCE,2023,54,7,1,0,0,Even,0,0
3217,2024-03-01,BK0097,Introduction to Business Management,A. Rao,Business Management,MBA,2007,43,19,19,2,0,Even,0,0
3218,2024-03-01,BK0098,Fundamentals of Business Management,V. Reddy,Business Management,MBA,2012,44,20,15,3,0,Even,0,0
3219,2024-03-01,BK0099,Business Management: A Practical Approach,P. Reddy,Business Management,MBA,2022,47,26,14,4,0,Even,0,0
3220,2024-03-01,BK0100,Advanced Business Management,N. Rao,Business Management,MBA,2018,37,14,10,3,0,Even,0,0
3221,2024-03-01,BK0101,Principles of Business Management,V. Bose,Business Management,MBA,2018,60,26,15,7,1,Even,0,0
3222,2024-03-01,BK0102,Business Management for Engineers,K. Iyer,Business Management,MBA,2001,47,4,3,0,0,Even,0,0
3223,2024-03-01,BK0103,Modern Business Management,N. Nair,Business Management,MBA,2017,69,7,2,2,0,Even,0,0
3224,2024-03-01,BK0104,Applied Business Management,K. Nair,Business Management,MBA,2020,36,33,33,7,1,Even,0,0
3225,2024-03-01,BK0105,Business Management Concepts and Applications,V. Sharma,Business Management,MBA,2002,16,20,6,4,2,Even,0,0
3226,2024-03-01,BK0106,Essentials of Business Management,J. Rao,Business Management,MBA,1996,37,36,26,7,0,Even,0,0
3227,2024-03-01,BK0107,Business Management: Theory and Practice,M. Khan,Business Management,MBA,2006,37,9,5,2,0,Even,0,0
3228,2024-03-01,BK0108,Understanding Business Management,M. Menon,Business Management,MBA,2007,67,50,50,9,0,Even,0,0
3229,2024-03-01,BK0109,Introduction to English Literature,N. Menon,English Literature,HUMANITIES,2013,67,16,17,2,1,Even,0,0
3230,2024-03-01,BK0110,Fundamentals of English Literature,K. Reddy,English Literature,HUMANITIES,2001,54,11,9,2,0,Even,0,0
3231,2024-03-01,BK0111,English Literature: A Practical Approach,S. Bose,English Literature,HUMANITIES,1997,66,44,29,3,1,Even,0,0
3232,2024-03-01,BK0112,Advanced English Literature,A. Khan,English Literature,HUMANITIES,2011,15,9,3,1,0,Even,0,0
3233,2024-03-01,BK0113,Principles of English Literature,J. Khan,English Literature,HUMANITIES,2006,33,5,10,1,0,Even,0,0
3234,2024-03-01,BK0114,English Literature for Engineers,M. Verma,English Literature,HUMANITIES,2006,30,54,39,10,11,Even,0,0
3235,2024-03-01,BK0115,Modern English Literature,V. Reddy,English Literature,HUMANITIES,2009,40,37,21,6,0,Even,0,0
3236,2024-03-01,BK0116,Applied English Literature,J. Menon,English Literature,HUMANITIES,2020,21,28,20,2,2,Even,0,0
3237,2024-03-01,BK0117,English Literature Concepts and Applications,M. Rao,English Literature,HUMANITIES,2012,56,19,16,4,1,Even,0,0
3238,2024-03-01,BK0118,Essentials of English Literature,N. Sharma,English Literature,HUMANITIES,2005,54,1,10,0,0,Even,0,0
3239,2024-03-01,BK0119,English Literature: Theory and Practice,D. Rao,English Literature,HUMANITIES,2007,56,30,31,4,0,Even,0,0
3240,2024-03-01,BK0120,Understanding English Literature,R. Rao,English Literature,HUMANITIES,1997,53,1,0,0,1,Even,0,0
3241,2024-04-01,BK0001,Introduction to Computer Science,N. Iyer,Computer Science,CSE,2016,67,28,8,3,0,Even,1,0
3242,2024-04-01,BK0002,Fundamentals of Computer Science,R. Singh,Computer Science,CSE,2016,58,63,19,9,3,Even,1,0
3243,2024-04-01,BK0003,Computer Science: A Practical Approach,J. Sharma,Computer Science,CSE,2006,69,3,2,1,0,Even,1,0
3244,2024-04-01,BK0004,Advanced Computer Science,K. Gupta,Computer Science,CSE,2022,28,51,20,12,12,Even,1,0
3245,2024-04-01,BK0005,Principles of Computer Science,R. Menon,Computer Science,CSE,2008,31,6,4,2,1,Even,1,0
3246,2024-04-01,BK0006,Computer Science for Engineers,K. Kumar,Computer Science,CSE,2012,40,12,6,0,0,Even,1,0
3247,2024-04-01,BK0007,Modern Computer Science,R. Menon,Computer Science,CSE,2010,59,57,24,11,0,Even,1,0
3248,2024-04-01,BK0008,Applied Computer Science,R. Nair,Computer Science,CSE,2007,15,45,16,8,19,Even,1,0
3249,2024-04-01,BK0009,Computer Science Concepts and Applications,J. Rao,Computer Science,CSE,2021,19,7,8,2,1,Even,1,0
3250,2024-04-01,BK0010,Essentials of Computer Science,D. Rao,Computer Science,CSE,2017,37,9,4,1,1,Even,1,0
3251,2024-04-01,BK0011,Computer Science: Theory and Practice,V. Nair,Computer Science,CSE,2020,69,15,3,4,0,Even,1,0
3252,2024-04-01,BK0012,Understanding Computer Science,N. Khan,Computer Science,CSE,2001,63,46,17,4,0,Even,1,0
3253,2024-04-01,BK0013,Introduction to Data Science,K. Iyer,Data Science,CSE,2016,42,20,14,3,0,Even,1,0
3254,2024-04-01,BK0014,Fundamentals of Data Science,R. Menon,Data Science,CSE,2005,69,35,22,4,1,Even,1,0
3255,2024-04-01,BK0015,Data Science: A Practical Approach,J. Rao,Data Science,CSE,2021,23,43,21,6,11,Even,1,0
3256,2024-04-01,BK0016,Advanced Data Science,M. Sharma,Data Science,CSE,2003,66,17,10,2,0,Even,1,0
3257,2024-04-01,BK0017,Principles of Data Science,A. Sharma,Data Science,CSE,1996,16,17,8,2,0,Even,1,0
3258,2024-04-01,BK0018,Data Science for Engineers,P. Rao,Data Science,CSE,2000,46,10,5,0,0,Even,1,0
3259,2024-04-01,BK0019,Modern Data Science,N. Iyer,Data Science,CSE,2010,30,27,11,7,0,Even,1,0
3260,2024-04-01,BK0020,Applied Data Science,A. Gupta,Data Science,CSE,2013,40,25,15,1,0,Even,1,0
3261,2024-04-01,BK0021,Data Science Concepts and Applications,S. Reddy,Data Science,CSE,2019,39,6,2,0,1,Even,1,0
3262,2024-04-01,BK0022,Essentials of Data Science,R. Rao,Data Science,CSE,2014,63,27,17,3,1,Even,1,0
3263,2024-04-01,BK0023,Data Science: Theory and Practice,R. Sharma,Data Science,CSE,2018,47,6,4,1,0,Even,1,0
3264,2024-04-01,BK0024,Understanding Data Science,V. Iyer,Data Science,CSE,2019,49,96,47,16,20,Even,1,0
3265,2024-04-01,BK0025,Introduction to Electronics,J. Kumar,Electronics,ECE,2015,62,28,16,0,1,Even,1,0
3266,2024-04-01,BK0026,Fundamentals of Electronics,K. Singh,Electronics,ECE,2013,36,14,4,0,1,Even,1,0
3267,2024-04-01,BK0027,Electronics: A Practical Approach,N. Bose,Electronics,ECE,1999,62,41,22,4,0,Even,1,0
3268,2024-04-01,BK0028,Advanced Electronics,S. Iyer,Electronics,ECE,2015,20,24,20,1,1,Even,1,0
3269,2024-04-01,BK0029,Principles of Electronics,S. Verma,Electronics,ECE,1997,32,30,20,6,1,Even,1,0
3270,2024-04-01,BK0030,Electronics for Engineers,J. Menon,Electronics,ECE,2016,37,22,8,0,0,Even,1,0
3271,2024-04-01,BK0031,Modern Electronics,R. Khan,Electronics,ECE,2020,49,30,10,2,1,Even,1,0
3272,2024-04-01,BK0032,Applied Electronics,R. Gupta,Electronics,ECE,2002,60,18,5,1,0,Even,1,0
3273,2024-04-01,BK0033,Electronics Concepts and Applications,S. Rao,Electronics,ECE,2016,36,31,13,8,0,Even,1,0
3274,2024-04-01,BK0034,Essentials of Electronics,A. Iyer,Electronics,ECE,2022,58,6,6,1,2,Even,1,0
3275,2024-04-01,BK0035,Electronics: Theory and Practice,M. Rao,Electronics,ECE,2011,33,70,49,9,25,Even,1,0
3276,2024-04-01,BK0036,Understanding Electronics,D. Rao,Electronics,ECE,1995,15,96,56,18,46,Even,1,0
3277,2024-04-01,BK0037,Introduction to Mechanical,R. Bose,Mechanical,MECH,2017,17,49,31,5,18,Even,1,0
3278,2024-04-01,BK0038,Fundamentals of Mechanical,D. Reddy,Mechanical,MECH,2008,66,71,33,15,0,Even,1,0
3279,2024-04-01,BK0039,Mechanical: A Practical Approach,M. Verma,Mechanical,MECH,2014,45,23,11,4,0,Even,1,0
3280,2024-04-01,BK0040,Advanced Mechanical,D. Menon,Mechanical,MECH,2010,69,41,15,10,0,Even,1,0
3281,2024-04-01,BK0041,Principles of Mechanical,R. Sharma,Mechanical,MECH,2005,51,28,15,7,0,Even,1,0
3282,2024-04-01,BK0042,Mechanical for Engineers,S. Sharma,Mechanical,MECH,1996,65,38,24,7,0,Even,1,0
3283,2024-04-01,BK0043,Modern Mechanical,R. Reddy,Mechanical,MECH,2020,67,46,29,4,4,Even,1,0
3284,2024-04-01,BK0044,Applied Mechanical,R. Khan,Mechanical,MECH,2003,38,8,7,1,0,Even,1,0
3285,2024-04-01,BK0045,Mechanical Concepts and Applications,S. Sharma,Mechanical,MECH,2017,27,19,2,3,3,Even,1,0
3286,2024-04-01,BK0046,Essentials of Mechanical,N. Gupta,Mechanical,MECH,2007,33,9,6,1,0,Even,1,0
3287,2024-04-01,BK0047,Mechanical: Theory and Practice,A. Iyer,Mechanical,MECH,1997,26,16,16,4,1,Even,1,0
3288,2024-04-01,BK0048,Understanding Mechanical,J. Iyer,Mechanical,MECH,2004,53,13,9,1,2,Even,1,0
3289,2024-04-01,BK0049,Introduction to Civil,D. Nair,Civil,CIVIL,2000,21,32,17,4,7,Even,1,0
3290,2024-04-01,BK0050,Fundamentals of Civil,V. Menon,Civil,CIVIL,2002,62,56,33,7,0,Even,1,0
3291,2024-04-01,BK0051,Civil: A Practical Approach,A. Bose,Civil,CIVIL,1997,59,10,6,1,0,Even,1,0
3292,2024-04-01,BK0052,Advanced Civil,R. Verma,Civil,CIVIL,1997,27,19,14,4,0,Even,1,0
3293,2024-04-01,BK0053,Principles of Civil,J. Verma,Civil,CIVIL,2015,30,28,21,6,1,Even,1,0
3294,2024-04-01,BK0054,Civil for Engineers,P. Nair,Civil,CIVIL,2003,63,35,18,5,0,Even,1,0
3295,2024-04-01,BK0055,Modern Civil,A. Nair,Civil,CIVIL,2018,42,11,7,1,0,Even,1,0
3296,2024-04-01,BK0056,Applied Civil,M. Singh,Civil,CIVIL,1999,55,41,28,8,0,Even,1,0
3297,2024-04-01,BK0057,Civil Concepts and Applications,K. Khan,Civil,CIVIL,2023,20,24,21,3,2,Even,1,0
3298,2024-04-01,BK0058,Essentials of Civil,R. Reddy,Civil,CIVIL,2007,19,53,26,13,22,Even,1,0
3299,2024-04-01,BK0059,Civil: Theory and Practice,N. Singh,Civil,CIVIL,2021,63,71,41,12,3,Even,1,0
3300,2024-04-01,BK0060,Understanding Civil,A. Kumar,Civil,CIVIL,1999,45,26,20,2,0,Even,1,0
3301,2024-04-01,BK0061,Introduction to Mathematics,M. Bose,Mathematics,SCIENCE,1995,65,29,22,1,2,Even,1,0
3302,2024-04-01,BK0062,Fundamentals of Mathematics,K. Sharma,Mathematics,SCIENCE,1996,68,58,25,10,1,Even,1,0
3303,2024-04-01,BK0063,Mathematics: A Practical Approach,P. Reddy,Mathematics,SCIENCE,2009,37,51,36,5,5,Even,1,0
3304,2024-04-01,BK0064,Advanced Mathematics,M. Nair,Mathematics,SCIENCE,2012,48,38,22,5,0,Even,1,0
3305,2024-04-01,BK0065,Principles of Mathematics,R. Khan,Mathematics,SCIENCE,2011,19,22,10,5,1,Even,1,0
3306,2024-04-01,BK0066,Mathematics for Engineers,K. Menon,Mathematics,SCIENCE,2015,16,4,4,0,0,Even,1,0
3307,2024-04-01,BK0067,Modern Mathematics,S. Gupta,Mathematics,SCIENCE,1997,41,107,44,17,32,Even,1,0
3308,2024-04-01,BK0068,Applied Mathematics,R. Menon,Mathematics,SCIENCE,2000,15,11,8,2,0,Even,1,0
3309,2024-04-01,BK0069,Mathematics Concepts and Applications,M. Gupta,Mathematics,SCIENCE,2016,61,31,13,4,0,Even,1,0
3310,2024-04-01,BK0070,Essentials of Mathematics,V. Khan,Mathematics,SCIENCE,2023,66,29,18,7,0,Even,1,0
3311,2024-04-01,BK0071,Mathematics: Theory and Practice,V. Bose,Mathematics,SCIENCE,1997,61,41,23,4,0,Even,1,0
3312,2024-04-01,BK0072,Understanding Mathematics,N. Khan,Mathematics,SCIENCE,2019,69,31,20,4,0,Even,1,0
3313,2024-04-01,BK0073,Introduction to Physics,M. Verma,Physics,SCIENCE,2007,32,16,12,3,1,Even,1,0
3314,2024-04-01,BK0074,Fundamentals of Physics,K. Bose,Physics,SCIENCE,2000,66,10,7,1,1,Even,1,0
3315,2024-04-01,BK0075,Physics: A Practical Approach,D. Kumar,Physics,SCIENCE,2010,18,28,11,5,5,Even,1,0
3316,2024-04-01,BK0076,Advanced Physics,V. Rao,Physics,SCIENCE,2000,16,12,9,4,1,Even,1,0
3317,2024-04-01,BK0077,Principles of Physics,K. Verma,Physics,SCIENCE,2007,58,39,13,5,0,Even,1,0
3318,2024-04-01,BK0078,Physics for Engineers,M. Bose,Physics,SCIENCE,1995,40,32,22,3,0,Even,1,0
3319,2024-04-01,BK0079,Modern Physics,P. Nair,Physics,SCIENCE,2004,58,34,14,5,1,Even,1,0
3320,2024-04-01,BK0080,Applied Physics,R. Singh,Physics,SCIENCE,2018,52,48,23,8,0,Even,1,0
3321,2024-04-01,BK0081,Physics Concepts and Applications,N. Reddy,Physics,SCIENCE,2006,49,39,10,8,1,Even,1,0
3322,2024-04-01,BK0082,Essentials of Physics,S. Sharma,Physics,SCIENCE,2008,44,23,10,6,1,Even,1,0
3323,2024-04-01,BK0083,Physics: Theory and Practice,S. Nair,Physics,SCIENCE,2002,53,23,6,1,2,Even,1,0
3324,2024-04-01,BK0084,Understanding Physics,V. Reddy,Physics,SCIENCE,2009,69,16,6,3,1,Even,1,0
3325,2024-04-01,BK0085,Introduction to Chemistry,R. Nair,Chemistry,SCIENCE,2009,61,19,24,3,1,Even,1,0
3326,2024-04-01,BK0086,Fundamentals of Chemistry,A. Iyer,Chemistry,SCIENCE,2021,69,35,26,3,0,Even,1,0
3327,2024-04-01,BK0087,Chemistry: A Practical Approach,A. Iyer,Chemistry,SCIENCE,2018,66,33,19,4,0,Even,1,0
3328,2024-04-01,BK0088,Advanced Chemistry,V. Singh,Chemistry,SCIENCE,2013,50,50,32,6,1,Even,1,0
3329,2024-04-01,BK0089,Principles of Chemistry,K. Menon,Chemistry,SCIENCE,2008,57,14,11,2,0,Even,1,0
3330,2024-04-01,BK0090,Chemistry for Engineers,D. Singh,Chemistry,SCIENCE,1998,62,9,10,1,0,Even,1,0
3331,2024-04-01,BK0091,Modern Chemistry,K. Nair,Chemistry,SCIENCE,2002,55,19,12,1,0,Even,1,0
3332,2024-04-01,BK0092,Applied Chemistry,P. Khan,Chemistry,SCIENCE,2019,15,51,32,5,22,Even,1,0
3333,2024-04-01,BK0093,Chemistry Concepts and Applications,P. Rao,Chemistry,SCIENCE,1997,66,35,20,2,1,Even,1,0
3334,2024-04-01,BK0094,Essentials of Chemistry,J. Menon,Chemistry,SCIENCE,2005,58,1,4,1,0,Even,1,0
3335,2024-04-01,BK0095,Chemistry: Theory and Practice,S. Bose,Chemistry,SCIENCE,2022,64,22,14,2,0,Even,1,0
3336,2024-04-01,BK0096,Understanding Chemistry,M. Sharma,Chemistry,SCIENCE,2023,54,4,5,0,0,Even,1,0
3337,2024-04-01,BK0097,Introduction to Business Management,A. Rao,Business Management,MBA,2007,43,30,14,1,0,Even,1,0
3338,2024-04-01,BK0098,Fundamentals of Business Management,V. Reddy,Business Management,MBA,2012,44,25,19,4,0,Even,1,0
3339,2024-04-01,BK0099,Business Management: A Practical Approach,P. Reddy,Business Management,MBA,2022,47,15,26,1,0,Even,1,0
3340,2024-04-01,BK0100,Advanced Business Management,N. Rao,Business Management,MBA,2018,37,13,13,3,0,Even,1,0
3341,2024-04-01,BK0101,Principles of Business Management,V. Bose,Business Management,MBA,2018,60,30,23,4,0,Even,1,0
3342,2024-04-01,BK0102,Business Management for Engineers,K. Iyer,Business Management,MBA,2001,47,15,4,3,0,Even,1,0
3343,2024-04-01,BK0103,Modern Business Management,N. Nair,Business Management,MBA,2017,69,10,7,1,0,Even,1,0
3344,2024-04-01,BK0104,Applied Business Management,K. Nair,Business Management,MBA,2020,36,44,28,8,2,Even,1,0
3345,2024-04-01,BK0105,Business Management Concepts and Applications,V. Sharma,Business Management,MBA,2002,16,22,20,1,3,Even,1,0
3346,2024-04-01,BK0106,Essentials of Business Management,J. Rao,Business Management,MBA,1996,37,53,33,5,9,Even,1,0
3347,2024-04-01,BK0107,Business Management: Theory and Practice,M. Khan,Business Management,MBA,2006,37,15,9,2,1,Even,1,0
3348,2024-04-01,BK0108,Understanding Business Management,M. Menon,Business Management,MBA,2007,67,70,43,7,3,Even,1,0
3349,2024-04-01,BK0109,Introduction to English Literature,N. Menon,English Literature,HUMANITIES,2013,67,16,14,2,0,Even,1,0
3350,2024-04-01,BK0110,Fundamentals of English Literature,K. Reddy,English Literature,HUMANITIES,2001,54,21,10,2,0,Even,1,0
3351,2024-04-01,BK0111,English Literature: A Practical Approach,S. Bose,English Literature,HUMANITIES,1997,66,51,36,9,1,Even,1,0
3352,2024-04-01,BK0112,Advanced English Literature,A. Khan,English Literature,HUMANITIES,2011,15,7,7,1,0,Even,1,0
3353,2024-04-01,BK0113,Principles of English Literature,J. Khan,English Literature,HUMANITIES,2006,33,20,5,3,0,Even,1,0
3354,2024-04-01,BK0114,English Literature for Engineers,M. Verma,English Literature,HUMANITIES,2006,30,63,47,12,12,Even,1,0
3355,2024-04-01,BK0115,Modern English Literature,V. Reddy,English Literature,HUMANITIES,2009,40,24,29,3,1,Even,1,0
3356,2024-04-01,BK0116,Applied English Literature,J. Menon,English Literature,HUMANITIES,2020,21,25,28,2,0,Even,1,0
3357,2024-04-01,BK0117,English Literature Concepts and Applications,M. Rao,English Literature,HUMANITIES,2012,56,22,18,3,1,Even,1,0
3358,2024-04-01,BK0118,Essentials of English Literature,N. Sharma,English Literature,HUMANITIES,2005,54,7,1,1,0,Even,1,0
3359,2024-04-01,BK0119,English Literature: Theory and Practice,D. Rao,English Literature,HUMANITIES,2007,56,42,23,8,0,Even,1,0
3360,2024-04-01,BK0120,Understanding English Literature,R. Rao,English Literature,HUMANITIES,1997,53,5,0,0,0,Even,1,0
3361,2024-05-01,BK0001,Introduction to Computer Science,N. Iyer,Computer Science,CSE,2016,67,15,24,0,0,Even,1,0
3362,2024-05-01,BK0002,Fundamentals of Computer Science,R. Singh,Computer Science,CSE,2016,58,46,54,7,1,Even,1,0
3363,2024-05-01,BK0003,Computer Science: A Practical Approach,J. Sharma,Computer Science,CSE,2006,69,2,3,0,1,Even,1,0
3364,2024-05-01,BK0004,Advanced Computer Science,K. Gupta,Computer Science,CSE,2022,28,47,46,9,3,Even,1,0
3365,2024-05-01,BK0005,Principles of Computer Science,R. Menon,Computer Science,CSE,2008,31,10,4,0,0,Even,1,0
3366,2024-05-01,BK0006,Computer Science for Engineers,K. Kumar,Computer Science,CSE,2012,40,12,10,1,0,Even,1,0
3367,2024-05-01,BK0007,Modern Computer Science,R. Menon,Computer Science,CSE,2010,59,54,46,5,0,Even,1,0
3368,2024-05-01,BK0008,Applied Computer Science,R. Nair,Computer Science,CSE,2007,15,46,42,6,21,Even,1,0
3369,2024-05-01,BK0009,Computer Science Concepts and Applications,J. Rao,Computer Science,CSE,2021,19,14,6,1,0,Even,1,0
3370,2024-05-01,BK0010,Essentials of Computer Science,D. Rao,Computer Science,CSE,2017,37,9,7,1,0,Even,1,0
3371,2024-05-01,BK0011,Computer Science: Theory and Practice,V. Nair,Computer Science,CSE,2020,69,13,14,3,0,Even,1,0
3372,2024-05-01,BK0012,Understanding Computer Science,N. Khan,Computer Science,CSE,2001,63,43,38,2,0,Even,1,0
3373,2024-05-01,BK0013,Introduction to Data Science,K. Iyer,Data Science,CSE,2016,42,23,14,7,1,Even,1,0
3374,2024-05-01,BK0014,Fundamentals of Data Science,R. Menon,Data Science,CSE,2005,69,30,30,1,0,Even,1,0
3375,2024-05-01,BK0015,Data Science: A Practical Approach,J. Rao,Data Science,CSE,2021,23,36,36,8,10,Even,1,0
3376,2024-05-01,BK0016,Advanced Data Science,M. Sharma,Data Science,CSE,2003,66,20,13,1,0,Even,1,0
3377,2024-05-01,BK0017,Principles of Data Science,A. Sharma,Data Science,CSE,1996,16,17,12,3,1,Even,1,0
3378,2024-05-01,BK0018,Data Science for Engineers,P. Rao,Data Science,CSE,2000,46,16,9,1,2,Even,1,0
3379,2024-05-01,BK0019,Modern Data Science,N. Iyer,Data Science,CSE,2010,30,27,19,6,0,Even,1,0
3380,2024-05-01,BK0020,Applied Data Science,A. Gupta,Data Science,CSE,2013,40,31,24,6,0,Even,1,0
3381,2024-05-01,BK0021,Data Science Concepts and Applications,S. Reddy,Data Science,CSE,2019,39,5,6,0,0,Even,1,0
3382,2024-05-01,BK0022,Essentials of Data Science,R. Rao,Data Science,CSE,2014,63,34,25,4,1,Even,1,0
3383,2024-05-01,BK0023,Data Science: Theory and Practice,R. Sharma,Data Science,CSE,2018,47,5,4,1,0,Even,1,0
3384,2024-05-01,BK0024,Understanding Data Science,V. Iyer,Data Science,CSE,2019,49,106,80,20,43,Even,1,0
3385,2024-05-01,BK0025,Introduction to Electronics,J. Kumar,Electronics,ECE,2015,62,24,26,3,0,Even,1,0
3386,2024-05-01,BK0026,Fundamentals of Electronics,K. Singh,Electronics,ECE,2013,36,5,13,0,0,Even,1,0
3387,2024-05-01,BK0027,Electronics: A Practical Approach,N. Bose,Electronics,ECE,1999,62,49,38,12,0,Even,1,0
3388,2024-05-01,BK0028,Advanced Electronics,S. Iyer,Electronics,ECE,2015,20,32,19,6,9,Even,1,0
3389,2024-05-01,BK0029,Principles of Electronics,S. Verma,Electronics,ECE,1997,32,33,25,5,0,Even,1,0
3390,2024-05-01,BK0030,Electronics for Engineers,J. Menon,Electronics,ECE,2016,37,23,20,1,0,Even,1,0
3391,2024-05-01,BK0031,Modern Electronics,R. Khan,Electronics,ECE,2020,49,27,26,7,0,Even,1,0
3392,2024-05-01,BK0032,Applied Electronics,R. Gupta,Electronics,ECE,2002,60,22,16,1,0,Even,1,0
3393,2024-05-01,BK0033,Electronics Concepts and Applications,S. Rao,Electronics,ECE,2016,36,31,24,5,0,Even,1,0
3394,2024-05-01,BK0034,Essentials of Electronics,A. Iyer,Electronics,ECE,2022,58,8,6,2,2,Even,1,0
3395,2024-05-01,BK0035,Electronics: Theory and Practice,M. Rao,Electronics,ECE,2011,33,94,60,16,26,Even,1,0
3396,2024-05-01,BK0036,Understanding Electronics,D. Rao,Electronics,ECE,1995,15,98,81,14,41,Even,1,0
3397,2024-05-01,BK0037,Introduction to Mechanical,R. Bose,Mechanical,MECH,2017,17,41,40,5,15,Even,1,0
3398,2024-05-01,BK0038,Fundamentals of Mechanical,D. Reddy,Mechanical,MECH,2008,66,75,66,10,8,Even,1,0
3399,2024-05-01,BK0039,Mechanical: A Practical Approach,M. Verma,Mechanical,MECH,2014,45,17,19,2,0,Even,1,0
3400,2024-05-01,BK0040,Advanced Mechanical,D. Menon,Mechanical,MECH,2010,69,41,33,11,1,Even,1,0
3401,2024-05-01,BK0041,Principles of Mechanical,R. Sharma,Mechanical,MECH,2005,51,28,22,5,0,Even,1,0
3402,2024-05-01,BK0042,Mechanical for Engineers,S. Sharma,Mechanical,MECH,1996,65,29,32,9,0,Even,1,0
3403,2024-05-01,BK0043,Modern Mechanical,R. Reddy,Mechanical,MECH,2020,67,40,40,8,0,Even,1,0
3404,2024-05-01,BK0044,Applied Mechanical,R. Khan,Mechanical,MECH,2003,38,12,8,3,0,Even,1,0
3405,2024-05-01,BK0045,Mechanical Concepts and Applications,S. Sharma,Mechanical,MECH,2017,27,16,18,3,0,Even,1,0
3406,2024-05-01,BK0046,Essentials of Mechanical,N. Gupta,Mechanical,MECH,2007,33,11,8,1,2,Even,1,0
3407,2024-05-01,BK0047,Mechanical: Theory and Practice,A. Iyer,Mechanical,MECH,1997,26,19,12,3,0,Even,1,0
3408,2024-05-01,BK0048,Understanding Mechanical,J. Iyer,Mechanical,MECH,2004,53,20,11,2,0,Even,1,0
3409,2024-05-01,BK0049,Introduction to Civil,D. Nair,Civil,CIVIL,2000,21,21,27,2,0,Even,1,0
3410,2024-05-01,BK0050,Fundamentals of Civil,V. Menon,Civil,CIVIL,2002,62,56,49,5,0,Even,1,0
3411,2024-05-01,BK0051,Civil: A Practical Approach,A. Bose,Civil,CIVIL,1997,59,14,8,2,0,Even,1,0
3412,2024-05-01,BK0052,Advanced Civil,R. Verma,Civil,CIVIL,1997,27,17,16,3,1,Even,1,0
3413,2024-05-01,BK0053,Principles of Civil,J. Verma,Civil,CIVIL,2015,30,33,24,2,2,Even,1,0
3414,2024-05-01,BK0054,Civil for Engineers,P. Nair,Civil,CIVIL,2003,63,33,27,4,0,Even,1,0
3415,2024-05-01,BK0055,Modern Civil,A. Nair,Civil,CIVIL,2018,42,9,8,1,1,Even,1,0
3416,2024-05-01,BK0056,Applied Civil,M. Singh,Civil,CIVIL,1999,55,51,36,4,0,Even,1,0
3417,2024-05-01,BK0057,Civil Concepts and Applications,K. Khan,Civil,CIVIL,2023,20,18,21,3,0,Even,1,0
3418,2024-05-01,BK0058,Essentials of Civil,R. Reddy,Civil,CIVIL,2007,19,67,44,12,20,Even,1,0
3419,2024-05-01,BK0059,Civil: Theory and Practice,N. Singh,Civil,CIVIL,2021,63,64,61,9,0,Even,1,0
3420,2024-05-01,BK0060,Understanding Civil,A. Kumar,Civil,CIVIL,1999,45,25,23,3,1,Even,1,0
3421,2024-05-01,BK0061,Introduction to Mathematics,M. Bose,Mathematics,SCIENCE,1995,65,19,27,5,0,Even,1,0
3422,2024-05-01,BK0062,Fundamentals of Mathematics,K. Sharma,Mathematics,SCIENCE,1996,68,36,49,7,0,Even,1,0
3423,2024-05-01,BK0063,Mathematics: A Practical Approach,P. Reddy,Mathematics,SCIENCE,2009,37,52,39,9,13,Even,1,0
3424,2024-05-01,BK0064,Advanced Mathematics,M. Nair,Mathematics,SCIENCE,2012,48,33,33,4,0,Even,1,0
3425,2024-05-01,BK0065,Principles of Mathematics,R. Khan,Mathematics,SCIENCE,2011,19,12,17,2,0,Even,1,0
3426,2024-05-01,BK0066,Mathematics for Engineers,K. Menon,Mathematics,SCIENCE,2015,16,10,4,1,0,Even,1,0
3427,2024-05-01,BK0067,Modern Mathematics,S. Gupta,Mathematics,SCIENCE,1997,41,70,94,13,19,Even,1,0
3428,2024-05-01,BK0068,Applied Mathematics,R. Menon,Mathematics,SCIENCE,2000,15,15,9,3,0,Even,1,0
3429,2024-05-01,BK0069,Mathematics Concepts and Applications,M. Gupta,Mathematics,SCIENCE,2016,61,21,27,3,1,Even,1,0
3430,2024-05-01,BK0070,Essentials of Mathematics,V. Khan,Mathematics,SCIENCE,2023,66,41,22,6,0,Even,1,0
3431,2024-05-01,BK0071,Mathematics: Theory and Practice,V. Bose,Mathematics,SCIENCE,1997,61,43,37,8,1,Even,1,0
3432,2024-05-01,BK0072,Understanding Mathematics,N. Khan,Mathematics,SCIENCE,2019,69,27,23,3,0,Even,1,0
3433,2024-05-01,BK0073,Introduction to Physics,M. Verma,Physics,SCIENCE,2007,32,16,15,0,0,Even,1,0
3434,2024-05-01,BK0074,Fundamentals of Physics,K. Bose,Physics,SCIENCE,2000,66,17,8,3,0,Even,1,0
3435,2024-05-01,BK0075,Physics: A Practical Approach,D. Kumar,Physics,SCIENCE,2010,18,22,25,4,6,Even,1,0
3436,2024-05-01,BK0076,Advanced Physics,V. Rao,Physics,SCIENCE,2000,16,13,12,3,0,Even,1,0
3437,2024-05-01,BK0077,Principles of Physics,K. Verma,Physics,SCIENCE,2007,58,25,35,2,0,Even,1,0
3438,2024-05-01,BK0078,Physics for Engineers,M. Bose,Physics,SCIENCE,1995,40,26,29,3,0,Even,1,0
3439,2024-05-01,BK0079,Modern Physics,P. Nair,Physics,SCIENCE,2004,58,34,29,1,0,Even,1,0
3440,2024-05-01,BK0080,Applied Physics,R. Singh,Physics,SCIENCE,2018,52,50,37,9,0,Even,1,0
3441,2024-05-01,BK0081,Physics Concepts and Applications,N. Reddy,Physics,SCIENCE,2006,49,35,35,4,0,Even,1,0
3442,2024-05-01,BK0082,Essentials of Physics,S. Sharma,Physics,SCIENCE,2008,44,30,20,3,0,Even,1,0
3443,2024-05-01,BK0083,Physics: Theory and Practice,S. Nair,Physics,SCIENCE,2002,53,20,18,2,0,Even,1,0
3444,2024-05-01,BK0084,Understanding Physics,V. Reddy,Physics,SCIENCE,2009,69,12,12,3,0,Even,1,0
3445,2024-05-01,BK0085,Introduction to Chemistry,R. Nair,Chemistry,SCIENCE,2009,61,28,12,3,1,Even,1,0
3446,2024-05-01,BK0086,Fundamentals of Chemistry,A. Iyer,Chemistry,SCIENCE,2021,69,34,31,3,0,Even,1,0
3447,2024-05-01,BK0087,Chemistry: A Practical Approach,A. Iyer,Chemistry,SCIENCE,2018,66,32,28,7,0,Even,1,0
3448,2024-05-01,BK0088,Advanced Chemistry,V. Singh,Chemistry,SCIENCE,2013,50,43,41,7,1,Even,1,0
3449,2024-05-01,BK0089,Principles of Chemistry,K. Menon,Chemistry,SCIENCE,2008,57,13,11,0,0,Even,1,0
3450,2024-05-01,BK0090,Chemistry for Engineers,D. Singh,Chemistry,SCIENCE,1998,62,12,7,0,0,Even,1,0
3451,2024-05-01,BK0091,Modern Chemistry,K. Nair,Chemistry,SCIENCE,2002,55,29,15,2,0,Even,1,0
3452,2024-05-01,BK0092,Applied Chemistry,P. Khan,Chemistry,SCIENCE,2019,15,61,46,11,22,Even,1,0
3453,2024-05-01,BK0093,Chemistry Concepts and Applications,P. Rao,Chemistry,SCIENCE,1997,66,36,28,6,0,Even,1,0
3454,2024-05-01,BK0094,Essentials of Chemistry,J. Menon,Chemistry,SCIENCE,2005,58,1,1,0,0,Even,1,0
3455,2024-05-01,BK0095,Chemistry: Theory and Practice,S. Bose,Chemistry,SCIENCE,2022,64,23,19,4,0,Even,1,0
3456,2024-05-01,BK0096,Understanding Chemistry,M. Sharma,Chemistry,SCIENCE,2023,54,6,4,1,0,Even,1,0
3457,2024-05-01,BK0097,Introduction to Business Management,A. Rao,Business Management,MBA,2007,43,31,22,5,1,Even,1,0
3458,2024-05-01,BK0098,Fundamentals of Business Management,V. Reddy,Business Management,MBA,2012,44,29,22,5,0,Even,1,0
3459,2024-05-01,BK0099,Business Management: A Practical Approach,P. Reddy,Business Management,MBA,2022,47,13,14,1,0,Even,1,0
3460,2024-05-01,BK0100,Advanced Business Management,N. Rao,Business Management,MBA,2018,37,15,11,3,0,Even,1,0
3461,2024-05-01,BK0101,Principles of Business Management,V. Bose,Business Management,MBA,2018,60,48,23,5,1,Even,1,0
3462,2024-05-01,BK0102,Business Management for Engineers,K. Iyer,Business Management,MBA,2001,47,9,12,0,1,Even,1,0
3463,2024-05-01,BK0103,Modern Business Management,N. Nair,Business Management,MBA,2017,69,5,6,0,0,Even,1,0
3464,2024-05-01,BK0104,Applied Business Management,K. Nair,Business Management,MBA,2020,36,51,40,8,8,Even,1,0
3465,2024-05-01,BK0105,Business Management Concepts and Applications,V. Sharma,Business Management,MBA,2002,16,18,18,0,1,Even,1,0
3466,2024-05-01,BK0106,Essentials of Business Management,J. Rao,Business Management,MBA,1996,37,45,41,4,4,Even,1,0
3467,2024-05-01,BK0107,Business Management: Theory and Practice,M. Khan,Business Management,MBA,2006,37,7,14,3,1,Even,1,0
3468,2024-05-01,BK0108,Understanding Business Management,M. Menon,Business Management,MBA,2007,67,66,59,13,0,Even,1,0
3469,2024-05-01,BK0109,Introduction to English Literature,N. Menon,English Literature,HUMANITIES,2013,67,12,14,2,0,Even,1,0
3470,2024-05-01,BK0110,Fundamentals of English Literature,K. Reddy,English Literature,HUMANITIES,2001,54,16,19,3,0,Even,1,0
3471,2024-05-01,BK0111,English Literature: A Practical Approach,S. Bose,English Literature,HUMANITIES,1997,66,54,43,7,1,Even,1,0
3472,2024-05-01,BK0112,Advanced English Literature,A. Khan,English Literature,HUMANITIES,2011,15,8,7,1,0,Even,1,0
3473,2024-05-01,BK0113,Principles of English Literature,J. Khan,English Literature,HUMANITIES,2006,33,13,18,1,0,Even,1,0
3474,2024-05-01,BK0114,English Literature for Engineers,M. Verma,English Literature,HUMANITIES,2006,30,73,54,15,19,Even,1,0
3475,2024-05-01,BK0115,Modern English Literature,V. Reddy,English Literature,HUMANITIES,2009,40,30,20,6,0,Even,1,0
3476,2024-05-01,BK0116,Applied English Literature,J. Menon,English Literature,HUMANITIES,2020,21,32,23,5,4,Even,1,0
3477,2024-05-01,BK0117,English Literature Concepts and Applications,M. Rao,English Literature,HUMANITIES,2012,56,23,17,5,1,Even,1,0
3478,2024-05-01,BK0118,Essentials of English Literature,N. Sharma,English Literature,HUMANITIES,2005,54,8,6,0,0,Even,1,0
3479,2024-05-01,BK0119,English Literature: Theory and Practice,D. Rao,English Literature,HUMANITIES,2007,56,27,36,3,0,Even,1,0
3480,2024-05-01,BK0120,Understanding English Literature,R. Rao,English Literature,HUMANITIES,1997,53,5,4,1,0,Even,1,0
3481,2024-06-01,BK0001,Introduction to Computer Science,N. Iyer,Computer Science,CSE,2016,67,8,15,1,0,Even,0,1
3482,2024-06-01,BK0002,Fundamentals of Computer Science,R. Singh,Computer Science,CSE,2016,58,10,37,1,0,Even,0,1
3483,2024-06-01,BK0003,Computer Science: A Practical Approach,J. Sharma,Computer Science,CSE,2006,69,1,2,0,0,Even,0,1
3484,2024-06-01,BK0004,Advanced Computer Science,K. Gupta,Computer Science,CSE,2022,28,11,39,1,0,Even,0,1
3485,2024-06-01,BK0005,Principles of Computer Science,R. Menon,Computer Science,CSE,2008,31,2,10,0,0,Even,0,1
3486,2024-06-01,BK0006,Computer Science for Engineers,K. Kumar,Computer Science,CSE,2012,40,0,8,0,0,Even,0,1
3487,2024-06-01,BK0007,Modern Computer Science,R. Menon,Computer Science,CSE,2010,59,14,50,3,0,Even,0,1
3488,2024-06-01,BK0008,Applied Computer Science,R. Nair,Computer Science,CSE,2007,15,7,35,1,0,Even,0,1
3489,2024-06-01,BK0009,Computer Science Concepts and Applications,J. Rao,Computer Science,CSE,2021,19,1,11,1,0,Even,0,1
3490,2024-06-01,BK0010,Essentials of Computer Science,D. Rao,Computer Science,CSE,2017,37,3,8,1,0,Even,0,1
3491,2024-06-01,BK0011,Computer Science: Theory and Practice,V. Nair,Computer Science,CSE,2020,69,3,13,0,0,Even,0,1
3492,2024-06-01,BK0012,Understanding Computer Science,N. Khan,Computer Science,CSE,2001,63,4,34,0,0,Even,0,1
3493,2024-06-01,BK0013,Introduction to Data Science,K. Iyer,Data Science,CSE,2016,42,4,17,1,0,Even,0,1
3494,2024-06-01,BK0014,Fundamentals of Data Science,R. Menon,Data Science,CSE,2005,69,7,25,0,0,Even,0,1
3495,2024-06-01,BK0015,Data Science: A Practical Approach,J. Rao,Data Science,CSE,2021,23,4,31,2,0,Even,0,1
3496,2024-06-01,BK0016,Advanced Data Science,M. Sharma,Data Science,CSE,2003,66,10,15,2,0,Even,0,1
3497,2024-06-01,BK0017,Principles of Data Science,A. Sharma,Data Science,CSE,1996,16,4,14,0,0,Even,0,1
3498,2024-06-01,BK0018,Data Science for Engineers,P. Rao,Data Science,CSE,2000,46,3,15,0,0,Even,0,1
3499,2024-06-01,BK0019,Modern Data Science,N. Iyer,Data Science,CSE,2010,30,4,22,2,0,Even,0,1
3500,2024-06-01,BK0020,Applied Data Science,A. Gupta,Data Science,CSE,2013,40,7,23,1,0,Even,0,1
3501,2024-06-01,BK0021,Data Science Concepts and Applications,S. Reddy,Data Science,CSE,2019,39,2,4,1,0,Even,0,1
3502,2024-06-01,BK0022,Essentials of Data Science,R. Rao,Data Science,CSE,2014,63,3,28,0,1,Even,0,1
3503,2024-06-01,BK0023,Data Science: Theory and Practice,R. Sharma,Data Science,CSE,2018,47,0,3,0,1,Even,0,1
3504,2024-06-01,BK0024,Understanding Data Science,V. Iyer,Data Science,CSE,2019,49,26,95,5,0,Even,0,1
3505,2024-06-01,BK0025,Introduction to Electronics,J. Kumar,Electronics,ECE,2015,62,8,21,1,1,Even,0,1
3506,2024-06-01,BK0026,Fundamentals of Electronics,K. Singh,Electronics,ECE,2013,36,3,4,0,0,Even,0,1
3507,2024-06-01,BK0027,Electronics: A Practical Approach,N. Bose,Electronics,ECE,1999,62,9,49,1,1,Even,0,1
3508,2024-06-01,BK0028,Advanced Electronics,S. Iyer,Electronics,ECE,2015,20,6,26,1,1,Even,0,1
3509,2024-06-01,BK0029,Principles of Electronics,S. Verma,Electronics,ECE,1997,32,7,25,0,1,Even,0,1
3510,2024-06-01,BK0030,Electronics for Engineers,J. Menon,Electronics,ECE,2016,37,16,21,1,0,Even,0,1
3511,2024-06-01,BK0031,Modern Electronics,R. Khan,Electronics,ECE,2020,49,8,23,2,0,Even,0,1
3512,2024-06-01,BK0032,Applied Electronics,R. Gupta,Electronics,ECE,2002,60,2,18,0,0,Even,0,1
3513,2024-06-01,BK0033,Electronics Concepts and Applications,S. Rao,Electronics,ECE,2016,36,7,26,1,0,Even,0,1
3514,2024-06-01,BK0034,Essentials of Electronics,A. Iyer,Electronics,ECE,2022,58,1,7,0,1,Even,0,1
3515,2024-06-01,BK0035,Electronics: Theory and Practice,M. Rao,Electronics,ECE,2011,33,20,82,8,0,Even,0,1
3516,2024-06-01,BK0036,Understanding Electronics,D. Rao,Electronics,ECE,1995,15,35,79,5,14,Even,0,1
3517,2024-06-01,BK0037,Introduction to Mechanical,R. Bose,Mechanical,MECH,2017,17,12,34,2,0,Even,0,1
3518,2024-06-01,BK0038,Fundamentals of Mechanical,D. Reddy,Mechanical,MECH,2008,66,15,63,1,1,Even,0,1
3519,2024-06-01,BK0039,Mechanical: A Practical Approach,M. Verma,Mechanical,MECH,2014,45,7,13,1,0,Even,0,1
3520,2024-06-01,BK0040,Advanced Mechanical,D. Menon,Mechanical,MECH,2010,69,8,36,1,1,Even,0,1
3521,2024-06-01,BK0041,Principles of Mechanical,R. Sharma,Mechanical,MECH,2005,51,10,23,2,0,Even,0,1
3522,2024-06-01,BK0042,Mechanical for Engineers,S. Sharma,Mechanical,MECH,1996,65,14,23,2,0,Even,0,1
3523,2024-06-01,BK0043,Modern Mechanical,R. Reddy,Mechanical,MECH,2020,67,11,30,1,0,Even,0,1
3524,2024-06-01,BK0044,Applied Mechanical,R. Khan,Mechanical,MECH,2003,38,3,12,0,0,Even,0,1
3525,2024-06-01,BK0045,Mechanical Concepts and Applications,S. Sharma,Mechanical,MECH,2017,27,6,14,1,1,Even,0,1
3526,2024-06-01,BK0046,Essentials of Mechanical,N. Gupta,Mechanical,MECH,2007,33,7,10,3,0,Even,0,1
3527,2024-06-01,BK0047,Mechanical: Theory and Practice,A. Iyer,Mechanical,MECH,1997,26,5,18,1,1,Even,0,1
3528,2024-06-01,BK0048,Understanding Mechanical,J. Iyer,Mechanical,MECH,2004,53,5,18,1,1,Even,0,1
3529,2024-06-01,BK0049,Introduction to Civil,D. Nair,Civil,CIVIL,2000,21,5,15,0,1,Even,0,1
3530,2024-06-01,BK0050,Fundamentals of Civil,V. Menon,Civil,CIVIL,2002,62,17,48,2,0,Even,0,1
3531,2024-06-01,BK0051,Civil: A Practical Approach,A. Bose,Civil,CIVIL,1997,59,12,13,1,0,Even,0,1
3532,2024-06-01,BK0052,Advanced Civil,R. Verma,Civil,CIVIL,1997,27,4,16,2,1,Even,0,1
3533,2024-06-01,BK0053,Principles of Civil,J. Verma,Civil,CIVIL,2015,30,8,26,2,0,Even,0,1
3534,2024-06-01,BK0054,Civil for Engineers,P. Nair,Civil,CIVIL,2003,63,8,28,3,0,Even,0,1
3535,2024-06-01,BK0055,Modern Civil,A. Nair,Civil,CIVIL,2018,42,3,6,1,0,Even,0,1
3536,2024-06-01,BK0056,Applied Civil,M. Singh,Civil,CIVIL,1999,55,15,46,1,0,Even,0,1
3537,2024-06-01,BK0057,Civil Concepts and Applications,K. Khan,Civil,CIVIL,2023,20,6,17,1,1,Even,0,1
3538,2024-06-01,BK0058,Essentials of Civil,R. Reddy,Civil,CIVIL,2007,19,21,61,1,5,Even,0,1
3539,2024-06-01,BK0059,Civil: Theory and Practice,N. Singh,Civil,CIVIL,2021,63,29,58,4,1,Even,0,1
3540,2024-06-01,BK0060,Understanding Civil,A. Kumar,Civil,CIVIL,1999,45,4,20,1,0,Even,0,1
3541,2024-06-01,BK0061,Introduction to Mathematics,M. Bose,Mathematics,SCIENCE,1995,65,9,18,1,0,Even,0,1
3542,2024-06-01,BK0062,Fundamentals of Mathematics,K. Sharma,Mathematics,SCIENCE,1996,68,14,33,1,0,Even,0,1
3543,2024-06-01,BK0063,Mathematics: A Practical Approach,P. Reddy,Mathematics,SCIENCE,2009,37,13,46,1,0,Even,0,1
3544,2024-06-01,BK0064,Advanced Mathematics,M. Nair,Mathematics,SCIENCE,2012,48,6,31,0,0,Even,0,1
3545,2024-06-01,BK0065,Principles of Mathematics,R. Khan,Mathematics,SCIENCE,2011,19,2,11,0,0,Even,0,1
3546,2024-06-01,BK0066,Mathematics for Engineers,K. Menon,Mathematics,SCIENCE,2015,16,2,8,0,0,Even,0,1
3547,2024-06-01,BK0067,Modern Mathematics,S. Gupta,Mathematics,SCIENCE,1997,41,23,58,1,0,Even,0,1
3548,2024-06-01,BK0068,Applied Mathematics,R. Menon,Mathematics,SCIENCE,2000,15,2,13,0,0,Even,0,1
3549,2024-06-01,BK0069,Mathematics Concepts and Applications,M. Gupta,Mathematics,SCIENCE,2016,61,5,18,1,0,Even,0,1
3550,2024-06-01,BK0070,Essentials of Mathematics,V. Khan,Mathematics,SCIENCE,2023,66,5,36,1,1,Even,0,1
3551,2024-06-01,BK0071,Mathematics: Theory and Practice,V. Bose,Mathematics,SCIENCE,1997,61,8,35,1,0,Even,0,1
3552,2024-06-01,BK0072,Understanding Mathematics,N. Khan,Mathematics,SCIENCE,2019,69,7,23,0,1,Even,0,1
3553,2024-06-01,BK0073,Introduction to Physics,M. Verma,Physics,SCIENCE,2007,32,8,14,2,1,Even,0,1
3554,2024-06-01,BK0074,Fundamentals of Physics,K. Bose,Physics,SCIENCE,2000,66,2,12,0,0,Even,0,1
3555,2024-06-01,BK0075,Physics: A Practical Approach,D. Kumar,Physics,SCIENCE,2010,18,6,18,0,0,Even,0,1
3556,2024-06-01,BK0076,Advanced Physics,V. Rao,Physics,SCIENCE,2000,16,5,10,0,1,Even,0,1
3557,2024-06-01,BK0077,Principles of Physics,K. Verma,Physics,SCIENCE,2007,58,5,22,0,0,Even,0,1
3558,2024-06-01,BK0078,Physics for Engineers,M. Bose,Physics,SCIENCE,1995,40,10,21,3,1,Even,0,1
3559,2024-06-01,BK0079,Modern Physics,P. Nair,Physics,SCIENCE,2004,58,6,27,0,0,Even,0,1
3560,2024-06-01,BK0080,Applied Physics,R. Singh,Physics,SCIENCE,2018,52,8,43,0,0,Even,0,1
3561,2024-06-01,BK0081,Physics Concepts and Applications,N. Reddy,Physics,SCIENCE,2006,49,13,31,3,0,Even,0,1
3562,2024-06-01,BK0082,Essentials of Physics,S. Sharma,Physics,SCIENCE,2008,44,6,26,3,1,Even,0,1
3563,2024-06-01,BK0083,Physics: Theory and Practice,S. Nair,Physics,SCIENCE,2002,53,4,18,2,0,Even,0,1
3564,2024-06-01,BK0084,Understanding Physics,V. Reddy,Physics,SCIENCE,2009,69,4,9,2,1,Even,0,1
3565,2024-06-01,BK0085,Introduction to Chemistry,R. Nair,Chemistry,SCIENCE,2009,61,7,25,0,0,Even,0,1
3566,2024-06-01,BK0086,Fundamentals of Chemistry,A. Iyer,Chemistry,SCIENCE,2021,69,9,25,1,0,Even,0,1
3567,2024-06-01,BK0087,Chemistry: A Practical Approach,A. Iyer,Chemistry,SCIENCE,2018,66,16,26,4,0,Even,0,1
3568,2024-06-01,BK0088,Advanced Chemistry,V. Singh,Chemistry,SCIENCE,2013,50,14,37,0,0,Even,0,1
3569,2024-06-01,BK0089,Principles of Chemistry,K. Menon,Chemistry,SCIENCE,2008,57,5,9,0,0,Even,0,1
3570,2024-06-01,BK0090,Chemistry for Engineers,D. Singh,Chemistry,SCIENCE,1998,62,1,11,0,1,Even,0,1
3571,2024-06-01,BK0091,Modern Chemistry,K. Nair,Chemistry,SCIENCE,2002,55,8,26,1,1,Even,0,1
3572,2024-06-01,BK0092,Applied Chemistry,P. Khan,Chemistry,SCIENCE,2019,15,28,50,3,10,Even,0,1
3573,2024-06-01,BK0093,Chemistry Concepts and Applications,P. Rao,Chemistry,SCIENCE,1997,66,10,34,0,1,Even,0,1
3574,2024-06-01,BK0094,Essentials of Chemistry,J. Menon,Chemistry,SCIENCE,2005,58,2,0,0,0,Even,0,1
3575,2024-06-01,BK0095,Chemistry: Theory and Practice,S. Bose,Chemistry,SCIENCE,2022,64,10,18,4,0,Even,0,1
3576,2024-06-01,BK0096,Understanding Chemistry,M. Sharma,Chemistry,SCIENCE,2023,54,0,5,0,1,Even,0,1
3577,2024-06-01,BK0097,Introduction to Business Management,A. Rao,Business Management,MBA,2007,43,12,26,1,1,Even,0,1
3578,2024-06-01,BK0098,Fundamentals of Business Management,V. Reddy,Business Management,MBA,2012,44,2,26,0,0,Even,0,1
3579,2024-06-01,BK0099,Business Management: A Practical Approach,P. Reddy,Business Management,MBA,2022,47,2,11,0,0,Even,0,1
3580,2024-06-01,BK0100,Advanced Business Management,N. Rao,Business Management,MBA,2018,37,4,14,0,0,Even,0,1
3581,2024-06-01,BK0101,Principles of Business Management,V. Bose,Business Management,MBA,2018,60,12,42,0,0,Even,0,1
3582,2024-06-01,BK0102,Business Management for Engineers,K. Iyer,Business Management,MBA,2001,47,4,8,1,0,Even,0,1
3583,2024-06-01,BK0103,Modern Business Management,N. Nair,Business Management,MBA,2017,69,2,5,0,2,Even,0,1
3584,2024-06-01,BK0104,Applied Business Management,K. Nair,Business Management,MBA,2020,36,16,44,0,0,Even,0,1
3585,2024-06-01,BK0105,Business Management Concepts and Applications,V. Sharma,Business Management,MBA,2002,16,3,15,1,0,Even,0,1
3586,2024-06-01,BK0106,Essentials of Business Management,J. Rao,Business Management,MBA,1996,37,13,42,3,0,Even,0,1
3587,2024-06-01,BK0107,Business Management: Theory and Practice,M. Khan,Business Management,MBA,2006,37,5,4,1,0,Even,0,1
3588,2024-06-01,BK0108,Understanding Business Management,M. Menon,Business Management,MBA,2007,67,21,61,3,1,Even,0,1
3589,2024-06-01,BK0109,Introduction to English Literature,N. Menon,English Literature,HUMANITIES,2013,67,5,11,2,1,Even,0,1
3590,2024-06-01,BK0110,Fundamentals of English Literature,K. Reddy,English Literature,HUMANITIES,2001,54,4,13,2,1,Even,0,1
3591,2024-06-01,BK0111,English Literature: A Practical Approach,S. Bose,English Literature,HUMANITIES,1997,66,20,50,1,1,Even,0,1
3592,2024-06-01,BK0112,Advanced English Literature,A. Khan,English Literature,HUMANITIES,2011,15,6,6,2,0,Even,0,1
3593,2024-06-01,BK0113,Principles of English Literature,J. Khan,English Literature,HUMANITIES,2006,33,6,11,0,0,Even,0,1
3594,2024-06-01,BK0114,English Literature for Engineers,M. Verma,English Literature,HUMANITIES,2006,30,24,64,1,2,Even,0,1
3595,2024-06-01,BK0115,Modern English Literature,V. Reddy,English Literature,HUMANITIES,2009,40,12,23,3,1,Even,0,1
3596,2024-06-01,BK0116,Applied English Literature,J. Menon,English Literature,HUMANITIES,2020,21,11,26,2,0,Even,0,1
3597,2024-06-01,BK0117,English Literature Concepts and Applications,M. Rao,English Literature,HUMANITIES,2012,56,9,21,0,0,Even,0,1
3598,2024-06-01,BK0118,Essentials of English Literature,N. Sharma,English Literature,HUMANITIES,2005,54,1,6,0,0,Even,0,1
3599,2024-06-01,BK0119,English Literature: Theory and Practice,D. Rao,English Literature,HUMANITIES,2007,56,7,24,1,2,Even,0,1
3600,2024-06-01,BK0120,Understanding English Literature,R. Rao,English Literature,HUMANITIES,1997,53,1,2,0,0,Even,0,1
